date,ticker,close
2020-01-01,AAPL,74.5398941040039
2020-02-01,AAPL,65.83380889892578
2020-03-01,AAPL,61.38650131225586
2020-04-01,AAPL,70.9243392944336
2020-05-01,AAPL,76.7518539428711
2020-06-01,AAPL,88.3023681640625
2020-07-01,AAPL,102.8838882446289
2020-08-01,AAPL,124.94011688232422
2020-09-01,AAPL,112.33264923095703
2020-10-01,AAPL,105.5913314819336
2020-11-01,AAPL,115.47535705566406
2020-12-01,AAPL,128.9278564453125
2021-01-01,AAPL,128.2185516357422
2021-02-01,AAPL,117.82192993164062
2021-03-01,AAPL,118.86407470703125
2021-04-01,AAPL,127.92357635498047
2021-05-01,AAPL,121.25787353515625
2021-06-01,AAPL,133.5020294189453
2021-07-01,AAPL,142.17733764648438
2021-08-01,AAPL,147.99656677246094
2021-09-01,AAPL,138.13404846191406
2021-10-01,AAPL,146.236572265625
2021-11-01,AAPL,161.36790466308594
2021-12-01,AAPL,173.59902954101562
2022-01-01,AAPL,170.87139892578125
2022-02-01,AAPL,161.42742919921875
2022-03-01,AAPL,170.92269897460938
2022-04-01,AAPL,154.32083129882812
2022-05-01,AAPL,145.6968994140625
2022-06-01,AAPL,134.0294647216797
2022-07-01,AAPL,159.3119659423828
2022-08-01,AAPL,154.1260528564453
2022-09-01,AAPL,135.6685028076172
2022-10-01,AAPL,150.53121948242188
2022-11-01,AAPL,145.31846618652344
2022-12-01,AAPL,127.76158142089844
2023-01-01,AAPL,141.8819122314453
2023-02-01,AAPL,144.94989013671875
2023-03-01,AAPL,162.3955535888672
2023-04-01,AAPL,167.10296630859375
2023-05-01,AAPL,174.55801391601562
2023-06-01,AAPL,191.2882843017578
2023-07-01,AAPL,193.73399353027344
2023-08-01,AAPL,185.2726287841797
2023-09-01,AAPL,169.07098388671875
2023-10-01,AAPL,168.63645935058594
2023-11-01,AAPL,187.5768280029297
2023-12-01,AAPL,190.3750762939453
2024-01-01,AAPL,182.33609008789062
2024-02-01,AAPL,178.7269287109375
2024-03-01,AAPL,169.77703857421875
2024-04-01,AAPL,168.6384735107422
2024-05-01,AAPL,190.34078979492188
2024-06-01,AAPL,208.81117248535156
2024-07-01,AAPL,220.17276000976562
2024-08-01,AAPL,227.03334045410156
2024-09-01,AAPL,231.26637268066406
2024-10-01,AAPL,224.22914123535156
2024-11-01,AAPL,235.56414794921875
2024-12-01,AAPL,248.8302001953125
2025-01-01,AAPL,234.50177001953125
2025-02-01,AAPL,240.30467224121094
2025-03-01,AAPL,220.96249389648438
2025-04-01,AAPL,211.3831024169922
2025-05-01,AAPL,199.79434204101562
2025-06-01,AAPL,204.3592529296875
2025-07-01,AAPL,206.74978637695312
2025-08-01,AAPL,231.22268676757812
2025-09-01,AAPL,253.9116668701172
2025-10-01,AAPL,269.60723876953125
2025-11-01,AAPL,278.0633239746094
2025-12-01,AAPL,271.3558349609375
2020-01-01,ABBV,62.15265655517578
2020-02-01,ABBV,66.63878631591797
2020-03-01,ABBV,59.237083435058594
2020-04-01,ABBV,63.90979766845703
2020-05-01,ABBV,73.12467956542969
2020-06-01,ABBV,77.47256469726562
2020-07-01,ABBV,74.89225006103516
2020-08-01,ABBV,76.49320983886719
2020-09-01,ABBV,69.9596939086914
2020-10-01,ABBV,67.97089385986328
2020-11-01,ABBV,84.66744232177734
2020-12-01,ABBV,86.74810028076172
2021-01-01,ABBV,82.96726989746094
2021-02-01,ABBV,88.24593353271484
2021-03-01,ABBV,88.63910675048828
2021-04-01,ABBV,91.32562255859375
2021-05-01,ABBV,93.84535217285156
2021-06-01,ABBV,93.3810806274414
2021-07-01,ABBV,96.41534423828125
2021-08-01,ABBV,101.24560546875
2021-09-01,ABBV,90.42362213134766
2021-10-01,ABBV,96.12382507324219
2021-11-01,ABBV,97.80674743652344
2021-12-01,ABBV,114.87705993652344
2022-01-01,ABBV,116.14122009277344
2022-02-01,ABBV,126.67308044433594
2022-03-01,ABBV,138.96580505371094
2022-04-01,ABBV,125.91014099121094
2022-05-01,ABBV,127.40383911132812
2022-06-01,ABBV,132.40943908691406
2022-07-01,ABBV,124.06684875488281
2022-08-01,ABBV,117.33027648925781
2022-09-01,ABBV,117.11212921142578
2022-10-01,ABBV,127.7491683959961
2022-11-01,ABBV,142.07737731933594
2022-12-01,ABBV,142.4564208984375
2023-01-01,ABBV,130.23907470703125
2023-02-01,ABBV,136.94976806640625
2023-03-01,ABBV,141.81732177734375
2023-04-01,ABBV,134.4759521484375
2023-05-01,ABBV,123.89473724365234
2023-06-01,ABBV,120.99404907226562
2023-07-01,ABBV,134.33006286621094
2023-08-01,ABBV,133.44029235839844
2023-09-01,ABBV,135.34710693359375
2023-10-01,ABBV,128.1920166015625
2023-11-01,ABBV,130.58486938476562
2023-12-01,ABBV,142.1219024658203
2024-01-01,ABBV,150.77005004882812
2024-02-01,ABBV,162.99676513671875
2024-03-01,ABBV,168.59820556640625
2024-04-01,ABBV,150.5810546875
2024-05-01,ABBV,150.67901611328125
2024-06-01,ABBV,160.28570556640625
2024-07-01,ABBV,173.18185424804688
2024-08-01,ABBV,185.13723754882812
2024-09-01,ABBV,186.2406463623047
2024-10-01,ABBV,192.26698303222656
2024-11-01,ABBV,173.89639282226562
2024-12-01,ABBV,168.92469787597656
2025-01-01,ABBV,174.81851196289062
2025-02-01,ABBV,200.5813751220703
2025-03-01,ABBV,201.05157470703125
2025-04-01,ABBV,187.2144012451172
2025-05-01,ABBV,180.23818969726562
2025-06-01,ABBV,179.7636260986328
2025-07-01,ABBV,183.05636596679688
2025-08-01,ABBV,205.521728515625
2025-09-01,ABBV,226.17156982421875
2025-10-01,ABBV,212.9845733642578
2025-11-01,ABBV,224.02406311035156
2025-12-01,ABBV,224.8013153076172
2020-01-01,ABT,77.4977035522461
2020-02-01,ABT,68.79739379882812
2020-03-01,ABT,70.47644805908203
2020-04-01,ABT,82.24783325195312
2020-05-01,ABT,85.13237762451172
2020-06-01,ABT,82.00224304199219
2020-07-01,ABT,90.26255798339844
2020-08-01,ABT,98.56322479248047
2020-09-01,ABT,97.98696899414062
2020-10-01,ABT,94.63763427734375
2020-11-01,ABT,97.76251983642578
2020-12-01,ABT,98.9098129272461
2021-01-01,ABT,111.64728546142578
2021-02-01,ABT,108.64137268066406
2021-03-01,ABT,108.69578552246094
2021-04-01,ABT,108.91349792480469
2021-05-01,ABT,106.19091796875
2021-06-01,ABT,105.53547668457031
2021-07-01,ABT,110.13268280029297
2021-08-01,ABT,115.47735595703125
2021-09-01,ABT,107.94762420654297
2021-10-01,ABT,117.7801513671875
2021-11-01,ABT,115.37281036376953
2021-12-01,ABT,129.1053009033203
2022-01-01,ABT,116.923095703125
2022-02-01,ABT,111.03884887695312
2022-03-01,ABT,108.95835876464844
2022-04-01,ABT,104.4843978881836
2022-05-01,ABT,108.56083679199219
2022-06-01,ABT,100.41830444335938
2022-07-01,ABT,100.59391021728516
2022-08-01,ABT,95.2945785522461
2022-09-01,ABT,89.8266372680664
2022-10-01,ABT,91.85042572021484
2022-11-01,ABT,100.34255981445312
2022-12-01,ABT,102.40387725830078
2023-01-01,ABT,103.11274719238281
2023-02-01,ABT,95.30635833740234
2023-03-01,ABT,94.8753662109375
2023-04-01,ABT,103.50465393066406
2023-05-01,ABT,96.04629516601562
2023-06-01,ABT,102.65654754638672
2023-07-01,ABT,104.83174133300781
2023-08-01,ABT,97.35848999023438
2023-09-01,ABT,91.6343002319336
2023-10-01,ABT,89.45814514160156
2023-11-01,ABT,99.2198486328125
2023-12-01,ABT,104.71883392333984
2024-01-01,ABT,107.64911651611328
2024-02-01,ABT,113.41749572753906
2024-03-01,ABT,108.65670776367188
2024-04-01,ABT,101.30522155761719
2024-05-01,ABT,98.17610931396484
2024-06-01,ABT,99.82854461669922
2024-07-01,ABT,101.77881622314453
2024-08-01,ABT,109.3982162475586
2024-09-01,ABT,110.11293029785156
2024-10-01,ABT,109.49480438232422
2024-11-01,ABT,115.2508316040039
2024-12-01,ABT,109.75855255126953
2025-01-01,ABT,124.1394271850586
2025-02-01,ABT,134.62351989746094
2025-03-01,ABT,129.3950653076172
2025-04-01,ABT,127.54167938232422
2025-05-01,ABT,130.9058380126953
2025-06-01,ABT,133.28717041015625
2025-07-01,ABT,123.66376495361328
2025-08-01,ABT,130.58779907226562
2025-09-01,ABT,131.84780883789062
2025-10-01,ABT,121.68901062011719
2025-11-01,ABT,127.45075225830078
2025-12-01,ABT,123.88135528564453
2020-01-01,ACN,186.4087677001953
2020-02-01,ACN,164.6786346435547
2020-03-01,ACN,148.87551879882812
2020-04-01,ACN,168.8733367919922
2020-05-01,ACN,184.6853485107422
2020-06-01,ACN,196.68499755859375
2020-07-01,ACN,205.90005493164062
2020-08-01,ACN,220.58273315429688
2020-09-01,ACN,207.7667999267578
2020-10-01,ACN,199.41900634765625
2020-11-01,ACN,229.9008331298828
2020-12-01,ACN,241.08709716796875
2021-01-01,ACN,223.283203125
2021-02-01,ACN,232.36270141601562
2021-03-01,ACN,255.83982849121094
2021-04-01,ACN,268.54608154296875
2021-05-01,ACN,262.1218566894531
2021-06-01,ACN,273.8549499511719
2021-07-01,ACN,295.1192932128906
2021-08-01,ACN,313.5411071777344
2021-09-01,ACN,298.0392150878906
2021-10-01,ACN,334.250732421875
2021-11-01,ACN,333.94427490234375
2021-12-01,ACN,387.34356689453125
2022-01-01,ACN,330.3749694824219
2022-02-01,ACN,296.0454406738281
2022-03-01,ACN,315.9149169921875
2022-04-01,ACN,281.3753662109375
2022-05-01,ACN,280.42791748046875
2022-06-01,ACN,260.8752746582031
2022-07-01,ACN,287.7566833496094
2022-08-01,ACN,271.9962463378906
2022-09-01,ACN,242.61465454101562
2022-10-01,ACN,267.6964416503906
2022-11-01,ACN,285.0163269042969
2022-12-01,ACN,252.7290496826172
2023-01-01,ACN,264.2933349609375
2023-02-01,ACN,252.53602600097656
2023-03-01,ACN,271.8031005859375
2023-04-01,ACN,266.55364990234375
2023-05-01,ACN,292.070068359375
2023-06-01,ACN,294.609619140625
2023-07-01,ACN,302.02789306640625
2023-08-01,ACN,310.2337951660156
2023-09-01,ACN,294.27032470703125
2023-10-01,ACN,284.66925048828125
2023-11-01,ACN,320.53594970703125
2023-12-01,ACN,337.6336669921875
2024-01-01,ACN,350.1129455566406
2024-02-01,ACN,361.9173278808594
2024-03-01,ACN,334.714111328125
2024-04-01,ACN,290.58258056640625
2024-05-01,ACN,273.6571960449219
2024-06-01,ACN,294.1312255859375
2024-07-01,ACN,320.5091552734375
2024-08-01,ACN,332.94647216796875
2024-09-01,ACN,344.1728820800781
2024-10-01,ACN,335.74090576171875
2024-11-01,ACN,354.2649230957031
2024-12-01,ACN,343.92156982421875
2025-01-01,ACN,376.33990478515625
2025-02-01,ACN,342.1531066894531
2025-03-01,ACN,306.3570861816406
2025-04-01,ACN,293.70184326171875
2025-05-01,ACN,312.59246826171875
2025-06-01,ACN,294.9017333984375
2025-07-01,ACN,263.5359191894531
2025-08-01,ACN,257.7839050292969
2025-09-01,ACN,244.52633666992188
2025-10-01,ACN,247.9969024658203
2025-11-01,ACN,247.8977508544922
2025-12-01,ACN,266.0438537597656
2020-01-01,ADBE,351.1400146484375
2020-02-01,ADBE,345.1199951171875
2020-03-01,ADBE,318.239990234375
2020-04-01,ADBE,353.6400146484375
2020-05-01,ADBE,386.6000061035156
2020-06-01,ADBE,435.30999755859375
2020-07-01,ADBE,444.32000732421875
2020-08-01,ADBE,513.3900146484375
2020-09-01,ADBE,490.42999267578125
2020-10-01,ADBE,447.1000061035156
2020-11-01,ADBE,478.4700012207031
2020-12-01,ADBE,500.1199951171875
2021-01-01,ADBE,458.7699890136719
2021-02-01,ADBE,459.6700134277344
2021-03-01,ADBE,475.3699951171875
2021-04-01,ADBE,508.3399963378906
2021-05-01,ADBE,504.5799865722656
2021-06-01,ADBE,585.6400146484375
2021-07-01,ADBE,621.6300048828125
2021-08-01,ADBE,663.7000122070312
2021-09-01,ADBE,575.719970703125
2021-10-01,ADBE,650.3599853515625
2021-11-01,ADBE,669.8499755859375
2021-12-01,ADBE,567.0599975585938
2022-01-01,ADBE,534.2999877929688
2022-02-01,ADBE,467.67999267578125
2022-03-01,ADBE,455.6199951171875
2022-04-01,ADBE,395.95001220703125
2022-05-01,ADBE,416.4800109863281
2022-06-01,ADBE,366.05999755859375
2022-07-01,ADBE,410.1199951171875
2022-08-01,ADBE,373.44000244140625
2022-09-01,ADBE,275.20001220703125
2022-10-01,ADBE,318.5
2022-11-01,ADBE,344.92999267578125
2022-12-01,ADBE,336.5299987792969
2023-01-01,ADBE,370.3399963378906
2023-02-01,ADBE,323.95001220703125
2023-03-01,ADBE,385.3699951171875
2023-04-01,ADBE,377.55999755859375
2023-05-01,ADBE,417.7900085449219
2023-06-01,ADBE,488.989990234375
2023-07-01,ADBE,546.1699829101562
2023-08-01,ADBE,559.3400268554688
2023-09-01,ADBE,509.8999938964844
2023-10-01,ADBE,532.0599975585938
2023-11-01,ADBE,611.010009765625
2023-12-01,ADBE,596.5999755859375
2024-01-01,ADBE,617.780029296875
2024-02-01,ADBE,560.280029296875
2024-03-01,ADBE,504.6000061035156
2024-04-01,ADBE,462.8299865722656
2024-05-01,ADBE,444.760009765625
2024-06-01,ADBE,555.5399780273438
2024-07-01,ADBE,551.6500244140625
2024-08-01,ADBE,574.4099731445312
2024-09-01,ADBE,517.780029296875
2024-10-01,ADBE,478.0799865722656
2024-11-01,ADBE,515.9299926757812
2024-12-01,ADBE,444.67999267578125
2025-01-01,ADBE,437.45001220703125
2025-02-01,ADBE,438.55999755859375
2025-03-01,ADBE,383.5299987792969
2025-04-01,ADBE,374.9800109863281
2025-05-01,ADBE,415.0899963378906
2025-06-01,ADBE,386.8800048828125
2025-07-01,ADBE,357.69000244140625
2025-08-01,ADBE,356.70001220703125
2025-09-01,ADBE,352.75
2025-10-01,ADBE,340.30999755859375
2025-11-01,ADBE,320.1300048828125
2025-12-01,ADBE,349.989990234375
2020-01-01,AMAT,54.72639083862305
2020-02-01,AMAT,54.84907913208008
2020-03-01,AMAT,43.377559661865234
2020-04-01,AMAT,47.03181838989258
2020-05-01,AMAT,53.18532180786133
2020-06-01,AMAT,57.45560073852539
2020-07-01,AMAT,61.143394470214844
2020-08-01,AMAT,58.54863357543945
2020-09-01,AMAT,56.692867279052734
2020-10-01,AMAT,56.483089447021484
2020-11-01,AMAT,78.65483093261719
2020-12-01,AMAT,82.54183197021484
2021-01-01,AMAT,92.46980285644531
2021-02-01,AMAT,113.04308319091797
2021-03-01,AMAT,128.02455139160156
2021-04-01,AMAT,127.17168426513672
2021-05-01,AMAT,132.36549377441406
2021-06-01,AMAT,136.6959228515625
2021-07-01,AMAT,134.32484436035156
2021-08-01,AMAT,129.71710205078125
2021-09-01,AMAT,123.79953002929688
2021-10-01,AMAT,131.41616821289062
2021-11-01,AMAT,141.55252075195312
2021-12-01,AMAT,151.57723999023438
2022-01-01,AMAT,133.10206604003906
2022-02-01,AMAT,129.26832580566406
2022-03-01,AMAT,127.18548583984375
2022-04-01,AMAT,106.48644256591797
2022-05-01,AMAT,113.1834716796875
2022-06-01,AMAT,88.0093002319336
2022-07-01,AMAT,102.51952362060547
2022-08-01,AMAT,90.99840545654297
2022-09-01,AMAT,79.4574966430664
2022-10-01,AMAT,85.62555694580078
2022-11-01,AMAT,106.29243469238281
2022-12-01,AMAT,94.67118072509766
2023-01-01,AMAT,108.38867950439453
2023-02-01,AMAT,112.91905975341797
2023-03-01,AMAT,119.69290924072266
2023-04-01,AMAT,110.1431884765625
2023-05-01,AMAT,129.89549255371094
2023-06-01,AMAT,141.21141052246094
2023-07-01,AMAT,148.09906005859375
2023-08-01,AMAT,149.24208068847656
2023-09-01,AMAT,135.5550537109375
2023-10-01,AMAT,129.58261108398438
2023-11-01,AMAT,146.6481475830078
2023-12-01,AMAT,159.02210998535156
2024-01-01,AMAT,161.2101593017578
2024-02-01,AMAT,197.8283233642578
2024-03-01,AMAT,202.69454956054688
2024-04-01,AMAT,195.24449157714844
2024-05-01,AMAT,211.39283752441406
2024-06-01,AMAT,232.3672637939453
2024-07-01,AMAT,208.94244384765625
2024-08-01,AMAT,194.23179626464844
2024-09-01,AMAT,199.3295440673828
2024-10-01,AMAT,179.13516235351562
2024-11-01,AMAT,172.357666015625
2024-12-01,AMAT,160.81761169433594
2025-01-01,AMAT,178.34014892578125
2025-02-01,AMAT,156.30845642089844
2025-03-01,AMAT,143.83328247070312
2025-04-01,AMAT,149.37371826171875
2025-05-01,AMAT,155.36016845703125
2025-06-01,AMAT,181.96275329589844
2025-07-01,AMAT,178.970947265625
2025-08-01,AMAT,159.7876739501953
2025-09-01,AMAT,204.08493041992188
2025-10-01,AMAT,232.3542022705078
2025-11-01,AMAT,251.4429168701172
2025-12-01,AMAT,256.6698913574219
2020-01-01,AMD,47.0
2020-02-01,AMD,45.47999954223633
2020-03-01,AMD,45.47999954223633
2020-04-01,AMD,52.38999938964844
2020-05-01,AMD,53.79999923706055
2020-06-01,AMD,52.61000061035156
2020-07-01,AMD,77.43000030517578
2020-08-01,AMD,90.81999969482422
2020-09-01,AMD,81.98999786376953
2020-10-01,AMD,75.29000091552734
2020-11-01,AMD,92.66000366210938
2020-12-01,AMD,91.70999908447266
2021-01-01,AMD,85.63999938964844
2021-02-01,AMD,84.51000213623047
2021-03-01,AMD,78.5
2021-04-01,AMD,81.62000274658203
2021-05-01,AMD,80.08000183105469
2021-06-01,AMD,93.93000030517578
2021-07-01,AMD,106.19000244140625
2021-08-01,AMD,110.72000122070312
2021-09-01,AMD,102.9000015258789
2021-10-01,AMD,120.2300033569336
2021-11-01,AMD,158.3699951171875
2021-12-01,AMD,143.89999389648438
2022-01-01,AMD,114.25
2022-02-01,AMD,123.33999633789062
2022-03-01,AMD,109.33999633789062
2022-04-01,AMD,85.5199966430664
2022-05-01,AMD,101.86000061035156
2022-06-01,AMD,76.47000122070312
2022-07-01,AMD,94.47000122070312
2022-08-01,AMD,84.87000274658203
2022-09-01,AMD,63.36000061035156
2022-10-01,AMD,60.060001373291016
2022-11-01,AMD,77.62999725341797
2022-12-01,AMD,64.7699966430664
2023-01-01,AMD,75.1500015258789
2023-02-01,AMD,78.58000183105469
2023-03-01,AMD,98.01000213623047
2023-04-01,AMD,89.37000274658203
2023-05-01,AMD,118.20999908447266
2023-06-01,AMD,113.91000366210938
2023-07-01,AMD,114.4000015258789
2023-08-01,AMD,105.72000122070312
2023-09-01,AMD,102.81999969482422
2023-10-01,AMD,98.5
2023-11-01,AMD,121.16000366210938
2023-12-01,AMD,147.41000366210938
2024-01-01,AMD,167.69000244140625
2024-02-01,AMD,192.52999877929688
2024-03-01,AMD,180.49000549316406
2024-04-01,AMD,158.3800048828125
2024-05-01,AMD,166.89999389648438
2024-06-01,AMD,162.2100067138672
2024-07-01,AMD,144.47999572753906
2024-08-01,AMD,148.55999755859375
2024-09-01,AMD,164.0800018310547
2024-10-01,AMD,144.07000732421875
2024-11-01,AMD,137.17999267578125
2024-12-01,AMD,120.79000091552734
2025-01-01,AMD,115.94999694824219
2025-02-01,AMD,99.86000061035156
2025-03-01,AMD,102.73999786376953
2025-04-01,AMD,97.3499984741211
2025-05-01,AMD,110.7300033569336
2025-06-01,AMD,141.89999389648438
2025-07-01,AMD,176.30999755859375
2025-08-01,AMD,162.6300048828125
2025-09-01,AMD,161.7899932861328
2025-10-01,AMD,256.1199951171875
2025-11-01,AMD,217.52999877929688
2025-12-01,AMD,214.16000366210938
2020-01-01,AMGN,177.04051208496094
2020-02-01,AMGN,163.66720581054688
2020-03-01,AMGN,167.30474853515625
2020-04-01,AMGN,197.41847229003906
2020-05-01,AMGN,189.56204223632812
2020-06-01,AMGN,195.9630889892578
2020-07-01,AMGN,203.28285217285156
2020-08-01,AMGN,210.46966552734375
2020-09-01,AMGN,212.58204650878906
2020-10-01,AMGN,181.45086669921875
2020-11-01,AMGN,185.716552734375
2020-12-01,AMGN,193.6138153076172
2021-01-01,AMGN,203.30628967285156
2021-02-01,AMGN,189.40335083007812
2021-03-01,AMGN,211.07884216308594
2021-04-01,AMGN,203.2994384765625
2021-05-01,AMGN,201.8572235107422
2021-06-01,AMGN,208.24014282226562
2021-07-01,AMGN,206.3520965576172
2021-08-01,AMGN,192.67445373535156
2021-09-01,AMGN,183.0736846923828
2021-10-01,AMGN,178.18373107910156
2021-11-01,AMGN,171.2189178466797
2021-12-01,AMGN,195.3062744140625
2022-01-01,AMGN,197.19012451171875
2022-02-01,AMGN,196.61712646484375
2022-03-01,AMGN,211.7345428466797
2022-04-01,AMGN,204.1781768798828
2022-05-01,AMGN,224.79827880859375
2022-06-01,AMGN,214.741943359375
2022-07-01,AMGN,218.42251586914062
2022-08-01,AMGN,212.0940704345703
2022-09-01,AMGN,200.4793701171875
2022-10-01,AMGN,240.45962524414062
2022-11-01,AMGN,254.73507690429688
2022-12-01,AMGN,235.21104431152344
2023-01-01,AMGN,226.0404815673828
2023-02-01,AMGN,207.46646118164062
2023-03-01,AMGN,218.41200256347656
2023-04-01,AMGN,216.59603881835938
2023-05-01,AMGN,199.34893798828125
2023-06-01,AMGN,202.47927856445312
2023-07-01,AMGN,213.54165649414062
2023-08-01,AMGN,233.77862548828125
2023-09-01,AMGN,247.09144592285156
2023-10-01,AMGN,235.08438110351562
2023-11-01,AMGN,247.90049743652344
2023-12-01,AMGN,266.880615234375
2024-01-01,AMGN,291.1947326660156
2024-02-01,AMGN,253.73207092285156
2024-03-01,AMGN,265.51171875
2024-04-01,AMGN,255.818359375
2024-05-01,AMGN,285.61749267578125
2024-06-01,AMGN,293.85321044921875
2024-07-01,AMGN,312.6816711425781
2024-08-01,AMGN,313.960693359375
2024-09-01,AMGN,305.1423034667969
2024-10-01,AMGN,303.200927734375
2024-11-01,AMGN,267.88616943359375
2024-12-01,AMGN,248.8076171875
2025-01-01,AMGN,272.46270751953125
2025-02-01,AMGN,294.07489013671875
2025-03-01,AMGN,299.80914306640625
2025-04-01,AMGN,279.9566345214844
2025-05-01,AMGN,277.3199157714844
2025-06-01,AMGN,271.0624084472656
2025-07-01,AMGN,286.4887390136719
2025-08-01,AMGN,279.3143615722656
2025-09-01,AMGN,276.18768310546875
2025-10-01,AMGN,292.0718994140625
2025-11-01,AMGN,338.0998840332031
2025-12-01,AMGN,322.621337890625
2020-01-01,AMT,194.4410400390625
2020-02-01,AMT,190.29615783691406
2020-03-01,AMT,182.70278930664062
2020-04-01,AMT,199.6934814453125
2020-05-01,AMT,217.5220184326172
2020-06-01,AMT,217.8337860107422
2020-07-01,AMT,221.15667724609375
2020-08-01,AMT,210.80064392089844
2020-09-01,AMT,204.5227508544922
2020-10-01,AMT,195.24449157714844
2020-11-01,AMT,196.5623016357422
2020-12-01,AMT,190.8320770263672
2021-01-01,AMT,194.37945556640625
2021-02-01,AMT,184.77847290039062
2021-03-01,AMT,204.38226318359375
2021-04-01,AMT,217.8134002685547
2021-05-01,AMT,219.53573608398438
2021-06-01,AMT,232.1513671875
2021-07-01,AMT,244.194580078125
2021-08-01,AMT,252.28549194335938
2021-09-01,AMT,229.1785125732422
2021-10-01,AMT,244.613525390625
2021-11-01,AMT,227.70565795898438
2021-12-01,AMT,253.74847412109375
2022-01-01,AMT,219.26397705078125
2022-02-01,AMT,197.79090881347656
2022-03-01,AMT,219.01983642578125
2022-04-01,AMT,210.12725830078125
2022-05-01,AMT,224.49411010742188
2022-06-01,AMT,224.02081298828125
2022-07-01,AMT,238.79296875
2022-08-01,AMT,223.99794006347656
2022-09-01,AMT,189.30270385742188
2022-10-01,AMT,182.68109130859375
2022-11-01,AMT,196.5003204345703
2022-12-01,AMT,188.16073608398438
2023-01-01,AMT,199.86854553222656
2023-02-01,AMT,177.16090393066406
2023-03-01,AMT,182.8243865966797
2023-04-01,AMT,182.86912536621094
2023-05-01,AMT,166.24737548828125
2023-06-01,AMT,174.81028747558594
2023-07-01,AMT,172.945068359375
2023-08-01,AMT,164.77536010742188
2023-09-01,AMT,149.4446563720703
2023-10-01,AMT,161.93093872070312
2023-11-01,AMT,191.64598083496094
2023-12-01,AMT,198.16329956054688
2024-01-01,AMT,181.0166015625
2024-02-01,AMT,183.9864959716797
2024-03-01,AMT,182.81149291992188
2024-04-01,AMT,158.72837829589844
2024-05-01,AMT,182.72669982910156
2024-06-01,AMT,181.45712280273438
2024-07-01,AMT,207.45510864257812
2024-08-01,AMT,210.90016174316406
2024-09-01,AMT,218.90090942382812
2024-10-01,AMT,200.99803161621094
2024-11-01,AMT,198.15597534179688
2024-12-01,AMT,173.89373779296875
2025-01-01,AMT,176.9115753173828
2025-02-01,AMT,196.68321228027344
2025-03-01,AMT,208.14251708984375
2025-04-01,AMT,215.6130828857422
2025-05-01,AMT,207.01004028320312
2025-06-01,AMT,213.15333557128906
2025-07-01,AMT,202.55459594726562
2025-08-01,AMT,198.1417236328125
2025-09-01,AMT,186.93458557128906
2025-10-01,AMT,175.50169372558594
2025-11-01,AMT,177.7471923828125
2025-12-01,AMT,172.157958984375
2020-01-01,AMZN,100.43599700927734
2020-02-01,AMZN,94.1875
2020-03-01,AMZN,97.48600006103516
2020-04-01,AMZN,123.69999694824219
2020-05-01,AMZN,122.11849975585938
2020-06-01,AMZN,137.9409942626953
2020-07-01,AMZN,158.23399353027344
2020-08-01,AMZN,172.54800415039062
2020-09-01,AMZN,157.43649291992188
2020-10-01,AMZN,151.8074951171875
2020-11-01,AMZN,158.40199279785156
2020-12-01,AMZN,162.84649658203125
2021-01-01,AMZN,160.30999755859375
2021-02-01,AMZN,154.64649963378906
2021-03-01,AMZN,154.70399475097656
2021-04-01,AMZN,173.37100219726562
2021-05-01,AMZN,161.15350341796875
2021-06-01,AMZN,172.00799560546875
2021-07-01,AMZN,166.37950134277344
2021-08-01,AMZN,173.5395050048828
2021-09-01,AMZN,164.2519989013672
2021-10-01,AMZN,168.6215057373047
2021-11-01,AMZN,175.35350036621094
2021-12-01,AMZN,166.7169952392578
2022-01-01,AMZN,149.57350158691406
2022-02-01,AMZN,153.56300354003906
2022-03-01,AMZN,162.99749755859375
2022-04-01,AMZN,124.28150177001953
2022-05-01,AMZN,120.20950317382812
2022-06-01,AMZN,106.20999908447266
2022-07-01,AMZN,134.9499969482422
2022-08-01,AMZN,126.7699966430664
2022-09-01,AMZN,113.0
2022-10-01,AMZN,102.44000244140625
2022-11-01,AMZN,96.54000091552734
2022-12-01,AMZN,84.0
2023-01-01,AMZN,103.12999725341797
2023-02-01,AMZN,94.2300033569336
2023-03-01,AMZN,103.29000091552734
2023-04-01,AMZN,105.44999694824219
2023-05-01,AMZN,120.58000183105469
2023-06-01,AMZN,130.36000061035156
2023-07-01,AMZN,133.67999267578125
2023-08-01,AMZN,138.00999450683594
2023-09-01,AMZN,127.12000274658203
2023-10-01,AMZN,133.08999633789062
2023-11-01,AMZN,146.08999633789062
2023-12-01,AMZN,151.94000244140625
2024-01-01,AMZN,155.1999969482422
2024-02-01,AMZN,176.75999450683594
2024-03-01,AMZN,180.3800048828125
2024-04-01,AMZN,175.0
2024-05-01,AMZN,176.44000244140625
2024-06-01,AMZN,193.25
2024-07-01,AMZN,186.97999572753906
2024-08-01,AMZN,178.5
2024-09-01,AMZN,186.3300018310547
2024-10-01,AMZN,186.39999389648438
2024-11-01,AMZN,207.88999938964844
2024-12-01,AMZN,219.38999938964844
2025-01-01,AMZN,237.67999267578125
2025-02-01,AMZN,212.27999877929688
2025-03-01,AMZN,190.25999450683594
2025-04-01,AMZN,184.4199981689453
2025-05-01,AMZN,205.00999450683594
2025-06-01,AMZN,219.38999938964844
2025-07-01,AMZN,234.11000061035156
2025-08-01,AMZN,229.0
2025-09-01,AMZN,219.57000732421875
2025-10-01,AMZN,244.22000122070312
2025-11-01,AMZN,233.22000122070312
2025-12-01,AMZN,230.82000732421875
2020-01-01,AVGO,26.198280334472656
2020-02-01,AVGO,23.404691696166992
2020-03-01,AVGO,20.355268478393555
2020-04-01,AVGO,23.7152099609375
2020-05-01,AVGO,25.43085479736328
2020-06-01,AVGO,27.55599021911621
2020-07-01,AVGO,27.940439224243164
2020-08-01,AVGO,30.622020721435547
2020-09-01,AVGO,32.13658142089844
2020-10-01,AVGO,31.121957778930664
2020-11-01,AVGO,35.74623107910156
2020-12-01,AVGO,38.974761962890625
2021-01-01,AVGO,40.44247817993164
2021-02-01,AVGO,42.181373596191406
2021-03-01,AVGO,41.62388610839844
2021-04-01,AVGO,41.27431106567383
2021-05-01,AVGO,42.733665466308594
2021-06-01,AVGO,43.141700744628906
2021-07-01,AVGO,44.259925842285156
2021-08-01,AVGO,45.33678436279297
2021-09-01,AVGO,44.21706771850586
2021-10-01,AVGO,48.834224700927734
2021-11-01,AVGO,50.85584259033203
2021-12-01,AVGO,61.118309020996094
2022-01-01,AVGO,54.15768814086914
2022-02-01,AVGO,54.30188751220703
2022-03-01,AVGO,58.206478118896484
2022-04-01,AVGO,51.59333801269531
2022-05-01,AVGO,53.98879623413086
2022-06-01,AVGO,45.2110710144043
2022-07-01,AVGO,50.24665451049805
2022-08-01,AVGO,46.833885192871094
2022-09-01,AVGO,41.66358947753906
2022-10-01,AVGO,44.483516693115234
2022-11-01,AVGO,52.13935470581055
2022-12-01,AVGO,52.905784606933594
2023-01-01,AVGO,55.81645965576172
2023-02-01,AVGO,56.70186996459961
2023-03-01,AVGO,61.21004867553711
2023-04-01,AVGO,60.205299377441406
2023-05-01,AVGO,77.64322662353516
2023-06-01,AVGO,83.35814666748047
2023-07-01,AVGO,86.8183822631836
2023-08-01,AVGO,89.16024017333984
2023-09-01,AVGO,80.24217987060547
2023-10-01,AVGO,81.727294921875
2023-11-01,AVGO,89.92170715332031
2023-12-01,AVGO,108.42803955078125
2024-01-01,AVGO,115.14749908447266
2024-02-01,AVGO,126.90522003173828
2024-03-01,AVGO,129.33697509765625
2024-04-01,AVGO,127.42413330078125
2024-05-01,AVGO,130.1955108642578
2024-06-01,AVGO,157.33905029296875
2024-07-01,AVGO,157.96351623535156
2024-08-01,AVGO,160.06735229492188
2024-09-01,AVGO,169.58367919921875
2024-10-01,AVGO,167.44879150390625
2024-11-01,AVGO,159.8639373779297
2024-12-01,AVGO,228.67010498046875
2025-01-01,AVGO,218.82940673828125
2025-02-01,AVGO,197.23028564453125
2025-03-01,AVGO,165.58323669433594
2025-04-01,AVGO,190.9230499267578
2025-05-01,AVGO,240.12437438964844
2025-06-01,AVGO,273.4344482421875
2025-07-01,AVGO,292.025146484375
2025-08-01,AVGO,295.6941223144531
2025-09-01,AVGO,328.0286560058594
2025-10-01,AVGO,368.1518249511719
2025-11-01,AVGO,401.3485412597656
2025-12-01,AVGO,344.7159423828125
2020-01-01,AXP,119.3055419921875
2020-02-01,AXP,101.33763122558594
2020-03-01,AXP,78.91854095458984
2020-04-01,AXP,84.1176986694336
2020-05-01,AXP,88.1259536743164
2020-06-01,AXP,88.24644470214844
2020-07-01,AXP,86.50377655029297
2020-08-01,AXP,94.59697723388672
2020-09-01,AXP,93.3492431640625
2020-10-01,AXP,84.95941925048828
2020-11-01,AXP,110.88798522949219
2020-12-01,AXP,113.05730438232422
2021-01-01,AXP,108.7093276977539
2021-02-01,AXP,126.91883087158203
2021-03-01,AXP,132.7177276611328
2021-04-01,AXP,144.32579040527344
2021-05-01,AXP,150.70677185058594
2021-06-01,AXP,155.50662231445312
2021-07-01,AXP,160.49476623535156
2021-08-01,AXP,156.60125732421875
2021-09-01,AXP,158.0826873779297
2021-10-01,AXP,163.98025512695312
2021-11-01,AXP,144.06883239746094
2021-12-01,AXP,154.75807189941406
2022-01-01,AXP,170.10145568847656
2022-02-01,AXP,184.48776245117188
2022-03-01,AXP,177.33740234375
2022-04-01,AXP,165.6824188232422
2022-05-01,AXP,160.5512237548828
2022-06-01,AXP,131.83041381835938
2022-07-01,AXP,147.02430725097656
2022-08-01,AXP,145.0960235595703
2022-09-01,AXP,128.78228759765625
2022-10-01,AXP,141.70729064941406
2022-11-01,AXP,151.0063934326172
2022-12-01,AXP,141.57748413085938
2023-01-01,AXP,167.6219940185547
2023-02-01,AXP,167.29916381835938
2023-03-01,AXP,158.60679626464844
2023-04-01,AXP,155.13563537597656
2023-05-01,AXP,153.0272979736328
2023-06-01,AXP,168.12161254882812
2023-07-01,AXP,162.98721313476562
2023-08-01,AXP,153.00010681152344
2023-09-01,AXP,144.47802734375
2023-10-01,AXP,141.41783142089844
2023-11-01,AXP,166.05593872070312
2023-12-01,AXP,182.1685028076172
2024-01-01,AXP,195.19862365722656
2024-02-01,AXP,214.05227661132812
2024-03-01,AXP,222.1199493408203
2024-04-01,AXP,228.30487060546875
2024-05-01,AXP,234.85418701171875
2024-06-01,AXP,226.58538818359375
2024-07-01,AXP,247.6146240234375
2024-08-01,AXP,253.85824584960938
2024-09-01,AXP,266.1757507324219
2024-10-01,AXP,265.0764465332031
2024-11-01,AXP,299.8168640136719
2024-12-01,AXP,292.0528259277344
2025-01-01,AXP,312.383056640625
2025-02-01,AXP,296.8525390625
2025-03-01,AXP,265.3780212402344
2025-04-01,AXP,262.7740783691406
2025-05-01,AXP,290.9997253417969
2025-06-01,AXP,315.6711120605469
2025-07-01,AXP,296.2051696777344
2025-08-01,AXP,328.6712341308594
2025-09-01,AXP,329.5443115234375
2025-10-01,AXP,357.88934326171875
2025-11-01,AXP,363.3117980957031
2025-12-01,AXP,367.96673583984375
2020-01-01,BA,316.3875732421875
2020-02-01,BA,273.48284912109375
2020-03-01,BA,149.13999938964844
2020-04-01,BA,141.02000427246094
2020-05-01,BA,145.85000610351562
2020-06-01,BA,183.3000030517578
2020-07-01,BA,158.0
2020-08-01,BA,171.82000732421875
2020-09-01,BA,165.25999450683594
2020-10-01,BA,144.38999938964844
2020-11-01,BA,210.7100067138672
2020-12-01,BA,214.05999755859375
2021-01-01,BA,194.19000244140625
2021-02-01,BA,212.00999450683594
2021-03-01,BA,254.72000122070312
2021-04-01,BA,234.30999755859375
2021-05-01,BA,247.02000427246094
2021-06-01,BA,239.55999755859375
2021-07-01,BA,226.47999572753906
2021-08-01,BA,219.5
2021-09-01,BA,219.94000244140625
2021-10-01,BA,207.02999877929688
2021-11-01,BA,197.85000610351562
2021-12-01,BA,201.32000732421875
2022-01-01,BA,200.24000549316406
2022-02-01,BA,205.33999633789062
2022-03-01,BA,191.5
2022-04-01,BA,148.83999633789062
2022-05-01,BA,131.39999389648438
2022-06-01,BA,136.72000122070312
2022-07-01,BA,159.30999755859375
2022-08-01,BA,160.25
2022-09-01,BA,121.08000183105469
2022-10-01,BA,142.50999450683594
2022-11-01,BA,178.8800048828125
2022-12-01,BA,190.49000549316406
2023-01-01,BA,213.0
2023-02-01,BA,201.5500030517578
2023-03-01,BA,212.42999267578125
2023-04-01,BA,206.77999877929688
2023-05-01,BA,205.6999969482422
2023-06-01,BA,211.16000366210938
2023-07-01,BA,238.85000610351562
2023-08-01,BA,224.02999877929688
2023-09-01,BA,191.67999267578125
2023-10-01,BA,186.82000732421875
2023-11-01,BA,231.6300048828125
2023-12-01,BA,260.6600036621094
2024-01-01,BA,211.0399932861328
2024-02-01,BA,203.72000122070312
2024-03-01,BA,192.99000549316406
2024-04-01,BA,167.83999633789062
2024-05-01,BA,177.61000061035156
2024-06-01,BA,182.00999450683594
2024-07-01,BA,190.60000610351562
2024-08-01,BA,173.74000549316406
2024-09-01,BA,152.0399932861328
2024-10-01,BA,149.30999755859375
2024-11-01,BA,155.44000244140625
2024-12-01,BA,177.0
2025-01-01,BA,176.52000427246094
2025-02-01,BA,174.6300048828125
2025-03-01,BA,170.5500030517578
2025-04-01,BA,183.24000549316406
2025-05-01,BA,207.32000732421875
2025-06-01,BA,209.52999877929688
2025-07-01,BA,221.83999633789062
2025-08-01,BA,234.67999267578125
2025-09-01,BA,215.8300018310547
2025-10-01,BA,201.02000427246094
2025-11-01,BA,189.0
2025-12-01,BA,217.1199951171875
2020-01-01,BAC,28.17591667175293
2020-02-01,BAC,24.45974349975586
2020-03-01,BAC,18.220365524291992
2020-04-01,BAC,20.772296905517578
2020-05-01,BAC,20.83275604248047
2020-06-01,BAC,20.513179779052734
2020-07-01,BAC,21.63904571533203
2020-08-01,BAC,22.387020111083984
2020-09-01,BAC,20.951950073242188
2020-10-01,BAC,20.75634765625
2020-11-01,BAC,24.662391662597656
2020-12-01,BAC,26.545345306396484
2021-01-01,BAC,26.129167556762695
2021-02-01,BAC,30.588315963745117
2021-03-01,BAC,34.095703125
2021-04-01,BAC,35.89460754394531
2021-05-01,BAC,37.54188537597656
2021-06-01,BAC,36.514549255371094
2021-07-01,BAC,34.115814208984375
2021-08-01,BAC,37.13072967529297
2021-09-01,BAC,37.75328063964844
2021-10-01,BAC,42.7113151550293
2021-11-01,BAC,39.75245666503906
2021-12-01,BAC,39.77033996582031
2022-01-01,BAC,41.443817138671875
2022-02-01,BAC,39.70127487182617
2022-03-01,BAC,37.02458190917969
2022-04-01,BAC,32.20514678955078
2022-05-01,BAC,33.577117919921875
2022-06-01,BAC,28.0982666015625
2022-07-01,BAC,30.693037033081055
2022-08-01,BAC,30.511476516723633
2022-09-01,BAC,27.415843963623047
2022-10-01,BAC,32.93302536010742
2022-11-01,BAC,34.58697509765625
2022-12-01,BAC,30.26474952697754
2023-01-01,BAC,32.61083984375
2023-02-01,BAC,31.526264190673828
2023-03-01,BAC,26.287206649780273
2023-04-01,BAC,27.086769104003906
2023-05-01,BAC,25.708375930786133
2023-06-01,BAC,26.54096031188965
2023-07-01,BAC,29.839242935180664
2023-08-01,BAC,26.734098434448242
2023-09-01,BAC,25.743961334228516
2023-10-01,BAC,24.766109466552734
2023-11-01,BAC,28.668134689331055
2023-12-01,BAC,31.91079330444336
2024-01-01,BAC,32.2330322265625
2024-02-01,BAC,32.71638488769531
2024-03-01,BAC,36.191898345947266
2024-04-01,BAC,35.32337951660156
2024-05-01,BAC,38.16756820678711
2024-06-01,BAC,37.95759201049805
2024-07-01,BAC,38.70698165893555
2024-08-01,BAC,39.129478454589844
2024-09-01,BAC,38.10203552246094
2024-10-01,BAC,40.41874313354492
2024-11-01,BAC,45.91808319091797
2024-12-01,BAC,42.47737121582031
2025-01-01,BAC,44.99755096435547
2025-02-01,BAC,44.80317687988281
2025-03-01,BAC,40.55610656738281
2025-04-01,BAC,39.00274658203125
2025-05-01,BAC,43.15924835205078
2025-06-01,BAC,46.279083251953125
2025-07-01,BAC,46.50261688232422
2025-08-01,BAC,49.916282653808594
2025-09-01,BAC,50.75248336791992
2025-10-01,BAC,52.87476348876953
2025-11-01,BAC,53.07261276245117
2025-12-01,BAC,54.408077239990234
2020-01-01,BK,37.21766662597656
2020-02-01,BK,33.38188552856445
2020-03-01,BK,28.177978515625
2020-04-01,BK,31.407407760620117
2020-05-01,BK,31.36979866027832
2020-06-01,BK,32.61885070800781
2020-07-01,BK,30.25577735900879
2020-08-01,BK,31.476482391357422
2020-09-01,BK,29.2293758392334
2020-10-01,BK,29.246402740478516
2020-11-01,BK,33.581417083740234
2020-12-01,BK,36.431392669677734
2021-01-01,BK,34.1909065246582
2021-02-01,BK,36.46886444091797
2021-03-01,BK,40.9063720703125
2021-04-01,BK,43.14676284790039
2021-05-01,BK,45.341941833496094
2021-06-01,BK,44.60190200805664
2021-07-01,BK,44.6889762878418
2021-08-01,BK,48.40504837036133
2021-09-01,BK,45.44218826293945
2021-10-01,BK,51.89385986328125
2021-11-01,BK,48.304420471191406
2021-12-01,BK,51.204978942871094
2022-01-01,BK,52.245296478271484
2022-02-01,BK,47.13310241699219
2022-03-01,BK,44.01158142089844
2022-04-01,BK,37.29854965209961
2022-05-01,BK,41.660892486572266
2022-06-01,BK,37.281185150146484
2022-07-01,BK,38.84537124633789
2022-08-01,BK,37.43889236450195
2022-09-01,BK,34.725399017333984
2022-10-01,BK,37.96175003051758
2022-11-01,BK,41.74972915649414
2022-12-01,BK,41.404090881347656
2023-01-01,BK,45.997467041015625
2023-02-01,BK,46.632137298583984
2023-03-01,BK,41.64630889892578
2023-04-01,BK,39.034244537353516
2023-05-01,BK,37.172908782958984
2023-06-01,BK,41.167606353759766
2023-07-01,BK,41.94435501098633
2023-08-01,BK,41.87678909301758
2023-09-01,BK,39.80488204956055
2023-10-01,BK,39.66489028930664
2023-11-01,BK,45.55381774902344
2023-12-01,BK,49.070289611816406
2024-01-01,BK,52.285072326660156
2024-02-01,BK,53.28861618041992
2024-03-01,BK,54.742210388183594
2024-04-01,BK,53.668643951416016
2024-05-01,BK,57.046260833740234
2024-06-01,BK,57.3142204284668
2024-07-01,BK,62.27143859863281
2024-08-01,BK,65.77912139892578
2024-09-01,BK,69.28888702392578
2024-10-01,BK,72.66365814208984
2024-11-01,BK,79.4276351928711
2024-12-01,BK,74.5379867553711
2025-01-01,BK,83.36651611328125
2025-02-01,BK,86.77179718017578
2025-03-01,BK,81.81620025634766
2025-04-01,BK,78.4409408569336
2025-05-01,BK,86.97561645507812
2025-06-01,BK,89.42949676513672
2025-07-01,BK,99.57876586914062
2025-08-01,BK,104.2046890258789
2025-09-01,BK,107.5202865600586
2025-10-01,BK,106.50389862060547
2025-11-01,BK,111.16437530517578
2025-12-01,BK,115.1210708618164
2020-01-01,BKNG,71.87921905517578
2020-02-01,BKNG,66.58255767822266
2020-03-01,BKNG,52.82594680786133
2020-04-01,BKNG,58.13673782348633
2020-05-01,BKNG,64.37420654296875
2020-06-01,BKNG,62.52555465698242
2020-07-01,BKNG,65.26595306396484
2020-08-01,BKNG,75.0166015625
2020-09-01,BKNG,67.17233276367188
2020-10-01,BKNG,63.70983123779297
2020-11-01,BKNG,79.6500473022461
2020-12-01,BKNG,87.4570083618164
2021-01-01,BKNG,76.3469467163086
2021-02-01,BKNG,91.4323501586914
2021-03-01,BKNG,91.48456573486328
2021-04-01,BKNG,96.834228515625
2021-05-01,BKNG,92.72969818115234
2021-06-01,BKNG,85.91854095458984
2021-07-01,BKNG,85.53255462646484
2021-08-01,BKNG,90.29988861083984
2021-09-01,BKNG,93.21347045898438
2021-10-01,BKNG,95.05545806884766
2021-11-01,BKNG,82.5322036743164
2021-12-01,BKNG,94.20926666259766
2022-01-01,BKNG,96.44351959228516
2022-02-01,BKNG,85.29654693603516
2022-03-01,BKNG,92.2153091430664
2022-04-01,BKNG,86.79104614257812
2022-05-01,BKNG,88.0966567993164
2022-06-01,BKNG,68.67665100097656
2022-07-01,BKNG,76.00768280029297
2022-08-01,BKNG,73.65641021728516
2022-09-01,BKNG,64.52303314208984
2022-10-01,BKNG,73.4078598022461
2022-11-01,BKNG,81.65263366699219
2022-12-01,BKNG,79.13290405273438
2023-01-01,BKNG,95.5784683227539
2023-02-01,BKNG,99.10853576660156
2023-03-01,BKNG,104.15074157714844
2023-04-01,BKNG,105.48186492919922
2023-05-01,BKNG,98.51049041748047
2023-06-01,BKNG,106.03238677978516
2023-07-01,BKNG,116.65278625488281
2023-08-01,BKNG,121.92353057861328
2023-09-01,BKNG,121.09579467773438
2023-10-01,BKNG,109.53614044189453
2023-11-01,BKNG,122.73516082763672
2023-12-01,BKNG,139.28677368164062
2024-01-01,BKNG,137.72593688964844
2024-02-01,BKNG,136.20867919921875
2024-03-01,BKNG,142.4539794921875
2024-04-01,BKNG,135.8958740234375
2024-05-01,BKNG,148.66334533691406
2024-06-01,BKNG,155.95213317871094
2024-07-01,BKNG,146.58522033691406
2024-08-01,BKNG,154.2486572265625
2024-09-01,BKNG,166.19996643066406
2024-10-01,BKNG,184.9412841796875
2024-11-01,BKNG,205.73341369628906
2024-12-01,BKNG,196.49632263183594
2025-01-01,BKNG,187.67657470703125
2025-02-01,BKNG,198.70726013183594
2025-03-01,BKNG,182.50094604492188
2025-04-01,BKNG,202.4197998046875
2025-05-01,BKNG,219.07810974121094
2025-06-01,BKNG,229.80828857421875
2025-07-01,BKNG,218.86502075195312
2025-08-01,BKNG,222.64224243164062
2025-09-01,BKNG,214.6981201171875
2025-10-01,BKNG,202.2603302001953
2025-11-01,BKNG,195.76559448242188
2025-12-01,BKNG,213.3175048828125
2020-01-01,BLK,453.559326171875
2020-02-01,BLK,398.22222900390625
2020-03-01,BLK,378.40618896484375
2020-04-01,BLK,435.0669860839844
2020-05-01,BLK,458.1185302734375
2020-06-01,BLK,471.5074768066406
2020-07-01,BLK,501.62713623046875
2020-08-01,BLK,518.3594360351562
2020-09-01,BLK,491.62982177734375
2020-10-01,BLK,525.8786010742188
2020-11-01,BLK,612.8859252929688
2020-12-01,BLK,633.2377319335938
2021-01-01,BLK,618.5654296875
2021-02-01,BLK,612.6024780273438
2021-03-01,BLK,665.0509643554688
2021-04-01,BLK,726.9657592773438
2021-05-01,BLK,778.1986083984375
2021-06-01,BLK,776.3616943359375
2021-07-01,BLK,773.0383911132812
2021-08-01,BLK,840.8956298828125
2021-09-01,BLK,747.6231689453125
2021-10-01,BLK,844.7168579101562
2021-11-01,BLK,809.9330444335938
2021-12-01,BLK,819.7368774414062
2022-01-01,BLK,740.208984375
2022-02-01,BLK,669.10595703125
2022-03-01,BLK,687.3471069335938
2022-04-01,BLK,565.6219482421875
2022-05-01,BLK,605.82421875
2022-06-01,BLK,551.4606323242188
2022-07-01,BLK,610.2528686523438
2022-08-01,BLK,607.7085571289062
2022-09-01,BLK,501.8230285644531
2022-10-01,BLK,593.4326171875
2022-11-01,BLK,657.8282470703125
2022-12-01,BLK,651.0569458007812
2023-01-01,BLK,702.3363647460938
2023-02-01,BLK,637.783447265625
2023-03-01,BLK,618.9949951171875
2023-04-01,BLK,625.4171142578125
2023-05-01,BLK,612.6981201171875
2023-06-01,BLK,643.9968872070312
2023-07-01,BLK,693.5153198242188
2023-08-01,BLK,657.5560302734375
2023-09-01,BLK,606.8224487304688
2023-10-01,BLK,578.881103515625
2023-11-01,BLK,710.2515258789062
2023-12-01,BLK,767.5174560546875
2024-01-01,BLK,736.95751953125
2024-02-01,BLK,772.2012329101562
2024-03-01,BLK,793.482666015625
2024-04-01,BLK,722.6934814453125
2024-05-01,BLK,739.3473510742188
2024-06-01,BLK,753.9900512695312
2024-07-01,BLK,844.9297485351562
2024-08-01,BLK,869.3280639648438
2024-09-01,BLK,915.31005859375
2024-10-01,BLK,951.2910766601562
2024-11-01,BLK,991.7947998046875
2024-12-01,BLK,994.0348510742188
2025-01-01,BLK,1048.061767578125
2025-02-01,BLK,952.834716796875
2025-03-01,BLK,922.3331909179688
2025-04-01,BLK,895.7986450195312
2025-05-01,BLK,960.1033935546875
2025-06-01,BLK,1028.0628662109375
2025-07-01,BLK,1089.4158935546875
2025-08-01,BLK,1110.228759765625
2025-09-01,BLK,1148.377685546875
2025-10-01,BLK,1071.599365234375
2025-11-01,BLK,1036.45703125
2025-12-01,BLK,1059.2584228515625
2020-01-01,BMY,49.17219543457031
2020-02-01,BMY,46.45931625366211
2020-03-01,BMY,43.847633361816406
2020-04-01,BMY,47.835941314697266
2020-05-01,BMY,47.367305755615234
2020-06-01,BMY,46.637611389160156
2020-07-01,BMY,46.52656555175781
2020-08-01,BMY,49.710750579833984
2020-09-01,BMY,48.18425369262695
2020-10-01,BMY,46.713722229003906
2020-11-01,BMY,50.24562072753906
2020-12-01,BMY,49.94768524169922
2021-01-01,BMY,49.85911560058594
2021-02-01,BMY,49.777950286865234
2021-03-01,BMY,51.23891067504883
2021-04-01,BMY,51.05780029296875
2021-05-01,BMY,53.757118225097656
2021-06-01,BMY,54.656890869140625
2021-07-01,BMY,55.51576232910156
2021-08-01,BMY,55.093624114990234
2021-09-01,BMY,48.75695037841797
2021-10-01,BMY,48.51460647583008
2021-11-01,BMY,44.55202865600586
2021-12-01,BMY,51.79597854614258
2022-01-01,BMY,53.906036376953125
2022-02-01,BMY,57.546112060546875
2022-03-01,BMY,61.1998405456543
2022-04-01,BMY,63.542423248291016
2022-05-01,BMY,63.69436264038086
2022-06-01,BMY,65.00287628173828
2022-07-01,BMY,62.71722412109375
2022-08-01,BMY,57.30235290527344
2022-09-01,BMY,60.43056106567383
2022-10-01,BMY,65.85393524169922
2022-11-01,BMY,68.76226806640625
2022-12-01,BMY,61.62737274169922
2023-01-01,BMY,62.226959228515625
2023-02-01,BMY,59.53363800048828
2023-03-01,BMY,59.835792541503906
2023-04-01,BMY,57.64299392700195
2023-05-01,BMY,56.08940124511719
2023-06-01,BMY,55.662899017333984
2023-07-01,BMY,54.13096237182617
2023-08-01,BMY,54.13768005371094
2023-09-01,BMY,50.96757125854492
2023-10-01,BMY,45.25083541870117
2023-11-01,BMY,43.802940368652344
2023-12-01,BMY,45.51496887207031
2024-01-01,BMY,43.35054397583008
2024-02-01,BMY,45.540672302246094
2024-03-01,BMY,48.663455963134766
2024-04-01,BMY,39.42969512939453
2024-05-01,BMY,37.301151275634766
2024-06-01,BMY,37.70057678222656
2024-07-01,BMY,43.174560546875
2024-08-01,BMY,46.03364944458008
2024-09-01,BMY,47.68330764770508
2024-10-01,BMY,51.397335052490234
2024-11-01,BMY,55.18777084350586
2024-12-01,BMY,52.70888900756836
2025-01-01,BMY,54.9361572265625
2025-02-01,BMY,56.17380905151367
2025-03-01,BMY,57.46462631225586
2025-04-01,BMY,47.29831314086914
2025-05-01,BMY,45.982357025146484
2025-06-01,BMY,44.087059020996094
2025-07-01,BMY,41.248878479003906
2025-08-01,BMY,45.5273323059082
2025-09-01,BMY,43.52019500732422
2025-10-01,BMY,44.45621871948242
2025-11-01,BMY,48.12910461425781
2025-12-01,BMY,52.76593017578125
2020-01-01,BRK-B,224.42999267578125
2020-02-01,BRK-B,206.33999633789062
2020-03-01,BRK-B,182.8300018310547
2020-04-01,BRK-B,187.36000061035156
2020-05-01,BRK-B,185.5800018310547
2020-06-01,BRK-B,178.50999450683594
2020-07-01,BRK-B,195.77999877929688
2020-08-01,BRK-B,218.0399932861328
2020-09-01,BRK-B,212.94000244140625
2020-10-01,BRK-B,201.89999389648438
2020-11-01,BRK-B,228.91000366210938
2020-12-01,BRK-B,231.8699951171875
2021-01-01,BRK-B,227.8699951171875
2021-02-01,BRK-B,240.50999450683594
2021-03-01,BRK-B,255.47000122070312
2021-04-01,BRK-B,274.95001220703125
2021-05-01,BRK-B,289.44000244140625
2021-06-01,BRK-B,277.9200134277344
2021-07-01,BRK-B,278.2900085449219
2021-08-01,BRK-B,285.7699890136719
2021-09-01,BRK-B,272.94000244140625
2021-10-01,BRK-B,287.010009765625
2021-11-01,BRK-B,276.69000244140625
2021-12-01,BRK-B,299.0
2022-01-01,BRK-B,313.0199890136719
2022-02-01,BRK-B,321.45001220703125
2022-03-01,BRK-B,352.9100036621094
2022-04-01,BRK-B,322.8299865722656
2022-05-01,BRK-B,315.9800109863281
2022-06-01,BRK-B,273.0199890136719
2022-07-01,BRK-B,300.6000061035156
2022-08-01,BRK-B,280.79998779296875
2022-09-01,BRK-B,267.0199890136719
2022-10-01,BRK-B,295.0899963378906
2022-11-01,BRK-B,318.6000061035156
2022-12-01,BRK-B,308.8999938964844
2023-01-01,BRK-B,311.5199890136719
2023-02-01,BRK-B,305.17999267578125
2023-03-01,BRK-B,308.7699890136719
2023-04-01,BRK-B,328.54998779296875
2023-05-01,BRK-B,321.0799865722656
2023-06-01,BRK-B,341.0
2023-07-01,BRK-B,351.9599914550781
2023-08-01,BRK-B,360.20001220703125
2023-09-01,BRK-B,350.29998779296875
2023-10-01,BRK-B,341.3299865722656
2023-11-01,BRK-B,360.0
2023-12-01,BRK-B,356.6600036621094
2024-01-01,BRK-B,383.739990234375
2024-02-01,BRK-B,409.3999938964844
2024-03-01,BRK-B,420.5199890136719
2024-04-01,BRK-B,396.7300109863281
2024-05-01,BRK-B,414.3999938964844
2024-06-01,BRK-B,406.79998779296875
2024-07-01,BRK-B,438.5
2024-08-01,BRK-B,475.9200134277344
2024-09-01,BRK-B,460.260009765625
2024-10-01,BRK-B,450.9200134277344
2024-11-01,BRK-B,483.0199890136719
2024-12-01,BRK-B,453.2799987792969
2025-01-01,BRK-B,468.6700134277344
2025-02-01,BRK-B,513.8300170898438
2025-03-01,BRK-B,532.5800170898438
2025-04-01,BRK-B,533.25
2025-05-01,BRK-B,503.9599914550781
2025-06-01,BRK-B,485.7699890136719
2025-07-01,BRK-B,471.8800048828125
2025-08-01,BRK-B,502.9800109863281
2025-09-01,BRK-B,502.739990234375
2025-10-01,BRK-B,477.5400085449219
2025-11-01,BRK-B,513.8099975585938
2025-12-01,BRK-B,502.6499938964844
2020-01-01,C,59.23710250854492
2020-02-01,C,50.854862213134766
2020-03-01,C,33.75365447998047
2020-04-01,C,38.914466857910156
2020-05-01,C,38.39357376098633
2020-06-01,C,41.384586334228516
2020-07-01,C,40.5018196105957
2020-08-01,C,41.82005310058594
2020-09-01,C,35.26726531982422
2020-10-01,C,33.884708404541016
2020-11-01,C,45.609806060791016
2020-12-01,C,51.06774139404297
2021-01-01,C,48.0281982421875
2021-02-01,C,55.02790069580078
2021-03-01,C,60.76624298095703
2021-04-01,C,59.504981994628906
2021-05-01,C,66.20172119140625
2021-06-01,C,59.50669860839844
2021-07-01,C,56.87409973144531
2021-08-01,C,60.93398666381836
2021-09-01,C,59.468048095703125
2021-10-01,C,58.60374069213867
2021-11-01,C,54.368316650390625
2021-12-01,C,51.5432014465332
2022-01-01,C,55.580291748046875
2022-02-01,C,50.55314254760742
2022-03-01,C,45.93618392944336
2022-04-01,C,41.47161102294922
2022-05-01,C,46.41806411743164
2022-06-01,C,39.96943283081055
2022-07-01,C,45.10575485229492
2022-08-01,C,42.83854675292969
2022-09-01,C,36.57206726074219
2022-10-01,C,40.249454498291016
2022-11-01,C,42.48749542236328
2022-12-01,C,40.155921936035156
2023-01-01,C,46.361751556396484
2023-02-01,C,45.003395080566406
2023-03-01,C,42.040283203125
2023-04-01,C,42.201663970947266
2023-05-01,C,40.17171096801758
2023-06-01,C,41.73073196411133
2023-07-01,C,43.199092864990234
2023-08-01,C,37.425315856933594
2023-09-01,C,37.71282958984375
2023-10-01,C,36.20909118652344
2023-11-01,C,42.26991653442383
2023-12-01,C,47.778656005859375
2024-01-01,C,52.1719856262207
2024-02-01,C,51.5403938293457
2024-03-01,C,59.29939651489258
2024-04-01,C,57.5084114074707
2024-05-01,C,58.42734146118164
2024-06-01,C,60.022613525390625
2024-07-01,C,61.365699768066406
2024-08-01,C,59.247032165527344
2024-09-01,C,59.778907775878906
2024-10-01,C,61.27815628051758
2024-11-01,C,67.67623138427734
2024-12-01,C,67.81391906738281
2025-01-01,C,78.44989776611328
2025-02-01,C,77.02406311035156
2025-03-01,C,68.86556243896484
2025-04-01,C,66.33366394042969
2025-05-01,C,73.06597900390625
2025-06-01,C,83.23300170898438
2025-07-01,C,91.62279510498047
2025-08-01,C,94.4291763305664
2025-09-01,C,99.90262603759766
2025-10-01,C,99.63687896728516
2025-11-01,C,101.9695816040039
2025-12-01,C,115.53838348388672
2020-01-01,CAT,115.45402526855469
2020-02-01,CAT,109.9704818725586
2020-03-01,CAT,102.71228790283203
2020-04-01,CAT,103.01325225830078
2020-05-01,CAT,107.30876159667969
2020-06-01,CAT,112.99890899658203
2020-07-01,CAT,118.69798278808594
2020-08-01,CAT,128.07359313964844
2020-09-01,CAT,134.2293701171875
2020-10-01,CAT,141.3390350341797
2020-11-01,CAT,157.17861938476562
2020-12-01,CAT,164.81163024902344
2021-01-01,CAT,165.55410766601562
2021-02-01,CAT,196.51048278808594
2021-03-01,CAT,211.06578063964844
2021-04-01,CAT,207.64317321777344
2021-05-01,CAT,220.44142150878906
2021-06-01,CAT,198.99900817871094
2021-07-01,CAT,189.0504150390625
2021-08-01,CAT,193.8524169921875
2021-09-01,CAT,176.47767639160156
2021-10-01,CAT,187.54603576660156
2021-11-01,CAT,178.727783203125
2021-12-01,CAT,191.1051483154297
2022-01-01,CAT,186.31689453125
2022-02-01,CAT,174.23550415039062
2022-03-01,CAT,206.968505859375
2022-04-01,CAT,195.56207275390625
2022-05-01,CAT,201.4558563232422
2022-06-01,CAT,166.83921813964844
2022-07-01,CAT,185.02951049804688
2022-08-01,CAT,173.59320068359375
2022-09-01,CAT,154.2047882080078
2022-10-01,CAT,203.43226623535156
2022-11-01,CAT,223.66827392578125
2022-12-01,CAT,226.64845275878906
2023-01-01,CAT,238.69232177734375
2023-02-01,CAT,227.71986389160156
2023-03-01,CAT,217.53875732421875
2023-04-01,CAT,207.99461364746094
2023-05-01,CAT,196.6507568359375
2023-06-01,CAT,235.1685028076172
2023-07-01,CAT,253.44297790527344
2023-08-01,CAT,270.0278015136719
2023-09-01,CAT,262.2187805175781
2023-10-01,CAT,217.12290954589844
2023-11-01,CAT,242.06304931640625
2023-12-01,CAT,285.4609680175781
2024-01-01,CAT,289.94073486328125
2024-02-01,CAT,323.92266845703125
2024-03-01,CAT,355.4167175292969
2024-04-01,CAT,324.51434326171875
2024-05-01,CAT,329.54248046875
2024-06-01,CAT,324.2662658691406
2024-07-01,CAT,337.01885986328125
2024-08-01,CAT,348.0680847167969
2024-09-01,CAT,382.2981872558594
2024-10-01,CAT,367.7146911621094
2024-11-01,CAT,398.3762512207031
2024-12-01,CAT,355.8517761230469
2025-01-01,CAT,364.366455078125
2025-02-01,CAT,338.63690185546875
2025-03-01,CAT,324.7054748535156
2025-04-01,CAT,304.4925842285156
2025-05-01,CAT,344.3037414550781
2025-06-01,CAT,384.0534973144531
2025-07-01,CAT,433.3302307128906
2025-08-01,CAT,416.0720520019531
2025-09-01,CAT,473.7704772949219
2025-10-01,CAT,573.17138671875
2025-11-01,CAT,573.3245849609375
2025-12-01,CAT,570.44677734375
2020-01-01,CL,63.27928161621094
2020-02-01,CL,58.304805755615234
2020-03-01,CL,57.260719299316406
2020-04-01,CL,60.63456344604492
2020-05-01,CL,62.791385650634766
2020-06-01,CL,63.59877395629883
2020-07-01,CL,67.0191650390625
2020-08-01,CL,69.21366882324219
2020-09-01,CL,67.37113189697266
2020-10-01,CL,68.89057159423828
2020-11-01,CL,75.19756317138672
2020-12-01,CL,75.08340454101562
2021-01-01,CL,68.48914337158203
2021-02-01,CL,66.39906311035156
2021-03-01,CL,69.60421752929688
2021-04-01,CL,71.25538635253906
2021-05-01,CL,74.39142608642578
2021-06-01,CL,72.23375701904297
2021-07-01,CL,70.59105682373047
2021-08-01,CL,69.58767700195312
2021-09-01,CL,67.47193145751953
2021-10-01,CL,68.01649475097656
2021-11-01,CL,67.3774642944336
2021-12-01,CL,76.64613342285156
2022-01-01,CL,74.050537109375
2022-02-01,CL,69.48626708984375
2022-03-01,CL,68.47490692138672
2022-04-01,CL,69.57655334472656
2022-05-01,CL,71.58322143554688
2022-06-01,CL,72.79126739501953
2022-07-01,CL,71.51963806152344
2022-08-01,CL,71.47150421142578
2022-09-01,CL,64.19733428955078
2022-10-01,CL,67.47801208496094
2022-11-01,CL,71.2712631225586
2022-12-01,CL,72.47628784179688
2023-01-01,CL,68.55767059326172
2023-02-01,CL,67.85030364990234
2023-03-01,CL,69.56275939941406
2023-04-01,CL,73.86705017089844
2023-05-01,CL,69.28999328613281
2023-06-01,CL,71.7679672241211
2023-07-01,CL,71.04133605957031
2023-08-01,CL,68.87488555908203
2023-09-01,CL,66.66248321533203
2023-10-01,CL,70.42167663574219
2023-11-01,CL,74.33087921142578
2023-12-01,CL,75.2178955078125
2024-01-01,CL,79.4548568725586
2024-02-01,CL,82.13185119628906
2024-03-01,CL,85.48281860351562
2024-04-01,CL,87.25797271728516
2024-05-01,CL,88.75703430175781
2024-06-01,CL,92.65257263183594
2024-07-01,CL,94.70536041259766
2024-08-01,CL,102.20359802246094
2024-09-01,CL,99.62211608886719
2024-10-01,CL,89.92957305908203
2024-11-01,CL,93.1952896118164
2024-12-01,CL,87.6786117553711
2025-01-01,CL,83.6182632446289
2025-02-01,CL,88.42788696289062
2025-03-01,CL,90.88179016113281
2025-04-01,CL,89.4172134399414
2025-05-01,CL,90.64884948730469
2025-06-01,CL,88.65913391113281
2025-07-01,CL,81.7829360961914
2025-08-01,CL,82.48918914794922
2025-09-01,CL,78.43685913085938
2025-10-01,CL,75.6011962890625
2025-11-01,CL,79.40723419189453
2025-12-01,CL,78.0539779663086
2020-01-01,CMCSA,33.640750885009766
2020-02-01,CMCSA,31.63972282409668
2020-03-01,CMCSA,26.905109405517578
2020-04-01,CMCSA,29.640594482421875
2020-05-01,CMCSA,31.19232749938965
2020-06-01,CMCSA,30.703960418701172
2020-07-01,CMCSA,33.913238525390625
2020-08-01,CMCSA,35.505882263183594
2020-09-01,CMCSA,36.654808044433594
2020-10-01,CMCSA,33.46950149536133
2020-11-01,CMCSA,40.00930404663086
2020-12-01,CMCSA,41.72945022583008
2021-01-01,CMCSA,39.47573471069336
2021-02-01,CMCSA,42.17633819580078
2021-03-01,CMCSA,43.288352966308594
2021-04-01,CMCSA,44.92036437988281
2021-05-01,CMCSA,46.08259963989258
2021-06-01,CMCSA,45.82542037963867
2021-07-01,CMCSA,47.28007507324219
2021-08-01,CMCSA,48.97645568847656
2021-09-01,CMCSA,45.14259719848633
2021-10-01,CMCSA,41.510536193847656
2021-11-01,CMCSA,40.51859664916992
2021-12-01,CMCSA,40.80234146118164
2022-01-01,CMCSA,40.526710510253906
2022-02-01,CMCSA,38.095855712890625
2022-03-01,CMCSA,38.14474105834961
2022-04-01,CMCSA,32.392887115478516
2022-05-01,CMCSA,36.27898406982422
2022-06-01,CMCSA,32.1496696472168
2022-07-01,CMCSA,30.740447998046875
2022-08-01,CMCSA,29.850818634033203
2022-09-01,CMCSA,24.192441940307617
2022-10-01,CMCSA,26.180295944213867
2022-11-01,CMCSA,30.490768432617188
2022-12-01,CMCSA,29.10103988647461
2023-01-01,CMCSA,32.74595642089844
2023-02-01,CMCSA,31.172494888305664
2023-03-01,CMCSA,31.793092727661133
2023-04-01,CMCSA,34.69480895996094
2023-05-01,CMCSA,33.25446701049805
2023-06-01,CMCSA,35.11367416381836
2023-07-01,CMCSA,38.24897384643555
2023-08-01,CMCSA,39.79436111450195
2023-09-01,CMCSA,37.7348518371582
2023-10-01,CMCSA,35.13920211791992
2023-11-01,CMCSA,35.88371658325195
2023-12-01,CMCSA,37.56269073486328
2024-01-01,CMCSA,39.86699676513672
2024-02-01,CMCSA,36.950439453125
2024-03-01,CMCSA,37.38161087036133
2024-04-01,CMCSA,32.8630485534668
2024-05-01,CMCSA,34.77366256713867
2024-06-01,CMCSA,34.017906188964844
2024-07-01,CMCSA,35.85084533691406
2024-08-01,CMCSA,34.65559387207031
2024-09-01,CMCSA,36.58237075805664
2024-10-01,CMCSA,38.246395111083984
2024-11-01,CMCSA,38.109317779541016
2024-12-01,CMCSA,33.115135192871094
2025-01-01,CMCSA,29.700387954711914
2025-02-01,CMCSA,31.92542266845703
2025-03-01,CMCSA,32.83300018310547
2025-04-01,CMCSA,30.430583953857422
2025-05-01,CMCSA,31.038747787475586
2025-06-01,CMCSA,32.044342041015625
2025-07-01,CMCSA,29.83562660217285
2025-08-01,CMCSA,30.779621124267578
2025-09-01,CMCSA,28.4691104888916
2025-10-01,CMCSA,25.2253360748291
2025-11-01,CMCSA,24.44002914428711
2025-12-01,CMCSA,27.370269775390625
2020-01-01,COF,89.29866790771484
2020-02-01,COF,78.97294616699219
2020-03-01,COF,45.289608001708984
2020-04-01,COF,58.17048263549805
2020-05-01,COF,61.1167106628418
2020-06-01,COF,56.593475341796875
2020-07-01,COF,57.68754959106445
2020-08-01,COF,62.41648483276367
2020-09-01,COF,65.07775115966797
2020-10-01,COF,66.1826171875
2020-11-01,COF,77.55717468261719
2020-12-01,COF,89.63428497314453
2021-01-01,COF,94.5399398803711
2021-02-01,COF,108.98477172851562
2021-03-01,COF,115.76171875
2021-04-01,COF,135.6421661376953
2021-05-01,COF,146.2875518798828
2021-06-01,COF,141.107666015625
2021-07-01,COF,147.50216674804688
2021-08-01,COF,151.39723205566406
2021-09-01,COF,148.84291076660156
2021-10-01,COF,138.7895965576172
2021-11-01,COF,129.14059448242188
2021-12-01,COF,133.84202575683594
2022-01-01,COF,135.3549346923828
2022-02-01,COF,141.38787841796875
2022-03-01,COF,121.57495880126953
2022-04-01,COF,115.39852142333984
2022-05-01,COF,118.39877319335938
2022-06-01,COF,96.9900894165039
2022-07-01,COF,102.24032592773438
2022-08-01,COF,98.50743865966797
2022-09-01,COF,86.28504943847656
2022-10-01,COF,99.25074768066406
2022-11-01,COF,96.64823913574219
2022-12-01,COF,87.54224395751953
2023-01-01,COF,112.06463623046875
2023-02-01,COF,102.72277069091797
2023-03-01,COF,91.00398254394531
2023-04-01,COF,92.08284759521484
2023-05-01,COF,98.6223373413086
2023-06-01,COF,104.22097778320312
2023-07-01,COF,111.51083374023438
2023-08-01,COF,97.56958770751953
2023-09-01,COF,92.97502899169922
2023-10-01,COF,97.03697967529297
2023-11-01,COF,106.9715576171875
2023-12-01,COF,126.33992767333984
2024-01-01,COF,130.3868408203125
2024-02-01,COF,132.5933380126953
2024-03-01,COF,144.1007537841797
2024-04-01,COF,138.81637573242188
2024-05-01,COF,133.2029571533203
2024-06-01,COF,134.56320190429688
2024-07-01,COF,147.14964294433594
2024-08-01,COF,142.8051300048828
2024-09-01,COF,146.17710876464844
2024-10-01,COF,158.92721557617188
2024-11-01,COF,187.45388793945312
2024-12-01,COF,174.65353393554688
2025-01-01,COF,199.52149963378906
2025-02-01,COF,196.42648315429688
2025-03-01,COF,176.1361541748047
2025-04-01,COF,177.07920837402344
2025-05-01,COF,185.8123321533203
2025-06-01,COF,209.6729278564453
2025-07-01,COF,211.8804168701172
2025-08-01,COF,223.92311096191406
2025-09-01,COF,210.06564331054688
2025-10-01,COF,217.38800048828125
2025-11-01,COF,216.4788818359375
2025-12-01,COF,240.4042510986328
2020-01-01,COP,47.00390625
2020-02-01,COP,38.29597854614258
2020-03-01,COP,24.532516479492188
2020-04-01,COP,33.5330810546875
2020-05-01,COP,33.596797943115234
2020-06-01,COP,33.804054260253906
2020-07-01,COP,30.0793399810791
2020-08-01,COP,30.79253578186035
2020-09-01,COP,26.68848419189453
2020-10-01,COP,23.258970260620117
2020-11-01,COP,32.5450325012207
2020-12-01,COP,32.89878463745117
2021-01-01,COP,32.93169021606445
2021-02-01,COP,42.78733444213867
2021-03-01,COP,43.97732162475586
2021-04-01,COP,42.4579963684082
2021-05-01,COP,46.27707290649414
2021-06-01,COP,50.95450210571289
2021-07-01,COP,46.90489959716797
2021-08-01,COP,46.81670379638672
2021-09-01,COP,57.136085510253906
2021-10-01,COP,62.801639556884766
2021-11-01,COP,59.480979919433594
2021-12-01,COP,61.219688415527344
2022-01-01,COP,75.37189483642578
2022-02-01,COP,80.67906951904297
2022-03-01,COP,85.47846984863281
2022-04-01,COP,81.89303588867188
2022-05-01,COP,96.33061981201172
2022-06-01,COP,77.34333801269531
2022-07-01,COP,84.55667877197266
2022-08-01,COP,94.98847961425781
2022-09-01,COP,89.21734619140625
2022-10-01,COP,111.50260162353516
2022-11-01,COP,109.22110748291016
2022-12-01,COP,104.74732971191406
2023-01-01,COP,108.85763549804688
2023-02-01,COP,92.31504821777344
2023-03-01,COP,89.01163482666016
2023-04-01,COP,92.88507080078125
2023-05-01,COP,89.64414978027344
2023-06-01,COP,94.01728057861328
2023-07-01,COP,107.46273803710938
2023-08-01,COP,108.65858459472656
2023-09-01,COP,109.83749389648438
2023-10-01,COP,109.46732330322266
2023-11-01,COP,106.49108123779297
2023-12-01,COP,107.49105834960938
2024-01-01,COP,103.60150146484375
2024-02-01,COP,104.22196960449219
2024-03-01,COP,118.71337890625
2024-04-01,COP,117.16511535644531
2024-05-01,COP,108.64027404785156
2024-06-01,COP,107.36028289794922
2024-07-01,COP,104.37544250488281
2024-08-01,COP,106.80651092529297
2024-09-01,COP,99.53358459472656
2024-10-01,COP,103.56107330322266
2024-11-01,COP,102.42655181884766
2024-12-01,COP,94.41226959228516
2025-01-01,COP,94.08858489990234
2025-02-01,COP,94.39322662353516
2025-03-01,COP,100.79293060302734
2025-04-01,COP,85.53292083740234
2025-05-01,COP,81.91465759277344
2025-06-01,COP,86.86096954345703
2025-07-01,COP,92.28130340576172
2025-08-01,COP,95.79486083984375
2025-09-01,COP,92.3106689453125
2025-10-01,COP,86.71873474121094
2025-11-01,COP,86.55284118652344
2025-12-01,COP,92.2019271850586
2020-01-01,COST,278.5393981933594
2020-02-01,COST,256.3123474121094
2020-03-01,COST,260.498046875
2020-04-01,COST,276.8243713378906
2020-05-01,COST,282.4656677246094
2020-06-01,COST,277.6490173339844
2020-07-01,COST,298.0873718261719
2020-08-01,COST,319.0366516113281
2020-09-01,COST,325.77227783203125
2020-10-01,COST,328.1766662597656
2020-11-01,COST,360.205810546875
2020-12-01,COST,346.42352294921875
2021-01-01,COST,332.5230407714844
2021-02-01,COST,312.3035583496094
2021-03-01,COST,333.22686767578125
2021-04-01,COST,351.76580810546875
2021-05-01,COST,358.3742980957031
2021-06-01,COST,374.8591613769531
2021-07-01,COST,407.1181335449219
2021-08-01,COST,432.3417053222656
2021-09-01,COST,426.5137023925781
2021-10-01,COST,466.55963134765625
2021-11-01,COST,512.7965087890625
2021-12-01,COST,539.7208251953125
2022-01-01,COST,480.23468017578125
2022-02-01,COST,493.65875244140625
2022-03-01,COST,548.2988891601562
2022-04-01,COST,506.28021240234375
2022-05-01,COST,444.6363220214844
2022-06-01,COST,457.0916442871094
2022-07-01,COST,516.240478515625
2022-08-01,COST,498.788818359375
2022-09-01,COST,451.18365478515625
2022-10-01,COST,479.10858154296875
2022-11-01,COST,516.10302734375
2022-12-01,COST,436.9049987792969
2023-01-01,COST,489.19976806640625
2023-02-01,COST,463.39691162109375
2023-03-01,COST,476.3700866699219
2023-04-01,COST,482.4580993652344
2023-05-01,COST,490.4539794921875
2023-06-01,COST,517.2439575195312
2023-07-01,COST,538.6588134765625
2023-08-01,COST,527.716064453125
2023-09-01,COST,543.8059692382812
2023-10-01,COST,531.7549438476562
2023-11-01,COST,570.5458374023438
2023-12-01,COST,636.530517578125
2024-01-01,COST,685.3269653320312
2024-02-01,COST,733.663330078125
2024-03-01,COST,723.6203002929688
2024-04-01,COST,714.0098266601562
2024-05-01,COST,801.2140502929688
2024-06-01,COST,840.8844604492188
2024-07-01,COST,813.1943359375
2024-08-01,COST,884.0772705078125
2024-09-01,COST,878.2717895507812
2024-10-01,COST,866.046630859375
2024-11-01,COST,962.8374633789062
2024-12-01,COST,908.9511108398438
2025-01-01,COST,972.0530395507812
2025-02-01,COST,1040.2340087890625
2025-03-01,COST,939.2620849609375
2025-04-01,COST,987.6463623046875
2025-05-01,COST,1033.0115966796875
2025-06-01,COST,984.3986206054688
2025-07-01,COST,934.3802490234375
2025-08-01,COST,938.0396118164062
2025-09-01,COST,921.7238159179688
2025-10-01,COST,907.6036376953125
2025-11-01,COST,911.021728515625
2025-12-01,COST,859.915771484375
2020-01-01,CRM,179.672119140625
2020-02-01,CRM,167.9344482421875
2020-03-01,CRM,141.89674377441406
2020-04-01,CRM,159.60670471191406
2020-05-01,CRM,172.26092529296875
2020-06-01,CRM,184.61947631835938
2020-07-01,CRM,192.03070068359375
2020-08-01,CRM,268.7049865722656
2020-09-01,CRM,247.68359375
2020-10-01,CRM,228.90924072265625
2020-11-01,CRM,242.2434844970703
2020-12-01,CRM,219.3101806640625
2021-01-01,CRM,222.2963104248047
2021-02-01,CRM,213.36740112304688
2021-03-01,CRM,208.80441284179688
2021-04-01,CRM,226.98748779296875
2021-05-01,CRM,234.65489196777344
2021-06-01,CRM,240.735595703125
2021-07-01,CRM,238.42947387695312
2021-08-01,CRM,261.4317321777344
2021-09-01,CRM,267.295654296875
2021-10-01,CRM,295.3537292480469
2021-11-01,CRM,280.83685302734375
2021-12-01,CRM,250.4529571533203
2022-01-01,CRM,229.26402282714844
2022-02-01,CRM,207.4838104248047
2022-03-01,CRM,209.24790954589844
2022-04-01,CRM,173.39430236816406
2022-05-01,CRM,157.92144775390625
2022-06-01,CRM,162.65199279785156
2022-07-01,CRM,181.3573760986328
2022-08-01,CRM,153.86106872558594
2022-09-01,CRM,141.75875854492188
2022-10-01,CRM,160.2374267578125
2022-11-01,CRM,157.93130493164062
2022-12-01,CRM,130.67152404785156
2023-01-01,CRM,165.5396270751953
2023-02-01,CRM,161.24267578125
2023-03-01,CRM,196.88934326171875
2023-04-01,CRM,195.49974060058594
2023-05-01,CRM,220.14788818359375
2023-06-01,CRM,208.20321655273438
2023-07-01,CRM,221.75428771972656
2023-08-01,CRM,218.2556610107422
2023-09-01,CRM,199.845947265625
2023-10-01,CRM,197.92416381835938
2023-11-01,CRM,248.2552032470703
2023-12-01,CRM,259.3326110839844
2024-01-01,CRM,277.02288818359375
2024-02-01,CRM,304.3515930175781
2024-03-01,CRM,296.82220458984375
2024-04-01,CRM,265.3948669433594
2024-05-01,CRM,231.3496551513672
2024-06-01,CRM,253.7109375
2024-07-01,CRM,255.38853454589844
2024-08-01,CRM,249.9547882080078
2024-09-01,CRM,270.52239990234375
2024-10-01,CRM,288.4288635253906
2024-11-01,CRM,326.6590270996094
2024-12-01,CRM,330.9552001953125
2025-01-01,CRM,338.63677978515625
2025-02-01,CRM,295.1799011230469
2025-03-01,CRM,265.9542541503906
2025-04-01,CRM,266.3011169433594
2025-05-01,CRM,263.4042663574219
2025-06-01,CRM,270.6700744628906
2025-07-01,CRM,256.8230285644531
2025-08-01,CRM,254.75518798828125
2025-09-01,CRM,235.6174774169922
2025-10-01,CRM,259.34173583984375
2025-11-01,CRM,229.59425354003906
2025-12-01,CRM,263.8232727050781
2020-01-01,CSCO,37.938499450683594
2020-02-01,CSCO,33.19601058959961
2020-03-01,CSCO,32.68057632446289
2020-04-01,CSCO,35.23283767700195
2020-05-01,CSCO,40.132328033447266
2020-06-01,CSCO,39.142032623291016
2020-07-01,CSCO,39.52808380126953
2020-08-01,CSCO,35.71172332763672
2020-09-01,CSCO,33.317962646484375
2020-10-01,CSCO,30.365964889526367
2020-11-01,CSCO,36.724037170410156
2020-12-01,CSCO,38.200843811035156
2021-01-01,CSCO,38.05573654174805
2021-02-01,CSCO,38.613929748535156
2021-03-01,CSCO,44.500240325927734
2021-04-01,CSCO,43.811790466308594
2021-05-01,CSCO,45.850704193115234
2021-06-01,CSCO,45.9373664855957
2021-07-01,CSCO,47.991554260253906
2021-08-01,CSCO,51.5118293762207
2021-09-01,CSCO,47.50572967529297
2021-10-01,CSCO,48.849822998046875
2021-11-01,CSCO,48.18691635131836
2021-12-01,CSCO,55.682071685791016
2022-01-01,CSCO,48.91622543334961
2022-02-01,CSCO,49.29286193847656
2022-03-01,CSCO,49.28401184082031
2022-04-01,CSCO,43.291446685791016
2022-05-01,CSCO,40.090553283691406
2022-06-01,CSCO,37.945865631103516
2022-07-01,CSCO,40.37533187866211
2022-08-01,CSCO,40.15507125854492
2022-09-01,CSCO,35.91688537597656
2022-10-01,CSCO,40.79259490966797
2022-11-01,CSCO,45.05937194824219
2022-12-01,CSCO,43.17434310913086
2023-01-01,CSCO,44.10780334472656
2023-02-01,CSCO,44.231834411621094
2023-03-01,CSCO,47.757965087890625
2023-04-01,CSCO,43.16304397583008
2023-05-01,CSCO,45.71455001831055
2023-06-01,CSCO,47.61970138549805
2023-07-01,CSCO,47.895816802978516
2023-08-01,CSCO,53.183204650878906
2023-09-01,CSCO,49.854042053222656
2023-10-01,CSCO,48.342472076416016
2023-11-01,CSCO,45.188961029052734
2023-12-01,CSCO,47.187808990478516
2024-01-01,CSCO,46.87023162841797
2024-02-01,CSCO,45.53116989135742
2024-03-01,CSCO,46.98079299926758
2024-04-01,CSCO,44.22275161743164
2024-05-01,CSCO,44.1285285949707
2024-06-01,CSCO,45.087013244628906
2024-07-01,CSCO,45.97908020019531
2024-08-01,CSCO,48.373390197753906
2024-09-01,CSCO,50.938507080078125
2024-10-01,CSCO,52.422054290771484
2024-11-01,CSCO,57.104820251464844
2024-12-01,CSCO,57.095176696777344
2025-01-01,CSCO,58.44540023803711
2025-02-01,CSCO,62.25193786621094
2025-03-01,CSCO,59.92149353027344
2025-04-01,CSCO,56.05684280395508
2025-05-01,CSCO,61.62163543701172
2025-06-01,CSCO,67.81898498535156
2025-07-01,CSCO,66.5482406616211
2025-08-01,CSCO,67.9416275024414
2025-09-01,CSCO,67.28277587890625
2025-10-01,CSCO,71.89482116699219
2025-11-01,CSCO,76.11802673339844
2025-12-01,CSCO,76.20706176757812
2020-01-01,CVS,54.96207809448242
2020-02-01,CVS,48.28378677368164
2020-03-01,CVS,48.40616989135742
2020-04-01,CVS,50.217430114746094
2020-05-01,CVS,53.94493865966797
2020-06-01,CVS,53.4513053894043
2020-07-01,CVS,51.781219482421875
2020-08-01,CVS,51.505741119384766
2020-09-01,CVS,48.42137145996094
2020-10-01,CVS,46.50606918334961
2020-11-01,CVS,56.683837890625
2020-12-01,CVS,57.110267639160156
2021-01-01,CVS,59.91143798828125
2021-02-01,CVS,57.34918212890625
2021-03-01,CVS,63.3256950378418
2021-04-01,CVS,64.3105239868164
2021-05-01,CVS,73.23927307128906
2021-06-01,CVS,70.6974105834961
2021-07-01,CVS,69.7823257446289
2021-08-01,CVS,73.64019012451172
2021-09-01,CVS,72.33599853515625
2021-10-01,CVS,76.10366821289062
2021-11-01,CVS,76.35724639892578
2021-12-01,CVS,88.44615936279297
2022-01-01,CVS,91.31834411621094
2022-02-01,CVS,89.34126281738281
2022-03-01,CVS,87.23808288574219
2022-04-01,CVS,82.8593978881836
2022-05-01,CVS,83.82613372802734
2022-06-01,CVS,80.28247833251953
2022-07-01,CVS,82.89906311035156
2022-08-01,CVS,85.53353881835938
2022-09-01,CVS,83.11088562011719
2022-10-01,CVS,82.5270004272461
2022-11-01,CVS,89.32001495361328
2022-12-01,CVS,81.70134735107422
2023-01-01,CVS,77.34407043457031
2023-02-01,CVS,73.74687957763672
2023-03-01,CVS,65.598876953125
2023-04-01,CVS,64.71611022949219
2023-05-01,CVS,60.5486946105957
2023-06-01,CVS,61.5277099609375
2023-07-01,CVS,66.47628784179688
2023-08-01,CVS,58.47886657714844
2023-09-01,CVS,62.65144729614258
2023-10-01,CVS,61.924617767333984
2023-11-01,CVS,61.49679946899414
2023-12-01,CVS,71.461181640625
2024-01-01,CVS,67.30709838867188
2024-02-01,CVS,67.9184341430664
2024-03-01,CVS,72.84085845947266
2024-04-01,CVS,61.836181640625
2024-05-01,CVS,54.95640563964844
2024-06-01,CVS,54.45848083496094
2024-07-01,CVS,55.6295280456543
2024-08-01,CVS,53.376136779785156
2024-09-01,CVS,58.635414123535156
2024-10-01,CVS,52.64878463745117
2024-11-01,CVS,56.431880950927734
2024-12-01,CVS,42.32626724243164
2025-01-01,CVS,53.25434112548828
2025-02-01,CVS,62.75417709350586
2025-03-01,CVS,64.69255065917969
2025-04-01,CVS,63.69949722290039
2025-05-01,CVS,61.780399322509766
2025-06-01,CVS,66.54609680175781
2025-07-01,CVS,59.90884780883789
2025-08-01,CVS,71.33859252929688
2025-09-01,CVS,73.52312469482422
2025-10-01,CVS,76.21477508544922
2025-11-01,CVS,79.01073455810547
2025-12-01,CVS,78.02751922607422
2020-01-01,CVX,80.45210266113281
2020-02-01,CVX,70.08959197998047
2020-03-01,CVX,55.046630859375
2020-04-01,CVX,69.89083862304688
2020-05-01,CVX,69.66293334960938
2020-06-01,CVX,68.78166961669922
2020-07-01,CVX,64.70394897460938
2020-08-01,CVX,64.69625091552734
2020-09-01,CVX,56.30030059814453
2020-10-01,CVX,54.345436096191406
2020-11-01,CVX,68.17028045654297
2020-12-01,CVX,67.00724029541016
2021-01-01,CVX,67.60230255126953
2021-02-01,CVX,79.34544372558594
2021-03-01,CVX,84.32140350341797
2021-04-01,CVX,82.93737030029297
2021-05-01,CVX,83.5167236328125
2021-06-01,CVX,85.31282806396484
2021-07-01,CVX,82.92630004882812
2021-08-01,CVX,78.82110595703125
2021-09-01,CVX,83.74713134765625
2021-10-01,CVX,94.51168060302734
2021-11-01,CVX,93.17437744140625
2021-12-01,CVX,97.99224090576172
2022-01-01,CVX,109.66613006591797
2022-02-01,CVX,120.24612426757812
2022-03-01,CVX,137.39755249023438
2022-04-01,CVX,132.19969177246094
2022-05-01,CVX,147.3798065185547
2022-06-01,CVX,123.17179107666016
2022-07-01,CVX,139.33604431152344
2022-08-01,CVX,134.46978759765625
2022-09-01,CVX,123.33805847167969
2022-10-01,CVX,155.29928588867188
2022-11-01,CVX,157.36825561523438
2022-12-01,CVX,155.28079223632812
2023-01-01,CVX,150.548583984375
2023-02-01,CVX,139.08570861816406
2023-03-01,CVX,142.4011688232422
2023-04-01,CVX,147.131591796875
2023-05-01,CVX,131.45663452148438
2023-06-01,CVX,138.67518615722656
2023-07-01,CVX,144.23631286621094
2023-08-01,CVX,141.98013305664062
2023-09-01,CVX,150.0358123779297
2023-10-01,CVX,129.66860961914062
2023-11-01,CVX,127.77335357666016
2023-12-01,CVX,134.11180114746094
2024-01-01,CVX,132.55633544921875
2024-02-01,CVX,136.6742706298828
2024-03-01,CVX,143.37376403808594
2024-04-01,CVX,146.58229064941406
2024-05-01,CVX,147.5184783935547
2024-06-01,CVX,143.60963439941406
2024-07-01,CVX,147.32797241210938
2024-08-01,CVX,135.83334350585938
2024-09-01,CVX,136.72227478027344
2024-10-01,CVX,138.1612548828125
2024-11-01,CVX,150.33230590820312
2024-12-01,CVX,135.83798217773438
2025-01-01,CVX,139.91763305664062
2025-02-01,CVX,148.7615203857422
2025-03-01,CVX,158.6328887939453
2025-04-01,CVX,129.0189971923828
2025-05-01,CVX,129.62588500976562
2025-06-01,CVX,137.43389892578125
2025-07-01,CVX,145.54420471191406
2025-08-01,CVX,154.14402770996094
2025-09-01,CVX,150.7066650390625
2025-10-01,CVX,153.06497192382812
2025-11-01,CVX,146.6694793701172
2025-12-01,CVX,149.56362915039062
2020-01-01,DE,145.6256103515625
2020-02-01,DE,143.69723510742188
2020-03-01,DE,126.87374114990234
2020-04-01,DE,133.96360778808594
2020-05-01,DE,140.48358154296875
2020-06-01,DE,145.12879943847656
2020-07-01,DE,163.65773010253906
2020-08-01,DE,194.98574829101562
2020-09-01,DE,205.72547912597656
2020-10-01,DE,210.41900634765625
2020-11-01,DE,243.68032836914062
2020-12-01,DE,250.600830078125
2021-01-01,DE,269.7692565917969
2021-02-01,DE,326.1144104003906
2021-03-01,DE,349.4857177734375
2021-04-01,DE,347.2618713378906
2021-05-01,DE,338.13201904296875
2021-06-01,DE,330.2756652832031
2021-07-01,DE,339.4639892578125
2021-08-01,DE,354.8980407714844
2021-09-01,DE,314.5668029785156
2021-10-01,DE,322.3199462890625
2021-11-01,DE,325.3612976074219
2021-12-01,DE,322.8660888671875
2022-01-01,DE,355.4989013671875
2022-02-01,DE,340.02850341796875
2022-03-01,DE,392.3898620605469
2022-04-01,DE,357.494140625
2022-05-01,DE,338.7742919921875
2022-06-01,DE,283.561767578125
2022-07-01,DE,326.1419372558594
2022-08-01,DE,347.1162109375
2022-09-01,DE,317.3132629394531
2022-10-01,DE,377.40142822265625
2022-11-01,DE,420.4791259765625
2022-12-01,DE,408.80865478515625
2023-01-01,DE,404.29193115234375
2023-02-01,DE,400.84979248046875
2023-03-01,DE,394.7688293457031
2023-04-01,DE,362.5686950683594
2023-05-01,DE,331.8383483886719
2023-06-01,DE,388.628173828125
2023-07-01,DE,413.3155517578125
2023-08-01,DE,395.36279296875
2023-09-01,DE,363.074951171875
2023-10-01,DE,352.7495422363281
2023-11-01,DE,351.83233642578125
2023-12-01,DE,386.068359375
2024-01-01,DE,381.39141845703125
2024-02-01,DE,353.74493408203125
2024-03-01,DE,398.01995849609375
2024-04-01,DE,380.69287109375
2024-05-01,DE,364.4987487792969
2024-06-01,DE,363.39971923828125
2024-07-01,DE,363.2119140625
2024-08-01,DE,376.6475524902344
2024-09-01,DE,407.4929504394531
2024-10-01,DE,396.5454406738281
2024-11-01,DE,456.5235290527344
2024-12-01,DE,415.1728210449219
2025-01-01,DE,468.75732421875
2025-02-01,DE,472.9180908203125
2025-03-01,DE,461.6653747558594
2025-04-01,DE,457.5632019042969
2025-05-01,DE,499.7108154296875
2025-06-01,DE,501.9119567871094
2025-07-01,DE,519.22509765625
2025-08-01,DE,473.9438171386719
2025-09-01,DE,452.7735900878906
2025-10-01,DE,458.6970520019531
2025-11-01,DE,461.53887939453125
2025-12-01,DE,462.6120300292969
2020-01-01,DHR,138.64642333984375
2020-02-01,DHR,124.60680389404297
2020-03-01,DHR,119.28919982910156
2020-04-01,DHR,141.0749969482422
2020-05-01,DHR,143.7935791015625
2020-06-01,DHR,152.6140594482422
2020-07-01,DHR,176.07545471191406
2020-08-01,DHR,178.3822479248047
2020-09-01,DHR,186.03697204589844
2020-10-01,DHR,198.48927307128906
2020-11-01,DHR,194.24346923828125
2020-12-01,DHR,192.09027099609375
2021-01-01,DHR,205.83445739746094
2021-02-01,DHR,190.10955810546875
2021-03-01,DHR,194.7915496826172
2021-04-01,DHR,219.97842407226562
2021-05-01,DHR,221.8842010498047
2021-06-01,DHR,232.4698944091797
2021-07-01,DHR,257.90570068359375
2021-08-01,DHR,281.0269775390625
2021-09-01,DHR,263.930908203125
2021-10-01,DHR,270.47247314453125
2021-11-01,DHR,279.0350646972656
2021-12-01,DHR,285.4288024902344
2022-01-01,DHR,248.09490966796875
2022-02-01,DHR,238.21588134765625
2022-03-01,DHR,254.64035034179688
2022-04-01,DHR,218.19720458984375
2022-05-01,DHR,229.2230682373047
2022-06-01,DHR,220.27374267578125
2022-07-01,DHR,253.50479125976562
2022-08-01,DHR,234.7530517578125
2022-09-01,DHR,224.64659118652344
2022-10-01,DHR,219.0946502685547
2022-11-01,DHR,238.0206756591797
2022-12-01,DHR,231.06488037109375
2023-01-01,DHR,230.381591796875
2023-02-01,DHR,215.69842529296875
2023-03-01,DHR,219.62844848632812
2023-04-01,DHR,206.6696014404297
2023-05-01,DHR,200.31015014648438
2023-06-01,DHR,209.3651885986328
2023-07-01,DHR,222.75900268554688
2023-08-01,DHR,231.44024658203125
2023-09-01,DHR,216.6804656982422
2023-10-01,DHR,189.16839599609375
2023-11-01,DHR,220.265625
2023-12-01,DHR,228.18614196777344
2024-01-01,DHR,236.8834686279297
2024-02-01,DHR,249.94654846191406
2024-03-01,DHR,246.5697021484375
2024-04-01,DHR,243.7737274169922
2024-05-01,DHR,253.836181640625
2024-06-01,DHR,246.96649169921875
2024-07-01,DHR,274.17620849609375
2024-08-01,DHR,266.4876403808594
2024-09-01,DHR,275.10638427734375
2024-10-01,DHR,243.32273864746094
2024-11-01,DHR,237.40956115722656
2024-12-01,DHR,227.3660125732422
2025-01-01,DHR,220.87864685058594
2025-02-01,DHR,206.02383422851562
2025-03-01,DHR,203.28689575195312
2025-04-01,DHR,197.96578979492188
2025-05-01,DHR,188.600341796875
2025-06-01,DHR,196.1880340576172
2025-07-01,DHR,196.12216186523438
2025-08-01,DHR,204.73658752441406
2025-09-01,DHR,197.21636962890625
2025-10-01,DHR,214.624755859375
2025-11-01,DHR,225.98475646972656
2025-12-01,DHR,228.1172637939453
2020-01-01,DIS,135.1278076171875
2020-02-01,DIS,114.94316864013672
2020-03-01,DIS,94.37745666503906
2020-04-01,DIS,105.66172790527344
2020-05-01,DIS,114.60120391845703
2020-06-01,DIS,108.9444351196289
2020-07-01,DIS,114.24949645996094
2020-08-01,DIS,128.83599853515625
2020-09-01,DIS,121.2252197265625
2020-10-01,DIS,118.4603271484375
2020-11-01,DIS,144.60464477539062
2020-12-01,DIS,177.01145935058594
2021-01-01,DIS,164.30081176757812
2021-02-01,DIS,184.6906280517578
2021-03-01,DIS,180.27462768554688
2021-04-01,DIS,181.74012756347656
2021-05-01,DIS,174.5396728515625
2021-06-01,DIS,171.72596740722656
2021-07-01,DIS,171.97021484375
2021-08-01,DIS,177.1287078857422
2021-09-01,DIS,165.27781677246094
2021-10-01,DIS,165.1801300048828
2021-11-01,DIS,141.56619262695312
2021-12-01,DIS,151.3263397216797
2022-01-01,DIS,139.68060302734375
2022-02-01,DIS,145.0443115234375
2022-03-01,DIS,134.0042724609375
2022-04-01,DIS,109.06166076660156
2022-05-01,DIS,107.89904022216797
2022-06-01,DIS,92.22808837890625
2022-07-01,DIS,103.65888977050781
2022-08-01,DIS,109.50131225585938
2022-09-01,DIS,92.15969848632812
2022-10-01,DIS,104.08877563476562
2022-11-01,DIS,95.61824798583984
2022-12-01,DIS,84.88109588623047
2023-01-01,DIS,105.99391174316406
2023-02-01,DIS,97.3182144165039
2023-03-01,DIS,97.82624816894531
2023-04-01,DIS,100.14171600341797
2023-05-01,DIS,85.9362564086914
2023-06-01,DIS,87.22587585449219
2023-07-01,DIS,86.8448486328125
2023-08-01,DIS,81.75472259521484
2023-09-01,DIS,79.18523406982422
2023-10-01,DIS,79.71280670166016
2023-11-01,DIS,90.55742645263672
2023-12-01,DIS,88.21263885498047
2024-01-01,DIS,94.14595794677734
2024-02-01,DIS,109.36809539794922
2024-03-01,DIS,119.93440246582031
2024-04-01,DIS,108.89761352539062
2024-05-01,DIS,101.85014343261719
2024-06-01,DIS,97.32172393798828
2024-07-01,DIS,91.8327407836914
2024-08-01,DIS,88.99705505371094
2024-09-01,DIS,94.7181625366211
2024-10-01,DIS,94.72799682617188
2024-11-01,DIS,115.67253875732422
2024-12-01,DIS,109.64618682861328
2025-01-01,DIS,111.82332611083984
2025-02-01,DIS,112.55523681640625
2025-03-01,DIS,97.62039947509766
2025-04-01,DIS,89.95516967773438
2025-05-01,DIS,111.80354309082031
2025-06-01,DIS,122.65355682373047
2025-07-01,DIS,118.30953216552734
2025-08-01,DIS,117.58443450927734
2025-09-01,DIS,113.73051452636719
2025-10-01,DIS,111.86315155029297
2025-11-01,DIS,103.7679214477539
2025-12-01,DIS,113.00541687011719
2020-01-01,DUK,75.591552734375
2020-02-01,DUK,71.00015258789062
2020-03-01,DUK,63.232845306396484
2020-04-01,DUK,66.18810272216797
2020-05-01,DUK,66.94646453857422
2020-06-01,DUK,63.188053131103516
2020-07-01,DUK,67.02408599853516
2020-08-01,DUK,63.5439453125
2020-09-01,DUK,70.85639190673828
2020-10-01,DUK,73.69673156738281
2020-11-01,DUK,74.13678741455078
2020-12-01,DUK,73.99039459228516
2021-01-01,DUK,75.96220397949219
2021-02-01,DUK,69.16600036621094
2021-03-01,DUK,78.8184585571289
2021-04-01,DUK,82.21517181396484
2021-05-01,DUK,81.8313980102539
2021-06-01,DUK,81.38249969482422
2021-07-01,DUK,86.65028381347656
2021-08-01,DUK,86.279296875
2021-09-01,DUK,81.19744110107422
2021-10-01,DUK,84.87501525878906
2021-11-01,DUK,80.71488952636719
2021-12-01,DUK,88.13097381591797
2022-01-01,DUK,88.26541137695312
2022-02-01,DUK,84.3587417602539
2022-03-01,DUK,94.74820709228516
2022-04-01,DUK,93.47537994384766
2022-05-01,DUK,95.47794342041016
2022-06-01,DUK,91.79483795166016
2022-07-01,DUK,94.12376403808594
2022-08-01,DUK,91.5379867553711
2022-09-01,DUK,80.37911224365234
2022-10-01,DUK,80.5173568725586
2022-11-01,DUK,86.35008239746094
2022-12-01,DUK,89.91692352294922
2023-01-01,DUK,89.44547271728516
2023-02-01,DUK,82.29507446289062
2023-03-01,DUK,85.08602142333984
2023-04-01,DUK,87.21163177490234
2023-05-01,DUK,78.75331115722656
2023-06-01,DUK,79.96077728271484
2023-07-01,DUK,83.41796875
2023-08-01,DUK,79.12321472167969
2023-09-01,DUK,79.53104400634766
2023-10-01,DUK,80.0987319946289
2023-11-01,DUK,83.1534652709961
2023-12-01,DUK,88.45448303222656
2024-01-01,DUK,87.3515396118164
2024-02-01,DUK,83.70543670654297
2024-03-01,DUK,89.15414428710938
2024-04-01,DUK,90.58305358886719
2024-05-01,DUK,95.47817993164062
2024-06-01,DUK,93.32469940185547
2024-07-01,DUK,101.74189758300781
2024-08-01,DUK,106.09947204589844
2024-09-01,DUK,108.3575668334961
2024-10-01,DUK,108.32936096191406
2024-11-01,DUK,110.0021743774414
2024-12-01,DUK,102.21786499023438
2025-01-01,DUK,106.25003814697266
2025-02-01,DUK,111.46813201904297
2025-03-01,DUK,116.78955078125
2025-04-01,DUK,116.8374252319336
2025-05-01,DUK,112.72006225585938
2025-06-01,DUK,114.01582336425781
2025-07-01,DUK,117.53292846679688
2025-08-01,DUK,118.35423278808594
2025-09-01,DUK,120.60536193847656
2025-10-01,DUK,121.14138793945312
2025-11-01,DUK,120.79053497314453
2025-12-01,DUK,115.2244644165039
2020-01-01,EMR,62.15701675415039
2020-02-01,EMR,55.63153839111328
2020-03-01,EMR,41.62437438964844
2020-04-01,EMR,49.818206787109375
2020-05-01,EMR,53.303646087646484
2020-06-01,EMR,54.71303176879883
2020-07-01,EMR,54.69538497924805
2020-08-01,EMR,61.27540969848633
2020-09-01,EMR,58.24109649658203
2020-10-01,EMR,57.54826736450195
2020-11-01,EMR,68.23365020751953
2020-12-01,EMR,71.87146759033203
2021-01-01,EMR,70.95928192138672
2021-02-01,EMR,76.8166732788086
2021-03-01,EMR,81.16171264648438
2021-04-01,EMR,81.40460968017578
2021-05-01,EMR,86.08253479003906
2021-06-01,EMR,87.04821014404297
2021-07-01,EMR,91.25410461425781
2021-08-01,EMR,95.42382049560547
2021-09-01,EMR,85.61768341064453
2021-10-01,EMR,88.17167663574219
2021-11-01,EMR,79.83714294433594
2021-12-01,EMR,84.94845581054688
2022-01-01,EMR,84.01646423339844
2022-02-01,EMR,84.90275573730469
2022-03-01,EMR,90.06138610839844
2022-04-01,EMR,82.83260345458984
2022-05-01,EMR,81.43643951416016
2022-06-01,EMR,73.51493072509766
2022-07-01,EMR,83.2472915649414
2022-08-01,EMR,75.54828643798828
2022-09-01,EMR,68.07416534423828
2022-10-01,EMR,80.5138168334961
2022-11-01,EMR,89.03935241699219
2022-12-01,EMR,89.82077026367188
2023-01-01,EMR,84.36009979248047
2023-02-01,EMR,77.33787536621094
2023-03-01,EMR,81.97052764892578
2023-04-01,EMR,78.3207015991211
2023-05-01,EMR,73.07173156738281
2023-06-01,EMR,85.56717681884766
2023-07-01,EMR,86.4759750366211
2023-08-01,EMR,93.00782775878906
2023-09-01,EMR,91.91511535644531
2023-10-01,EMR,84.68144989013672
2023-11-01,EMR,84.61483764648438
2023-12-01,EMR,93.192138671875
2024-01-01,EMR,87.83020782470703
2024-02-01,EMR,102.30741119384766
2024-03-01,EMR,109.13739013671875
2024-04-01,EMR,103.71036529541016
2024-05-01,EMR,107.92498779296875
2024-06-01,EMR,106.48738861083984
2024-07-01,EMR,113.20569610595703
2024-08-01,EMR,101.87642669677734
2024-09-01,EMR,106.25865173339844
2024-10-01,EMR,105.18993377685547
2024-11-01,EMR,128.82778930664062
2024-12-01,EMR,120.8992919921875
2025-01-01,EMR,126.77206420898438
2025-02-01,EMR,118.63602447509766
2025-03-01,EMR,107.41136932373047
2025-04-01,EMR,102.97346496582031
2025-05-01,EMR,116.95338439941406
2025-06-01,EMR,131.19589233398438
2025-07-01,EMR,143.18092346191406
2025-08-01,EMR,129.8871612548828
2025-09-01,EMR,129.5895233154297
2025-10-01,EMR,137.87779235839844
2025-11-01,EMR,131.76284790039062
2025-12-01,EMR,131.67974853515625
2020-01-01,FDX,128.92063903808594
2020-02-01,FDX,125.82776641845703
2020-03-01,FDX,108.08155822753906
2020-04-01,FDX,113.56083679199219
2020-05-01,FDX,116.95594024658203
2020-06-01,FDX,125.60941314697266
2020-07-01,FDX,151.57693481445312
2020-08-01,FDX,197.87814331054688
2020-09-01,FDX,226.39329528808594
2020-10-01,FDX,234.2171173095703
2020-11-01,FDX,258.68865966796875
2020-12-01,FDX,234.3524932861328
2021-01-01,FDX,212.91131591796875
2021-02-01,FDX,230.24526977539062
2021-03-01,FDX,256.97003173828125
2021-04-01,FDX,263.3262634277344
2021-05-01,FDX,285.549072265625
2021-06-01,FDX,270.6007385253906
2021-07-01,FDX,254.55789184570312
2021-08-01,FDX,241.59130859375
2021-09-01,FDX,199.39990234375
2021-10-01,FDX,214.7726287841797
2021-11-01,FDX,210.06736755371094
2021-12-01,FDX,235.845947265625
2022-01-01,FDX,224.87994384765625
2022-02-01,FDX,203.30299377441406
2022-03-01,FDX,211.6446990966797
2022-04-01,FDX,182.39898681640625
2022-05-01,FDX,206.1143035888672
2022-06-01,FDX,208.06919860839844
2022-07-01,FDX,215.0084686279297
2022-08-01,FDX,194.45681762695312
2022-09-01,FDX,136.95269775390625
2022-10-01,FDX,148.65750122070312
2022-11-01,FDX,169.00653076171875
2022-12-01,FDX,160.64064025878906
2023-01-01,FDX,181.0133819580078
2023-02-01,FDX,189.75314331054688
2023-03-01,FDX,213.34857177734375
2023-04-01,FDX,213.86903381347656
2023-05-01,FDX,204.66754150390625
2023-06-01,FDX,232.76026916503906
2023-07-01,FDX,254.89096069335938
2023-08-01,FDX,246.45909118652344
2023-09-01,FDX,250.14154052734375
2023-10-01,FDX,227.82676696777344
2023-11-01,FDX,245.5992889404297
2023-12-01,FDX,240.0388946533203
2024-01-01,FDX,230.0389404296875
2024-02-01,FDX,237.36083984375
2024-03-01,FDX,276.2298278808594
2024-04-01,FDX,250.8365020751953
2024-05-01,FDX,243.3434600830078
2024-06-01,FDX,287.30548095703125
2024-07-01,FDX,291.19891357421875
2024-08-01,FDX,287.8461608886719
2024-09-01,FDX,263.6735534667969
2024-10-01,FDX,265.1300354003906
2024-11-01,FDX,293.0323181152344
2024-12-01,FDX,272.371826171875
2025-01-01,FDX,257.7030029296875
2025-02-01,FDX,255.78627014160156
2025-03-01,FDX,237.1836395263672
2025-04-01,FDX,205.7570037841797
2025-05-01,FDX,213.35809326171875
2025-06-01,FDX,222.36781311035156
2025-07-01,FDX,220.0424041748047
2025-08-01,FDX,227.50547790527344
2025-09-01,FDX,232.17236328125
2025-10-01,FDX,251.5059814453125
2025-11-01,FDX,273.1666564941406
2025-12-01,FDX,286.22650146484375
2020-01-01,GD,151.08700561523438
2020-02-01,GD,138.30001831054688
2020-03-01,GD,114.58747863769531
2020-04-01,GD,113.12387084960938
2020-05-01,GD,128.21192932128906
2020-06-01,GD,130.50843811035156
2020-07-01,GD,128.1333465576172
2020-08-01,GD,131.3793487548828
2020-09-01,GD,121.77327728271484
2020-10-01,GD,115.52759552001953
2020-11-01,GD,132.38453674316406
2020-12-01,GD,131.9147186279297
2021-01-01,GD,130.01783752441406
2021-02-01,GD,145.9524383544922
2021-03-01,GD,162.10386657714844
2021-04-01,GD,169.84478759765625
2021-05-01,GD,170.6580810546875
2021-06-01,GD,169.1753387451172
2021-07-01,GD,176.15768432617188
2021-08-01,GD,181.14886474609375
2021-09-01,GD,177.27825927734375
2021-10-01,GD,183.35545349121094
2021-11-01,GD,171.9198455810547
2021-12-01,GD,189.66036987304688
2022-01-01,GD,192.962890625
2022-02-01,GD,214.500732421875
2022-03-01,GD,220.65806579589844
2022-04-01,GD,216.4037628173828
2022-05-01,GD,206.8550567626953
2022-06-01,GD,203.4888458251953
2022-07-01,GD,209.67857360839844
2022-08-01,GD,211.7691650390625
2022-09-01,GD,196.26553344726562
2022-10-01,GD,231.07476806640625
2022-11-01,GD,234.77560424804688
2022-12-01,GD,230.7942657470703
2023-01-01,GD,216.79464721679688
2023-02-01,GD,213.13719177246094
2023-03-01,GD,213.41775512695312
2023-04-01,GD,204.18748474121094
2023-05-01,GD,192.0511932373047
2023-06-01,GD,202.36952209472656
2023-07-01,GD,210.2987518310547
2023-08-01,GD,214.49273681640625
2023-09-01,GD,209.1266326904297
2023-10-01,GD,228.37644958496094
2023-11-01,GD,235.1483154296875
2023-12-01,GD,247.2404022216797
2024-01-01,GD,252.3057403564453
2024-02-01,GD,261.5515441894531
2024-03-01,GD,270.39593505859375
2024-04-01,GD,274.7989807128906
2024-05-01,GD,288.34783935546875
2024-06-01,GD,279.0848388671875
2024-07-01,GD,287.3282470703125
2024-08-01,GD,289.3959655761719
2024-09-01,GD,292.1414794921875
2024-10-01,GD,281.90386962890625
2024-11-01,GD,275.8801574707031
2024-12-01,GD,255.9475555419922
2025-01-01,GD,249.6239013671875
2025-02-01,GD,246.6722412109375
2025-03-01,GD,266.183349609375
2025-04-01,GD,265.7341613769531
2025-05-01,GD,273.4637756347656
2025-06-01,GD,286.39605712890625
2025-07-01,GD,305.9859924316406
2025-08-01,GD,320.3469543457031
2025-09-01,GD,336.5632019042969
2025-10-01,GD,340.4124450683594
2025-11-01,GD,338.66705322265625
2025-12-01,GD,333.7401428222656
2020-01-01,GE,60.26456069946289
2020-02-01,GE,52.66493606567383
2020-03-01,GE,38.433773040771484
2020-04-01,GE,32.948272705078125
2020-05-01,GE,31.83383560180664
2020-06-01,GE,33.093624114990234
2020-07-01,GE,29.455265045166016
2020-08-01,GE,30.76546859741211
2020-09-01,GE,30.231685638427734
2020-10-01,GE,36.065792083740234
2020-11-01,GE,49.48109436035156
2020-12-01,GE,52.49468231201172
2021-01-01,GE,51.959171295166016
2021-02-01,GE,61.00822830200195
2021-03-01,GE,63.87864685058594
2021-04-01,GE,63.87705612182617
2021-05-01,GE,68.45362091064453
2021-06-01,GE,65.53240203857422
2021-07-01,GE,63.09735107421875
2021-08-01,GE,64.19973754882812
2021-09-01,GE,62.75020980834961
2021-10-01,GE,63.92052459716797
2021-11-01,GE,57.898441314697266
2021-12-01,GE,57.58150863647461
2022-01-01,GE,57.63801193237305
2022-02-01,GE,58.266380310058594
2022-03-01,GE,55.8200569152832
2022-04-01,GE,45.520469665527344
2022-05-01,GE,47.80412673950195
2022-06-01,GE,38.877113342285156
2022-07-01,GE,45.18356704711914
2022-08-01,GE,44.896240234375
2022-09-01,GE,37.84758377075195
2022-10-01,GE,47.62678527832031
2022-11-01,GE,52.62145233154297
2022-12-01,GE,51.28709030151367
2023-01-01,GE,63.164405822753906
2023-02-01,GE,66.48429870605469
2023-03-01,GE,75.03126525878906
2023-04-01,GE,77.74821472167969
2023-05-01,GE,79.75926971435547
2023-06-01,GE,86.29524230957031
2023-07-01,GE,89.743896484375
2023-08-01,GE,89.98323059082031
2023-09-01,GE,86.90935516357422
2023-10-01,GE,85.4614028930664
2023-11-01,GE,95.82250213623047
2023-12-01,GE,100.40909576416016
2024-01-01,GE,104.2428970336914
2024-02-01,GE,123.50601959228516
2024-03-01,GE,138.17971801757812
2024-04-01,GE,159.61590576171875
2024-05-01,GE,163.18045043945312
2024-06-01,GE,157.08364868164062
2024-07-01,GE,168.18040466308594
2024-08-01,GE,172.8400421142578
2024-09-01,GE,186.65773010253906
2024-10-01,GE,170.2808074951172
2024-11-01,GE,180.57020568847656
2024-12-01,GE,165.3343505859375
2025-01-01,GE,202.1221160888672
2025-02-01,GE,205.5078582763672
2025-03-01,GE,198.7264404296875
2025-04-01,GE,200.47885131835938
2025-05-01,GE,244.615234375
2025-06-01,GE,256.0348205566406
2025-07-01,GE,269.6527404785156
2025-08-01,GE,274.15081787109375
2025-09-01,GE,299.67315673828125
2025-10-01,GE,308.148193359375
2025-11-01,GE,297.67547607421875
2025-12-01,GE,307.2305908203125
2024-03-01,GEV,136.244140625
2024-04-01,GEV,153.14137268066406
2024-05-01,GEV,175.24929809570312
2024-06-01,GEV,170.87551879882812
2024-07-01,GEV,177.58062744140625
2024-08-01,GEV,200.25645446777344
2024-09-01,GEV,254.0367431640625
2024-10-01,GEV,300.5440673828125
2024-11-01,GEV,332.884033203125
2024-12-01,GEV,327.7132263183594
2025-01-01,GEV,371.7799072265625
2025-02-01,GEV,334.1911315917969
2025-03-01,GEV,304.37933349609375
2025-04-01,GEV,369.72601318359375
2025-05-01,GEV,471.9441223144531
2025-06-01,GEV,527.9911499023438
2025-07-01,GEV,658.8438110351562
2025-08-01,GEV,611.8937377929688
2025-09-01,GEV,613.8204345703125
2025-10-01,GEV,584.1126098632812
2025-11-01,GEV,598.966552734375
2025-12-01,GEV,652.6944580078125
2020-01-01,GILD,49.84187698364258
2020-02-01,GILD,54.69988250732422
2020-03-01,GILD,58.95852279663086
2020-04-01,GILD,66.86245727539062
2020-05-01,GILD,61.95124435424805
2020-06-01,GILD,61.242828369140625
2020-07-01,GILD,55.83725357055664
2020-08-01,GILD,53.604740142822266
2020-09-01,GILD,50.745811462402344
2020-10-01,GILD,47.187652587890625
2020-11-01,GILD,49.232582092285156
2020-12-01,GILD,47.27690505981445
2021-01-01,GILD,53.83568572998047
2021-02-01,GILD,50.38888931274414
2021-03-01,GILD,53.039634704589844
2021-04-01,GILD,52.6805305480957
2021-05-01,GILD,54.871734619140625
2021-06-01,GILD,57.15427017211914
2021-07-01,GILD,57.27245330810547
2021-08-01,GILD,61.03803634643555
2021-09-01,GILD,58.58076477050781
2021-10-01,GILD,54.9610481262207
2021-11-01,GILD,58.39188766479492
2021-12-01,GILD,61.50926971435547
2022-01-01,GILD,58.77105712890625
2022-02-01,GILD,51.6856803894043
2022-03-01,GILD,50.87273025512695
2022-04-01,GILD,51.42586135864258
2022-05-01,GILD,56.200992584228516
2022-06-01,GILD,53.56644058227539
2022-07-01,GILD,52.428226470947266
2022-08-01,GILD,55.6923828125
2022-09-01,GILD,54.1304931640625
2022-10-01,GILD,69.6262435913086
2022-11-01,GILD,77.9413070678711
2022-12-01,GILD,76.18421173095703
2023-01-01,GILD,75.1070556640625
2023-02-01,GILD,72.05587005615234
2023-03-01,GILD,74.23912048339844
2023-04-01,GILD,74.25955963134766
2023-05-01,GILD,69.49922943115234
2023-06-01,GILD,69.61663818359375
2023-07-01,GILD,69.44046020507812
2023-08-01,GILD,69.75054168701172
2023-09-01,GILD,68.34605407714844
2023-10-01,GILD,72.33098602294922
2023-11-01,GILD,70.54434204101562
2023-12-01,GILD,74.60570526123047
2024-01-01,GILD,72.72959899902344
2024-02-01,GILD,67.0049057006836
2024-03-01,GILD,68.07363891601562
2024-04-01,GILD,61.21318435668945
2024-05-01,GILD,60.340057373046875
2024-06-01,GILD,64.41468048095703
2024-07-01,GILD,72.28482055664062
2024-08-01,GILD,75.07889556884766
2024-09-01,GILD,79.67866516113281
2024-10-01,GILD,85.20038604736328
2024-11-01,GILD,88.80715942382812
2024-12-01,GILD,88.60572052001953
2025-01-01,GILD,94.0225601196289
2025-02-01,GILD,110.57324981689453
2025-03-01,GILD,108.38713073730469
2025-04-01,GILD,103.78054809570312
2025-05-01,GILD,107.22887420654297
2025-06-01,GILD,107.99839782714844
2025-07-01,GILD,110.15828704833984
2025-08-01,GILD,110.82537078857422
2025-09-01,GILD,108.89276885986328
2025-10-01,GILD,118.33199310302734
2025-11-01,GILD,124.308349609375
2025-12-01,GILD,121.24607849121094
2020-01-01,GM,31.752296447753906
2020-02-01,GM,29.004045486450195
2020-03-01,GM,19.760787963867188
2020-04-01,GM,21.455303192138672
2020-05-01,GM,24.910871505737305
2020-06-01,GM,24.352590560913086
2020-07-01,GM,23.957944869995117
2020-08-01,GM,28.520442962646484
2020-09-01,GM,28.48194122314453
2020-10-01,GM,33.23695755004883
2020-11-01,GM,42.19832229614258
2020-12-01,GM,40.0806999206543
2021-01-01,GM,48.78218460083008
2021-02-01,GM,49.407840728759766
2021-03-01,GM,55.308292388916016
2021-04-01,GM,55.07727813720703
2021-05-01,GM,57.08901596069336
2021-06-01,GM,56.95425796508789
2021-07-01,GM,54.71151351928711
2021-08-01,GM,47.17471694946289
2021-09-01,GM,50.73616409301758
2021-10-01,GM,52.391754150390625
2021-11-01,GM,55.702938079833984
2021-12-01,GM,56.434478759765625
2022-01-01,GM,50.75541305541992
2022-02-01,GM,44.97047424316406
2022-03-01,GM,42.10206604003906
2022-04-01,GM,36.49037551879883
2022-05-01,GM,37.23154067993164
2022-06-01,GM,30.5706787109375
2022-07-01,GM,34.90217208862305
2022-08-01,GM,36.77914810180664
2022-09-01,GM,30.958847045898438
2022-10-01,GM,37.86646270751953
2022-11-01,GM,39.13029098510742
2022-12-01,GM,32.45420837402344
2023-01-01,GM,38.01835250854492
2023-02-01,GM,37.457550048828125
2023-03-01,GM,35.46574783325195
2023-04-01,GM,32.02067947387695
2023-05-01,GM,31.41010856628418
2023-06-01,GM,37.37038040161133
2023-07-01,GM,37.28978729248047
2023-08-01,GM,32.56660842895508
2023-09-01,GM,32.12841033935547
2023-10-01,GM,27.48016929626465
2023-11-01,GM,30.79338264465332
2023-12-01,GM,35.103084564208984
2024-01-01,GM,37.9175910949707
2024-02-01,GM,40.04800796508789
2024-03-01,GM,44.449913024902344
2024-04-01,GM,43.646183013916016
2024-05-01,GM,44.09705352783203
2024-06-01,GM,45.53787612915039
2024-07-01,GM,43.5549430847168
2024-08-01,GM,48.92068862915039
2024-09-01,GM,44.06596374511719
2024-10-01,GM,50.008399963378906
2024-11-01,GM,54.76688766479492
2024-12-01,GM,52.48124313354492
2025-01-01,GM,48.837425231933594
2025-02-01,GM,48.51157760620117
2025-03-01,GM,46.43800735473633
2025-04-01,GM,44.784400939941406
2025-05-01,GM,49.11039352416992
2025-06-01,GM,48.71441650390625
2025-07-01,GM,52.97098922729492
2025-08-01,GM,58.18467330932617
2025-09-01,GM,60.5482063293457
2025-10-01,GM,68.78947448730469
2025-11-01,GM,73.20020294189453
2025-12-01,GM,80.96627807617188
2020-01-01,GOOG,71.12754821777344
2020-02-01,GOOG,66.42119598388672
2020-03-01,GOOG,57.667057037353516
2020-04-01,GOOG,66.8838882446289
2020-05-01,GOOG,70.86421203613281
2020-06-01,GOOG,70.10493469238281
2020-07-01,GOOG,73.54421997070312
2020-08-01,GOOG,81.04364013671875
2020-09-01,GOOG,72.88165283203125
2020-10-01,GOOG,80.3905029296875
2020-11-01,GOOG,87.32012176513672
2020-12-01,GOOG,86.8807144165039
2021-01-01,GOOG,91.03956604003906
2021-02-01,GOOG,101.01368713378906
2021-03-01,GOOG,102.58924865722656
2021-04-01,GOOG,119.52470397949219
2021-05-01,GOOG,119.59613037109375
2021-06-01,GOOG,124.2955322265625
2021-07-01,GOOG,134.119873046875
2021-08-01,GOOG,144.27749633789062
2021-09-01,GOOG,132.18031311035156
2021-10-01,GOOG,147.06312561035156
2021-11-01,GOOG,141.29200744628906
2021-12-01,GOOG,143.5013885498047
2022-01-01,GOOG,134.593505859375
2022-02-01,GOOG,133.79258728027344
2022-03-01,GOOG,138.5123291015625
2022-04-01,GOOG,114.03032684326172
2022-05-01,GOOG,113.1103744506836
2022-06-01,GOOG,108.48186492919922
2022-07-01,GOOG,115.69017791748047
2022-08-01,GOOG,108.26117706298828
2022-09-01,GOOG,95.3670425415039
2022-10-01,GOOG,93.8891830444336
2022-11-01,GOOG,100.6238784790039
2022-12-01,GOOG,88.0074691772461
2023-01-01,GOOG,99.05675506591797
2023-02-01,GOOG,89.56468963623047
2023-03-01,GOOG,103.15313720703125
2023-04-01,GOOG,107.3387680053711
2023-05-01,GOOG,122.36539459228516
2023-06-01,GOOG,119.98493194580078
2023-07-01,GOOG,132.02609252929688
2023-08-01,GOOG,136.2315673828125
2023-09-01,GOOG,130.7763214111328
2023-10-01,GOOG,124.27967834472656
2023-11-01,GOOG,132.82948303222656
2023-12-01,GOOG,139.78237915039062
2024-01-01,GOOG,140.6453094482422
2024-02-01,GOOG,138.64173889160156
2024-03-01,GOOG,151.02012634277344
2024-04-01,GOOG,163.29933166503906
2024-05-01,GOOG,172.54344177246094
2024-06-01,GOOG,181.92640686035156
2024-07-01,GOOG,171.93545532226562
2024-08-01,GOOG,163.9518585205078
2024-09-01,GOOG,166.01727294921875
2024-10-01,GOOG,171.7044219970703
2024-11-01,GOOG,169.5169677734375
2024-12-01,GOOG,189.35311889648438
2025-01-01,GOOG,204.6585235595703
2025-02-01,GOOG,171.4313507080078
2025-03-01,GOOG,155.51458740234375
2025-04-01,GOOG,160.335693359375
2025-05-01,GOOG,172.25448608398438
2025-06-01,GOOG,176.7788543701172
2025-07-01,GOOG,192.42657470703125
2025-08-01,GOOG,213.0501251220703
2025-09-01,GOOG,243.00267028808594
2025-10-01,GOOG,281.43798828125
2025-11-01,GOOG,319.6860656738281
2025-12-01,GOOG,313.3746337890625
2020-01-01,GOOGL,71.0517578125
2020-02-01,GOOGL,66.41358947753906
2020-03-01,GOOGL,57.62126159667969
2020-04-01,GOOGL,66.78304290771484
2020-05-01,GOOGL,71.08845520019531
2020-06-01,GOOGL,70.32129669189453
2020-07-01,GOOGL,73.78764343261719
2020-08-01,GOOGL,80.80862426757812
2020-09-01,GOOGL,72.6792984008789
2020-10-01,GOOGL,80.14311218261719
2020-11-01,GOOGL,87.00093841552734
2020-12-01,GOOGL,86.91366577148438
2021-01-01,GOOGL,90.61903381347656
2021-02-01,GOOGL,100.26679992675781
2021-03-01,GOOGL,102.28065490722656
2021-04-01,GOOGL,116.71039581298828
2021-05-01,GOOGL,116.87651824951172
2021-06-01,GOOGL,121.0887222290039
2021-07-01,GOOGL,133.62213134765625
2021-08-01,GOOGL,143.51138305664062
2021-09-01,GOOGL,132.58021545410156
2021-10-01,GOOGL,146.8324432373047
2021-11-01,GOOGL,140.7343292236328
2021-12-01,GOOGL,143.66458129882812
2022-01-01,GOOGL,134.1943817138672
2022-02-01,GOOGL,133.94993591308594
2022-03-01,GOOGL,137.9275360107422
2022-04-01,GOOGL,113.17411041259766
2022-05-01,GOOGL,112.8294677734375
2022-06-01,GOOGL,108.0698013305664
2022-07-01,GOOGL,115.36649322509766
2022-08-01,GOOGL,107.3328857421875
2022-09-01,GOOGL,94.86593627929688
2022-10-01,GOOGL,93.73527526855469
2022-11-01,GOOGL,100.16216278076172
2022-12-01,GOOGL,87.50675201416016
2023-01-01,GOOGL,98.02978515625
2023-02-01,GOOGL,89.32174682617188
2023-03-01,GOOGL,102.87971496582031
2023-04-01,GOOGL,106.46009063720703
2023-05-01,GOOGL,121.86280822753906
2023-06-01,GOOGL,118.71878814697266
2023-07-01,GOOGL,131.63204956054688
2023-08-01,GOOGL,135.0537872314453
2023-09-01,GOOGL,129.7873077392578
2023-10-01,GOOGL,123.0628890991211
2023-11-01,GOOGL,131.443603515625
2023-12-01,GOOGL,138.54493713378906
2024-01-01,GOOGL,138.9515838623047
2024-02-01,GOOGL,137.32501220703125
2024-03-01,GOOGL,149.6927947998047
2024-04-01,GOOGL,161.44566345214844
2024-05-01,GOOGL,171.08596801757812
2024-06-01,GOOGL,180.65687561035156
2024-07-01,GOOGL,170.32911682128906
2024-08-01,GOOGL,162.22671508789062
2024-09-01,GOOGL,164.6792755126953
2024-10-01,GOOGL,170.1276092529297
2024-11-01,GOOGL,167.98001098632812
2024-12-01,GOOGL,188.21315002441406
2025-01-01,GOOGL,203.08111572265625
2025-02-01,GOOGL,169.4963836669922
2025-03-01,GOOGL,153.92837524414062
2025-04-01,GOOGL,158.2512664794922
2025-05-01,GOOGL,171.1465606689453
2025-06-01,GOOGL,175.6210479736328
2025-07-01,GOOGL,191.46839904785156
2025-08-01,GOOGL,212.43115234375
2025-09-01,GOOGL,242.5532684326172
2025-10-01,GOOGL,280.8085021972656
2025-11-01,GOOGL,319.7456359863281
2025-12-01,GOOGL,312.5753479003906
2020-01-01,GS,205.0775604248047
2020-02-01,GS,173.17950439453125
2020-03-01,GS,134.1610107421875
2020-04-01,GS,159.18113708496094
2020-05-01,GS,170.5239715576172
2020-06-01,GS,172.57669067382812
2020-07-01,GS,172.87362670898438
2020-08-01,GS,178.90789794921875
2020-09-01,GS,176.56472778320312
2020-10-01,GS,166.0834503173828
2020-11-01,GS,202.57896423339844
2020-12-01,GS,231.68568420410156
2021-01-01,GS,239.53843688964844
2021-02-01,GS,282.21307373046875
2021-03-01,GS,288.8558044433594
2021-04-01,GS,309.0128479003906
2021-05-01,GS,329.91510009765625
2021-06-01,GS,337.7119445800781
2021-07-01,GS,333.57427978515625
2021-08-01,GS,367.94793701171875
2021-09-01,GS,338.0117492675781
2021-10-01,GS,369.5926818847656
2021-11-01,GS,340.6583251953125
2021-12-01,GS,342.05322265625
2022-01-01,GS,318.8070373535156
2022-02-01,GS,306.7713928222656
2022-03-01,GS,296.71319580078125
2022-04-01,GS,276.2107849121094
2022-05-01,GS,295.5237121582031
2022-06-01,GS,270.1972961425781
2022-07-01,GS,303.2828369140625
2022-08-01,GS,302.6279296875
2022-09-01,GS,268.5985412597656
2022-10-01,GS,315.7648620605469
2022-11-01,GS,353.930419921875
2022-12-01,GS,316.7931213378906
2023-01-01,GS,337.4864196777344
2023-02-01,GS,324.42279052734375
2023-03-01,GS,301.7828063964844
2023-04-01,GS,319.11712646484375
2023-05-01,GS,300.96099853515625
2023-06-01,GS,301.9792785644531
2023-07-01,GS,333.1846923828125
2023-08-01,GS,306.8197021484375
2023-09-01,GS,305.46966552734375
2023-10-01,GS,286.626220703125
2023-11-01,GS,322.4344787597656
2023-12-01,GS,367.1807861328125
2024-01-01,GS,365.5056457519531
2024-02-01,GS,370.3027038574219
2024-03-01,GS,400.3800048828125
2024-04-01,GS,409.0262145996094
2024-05-01,GS,437.6007995605469
2024-06-01,GS,436.19866943359375
2024-07-01,GS,490.887451171875
2024-08-01,GS,492.0639953613281
2024-09-01,GS,480.2882385253906
2024-10-01,GS,502.2892761230469
2024-11-01,GS,590.3516845703125
2024-12-01,GS,555.4779052734375
2025-01-01,GS,624.306396484375
2025-02-01,GS,606.6514892578125
2025-03-01,GS,535.2022705078125
2025-04-01,GS,536.4367065429688
2025-05-01,GS,588.2630004882812
2025-06-01,GS,696.8414306640625
2025-07-01,GS,712.437255859375
2025-08-01,GS,733.7633666992188
2025-09-01,GS,788.2730102539062
2025-10-01,GS,781.3638916015625
2025-11-01,GS,817.6619262695312
2025-12-01,GS,870.0847778320312
2020-01-01,HD,195.9791259765625
2020-02-01,HD,187.1639404296875
2020-03-01,HD,160.4176483154297
2020-04-01,HD,190.13734436035156
2020-05-01,HD,214.9175567626953
2020-06-01,HD,216.6733856201172
2020-07-01,HD,231.00115966796875
2020-08-01,HD,248.0115203857422
2020-09-01,HD,241.6337432861328
2020-10-01,HD,233.2864532470703
2020-11-01,HD,242.6455841064453
2020-12-01,HD,232.3330535888672
2021-01-01,HD,238.17303466796875
2021-02-01,HD,227.1974639892578
2021-03-01,HD,268.4525451660156
2021-04-01,HD,286.4357604980469
2021-05-01,HD,282.2233581542969
2021-06-01,HD,282.20562744140625
2021-07-01,HD,291.9588623046875
2021-08-01,HD,290.170654296875
2021-09-01,HD,292.02105712890625
2021-10-01,HD,332.3823547363281
2021-11-01,HD,358.19573974609375
2021-12-01,HD,371.0711669921875
2022-01-01,HD,329.4834289550781
2022-02-01,HD,283.5596618652344
2022-03-01,HD,268.74560546875
2022-04-01,HD,271.33392333984375
2022-05-01,HD,273.4564514160156
2022-06-01,HD,247.7322235107422
2022-07-01,HD,273.538330078125
2022-08-01,HD,262.1583557128906
2022-09-01,HD,252.451171875
2022-10-01,HD,270.92254638671875
2022-11-01,HD,296.41094970703125
2022-12-01,HD,290.7212219238281
2023-01-01,HD,298.3699035644531
2023-02-01,HD,272.93896484375
2023-03-01,HD,271.6319580078125
2023-04-01,HD,278.6237487792969
2023-05-01,HD,262.77996826171875
2023-06-01,HD,290.06048583984375
2023-07-01,HD,311.7235412597656
2023-08-01,HD,308.41802978515625
2023-09-01,HD,283.9440002441406
2023-10-01,HD,267.5271911621094
2023-11-01,HD,294.59088134765625
2023-12-01,HD,327.8446350097656
2024-01-01,HD,333.9085998535156
2024-02-01,HD,360.066162109375
2024-03-01,HD,362.89483642578125
2024-04-01,HD,318.0711975097656
2024-05-01,HD,318.6897888183594
2024-06-01,HD,329.88446044921875
2024-07-01,HD,352.80694580078125
2024-08-01,HD,353.1328125
2024-09-01,HD,390.6607971191406
2024-10-01,HD,379.6216125488281
2024-11-01,HD,413.732177734375
2024-12-01,HD,377.0073547363281
2025-01-01,HD,399.2891540527344
2025-02-01,HD,384.3829345703125
2025-03-01,HD,355.2004699707031
2025-04-01,HD,351.60247802734375
2025-05-01,HD,359.2102355957031
2025-06-01,HD,357.6009216308594
2025-07-01,HD,360.67706298828125
2025-08-01,HD,399.2071228027344
2025-09-01,HD,397.656494140625
2025-10-01,HD,374.64593505859375
2025-11-01,HD,352.2712097167969
2025-12-01,HD,339.6181945800781
2020-01-01,HON,142.5756072998047
2020-02-01,HON,133.48043823242188
2020-03-01,HON,110.7171630859375
2020-04-01,HON,117.42855072021484
2020-05-01,HON,120.69734191894531
2020-06-01,HON,120.53683471679688
2020-07-01,HON,124.52166748046875
2020-08-01,HON,138.0100555419922
2020-09-01,HON,138.0023651123047
2020-10-01,HON,138.2874298095703
2020-11-01,HON,170.95828247070312
2020-12-01,HON,179.15512084960938
2021-01-01,HON,164.5582275390625
2021-02-01,HON,170.43740844726562
2021-03-01,HON,183.64520263671875
2021-04-01,HON,188.69598388671875
2021-05-01,HON,195.35411071777344
2021-06-01,HON,186.3617706298828
2021-07-01,HON,198.63014221191406
2021-08-01,HON,197.03289794921875
2021-09-01,HON,181.07418823242188
2021-10-01,HON,186.48216247558594
2021-11-01,HON,172.51010131835938
2021-12-01,HON,178.6269989013672
2022-01-01,HON,175.174560546875
2022-02-01,HON,162.55563354492188
2022-03-01,HON,167.6112518310547
2022-04-01,HON,166.68954467773438
2022-05-01,HON,166.7843017578125
2022-06-01,HON,150.48797607421875
2022-07-01,HON,166.6355438232422
2022-08-01,HON,163.94284057617188
2022-09-01,HON,145.28768920898438
2022-10-01,HON,177.5264892578125
2022-11-01,HON,191.03981018066406
2022-12-01,HON,187.38470458984375
2023-01-01,HON,182.29571533203125
2023-02-01,HON,167.43080139160156
2023-03-01,HON,168.00120544433594
2023-04-01,HON,175.66639709472656
2023-05-01,HON,168.4231719970703
2023-06-01,HON,183.35679626464844
2023-07-01,HON,171.54248046875
2023-08-01,HON,166.0726776123047
2023-09-01,HON,164.1383819580078
2023-10-01,HON,162.8234100341797
2023-11-01,HON,174.07162475585938
2023-12-01,HON,187.42019653320312
2024-01-01,HON,180.76202392578125
2024-02-01,HON,177.60720825195312
2024-03-01,HON,184.44247436523438
2024-04-01,HON,173.1916961669922
2024-05-01,HON,181.6927032470703
2024-06-01,HON,192.90805053710938
2024-07-01,HON,184.9673309326172
2024-08-01,HON,187.82200622558594
2024-09-01,HON,187.75975036621094
2024-10-01,HON,186.82415771484375
2024-11-01,HON,211.5760040283203
2024-12-01,HON,206.1914825439453
2025-01-01,HON,204.210693359375
2025-02-01,HON,194.32513427734375
2025-03-01,HON,194.31898498535156
2025-04-01,HON,193.17185974121094
2025-05-01,HON,208.01077270507812
2025-06-01,HON,214.801513671875
2025-07-01,HON,205.08895874023438
2025-08-01,HON,202.46018981933594
2025-09-01,HON,195.1696014404297
2025-10-01,HON,198.0541534423828
2025-11-01,HON,189.06288146972656
2025-12-01,HON,193.06517028808594
2020-01-01,IBM,104.77810668945312
2020-02-01,IBM,94.87837219238281
2020-03-01,IBM,81.71158599853516
2020-04-01,IBM,92.48810577392578
2020-05-01,IBM,92.00194549560547
2020-06-01,IBM,90.15281677246094
2020-07-01,IBM,91.7726821899414
2020-08-01,IBM,92.04888916015625
2020-09-01,IBM,92.01386260986328
2020-10-01,IBM,84.44371032714844
2020-11-01,IBM,93.4129409790039
2020-12-01,IBM,96.57813262939453
2021-01-01,IBM,91.38401794433594
2021-02-01,IBM,91.24591827392578
2021-03-01,IBM,103.60646057128906
2021-04-01,IBM,110.30828094482422
2021-05-01,IBM,111.75439453125
2021-06-01,IBM,115.24361419677734
2021-07-01,IBM,110.8175277709961
2021-08-01,IBM,110.33011627197266
2021-09-01,IBM,110.47906494140625
2021-10-01,IBM,99.48125457763672
2021-11-01,IBM,97.4030532836914
2021-12-01,IBM,112.66112518310547
2022-01-01,IBM,112.58527374267578
2022-02-01,IBM,103.26287078857422
2022-03-01,IBM,110.91309356689453
2022-04-01,IBM,112.78126525878906
2022-05-01,IBM,118.43696594238281
2022-06-01,IBM,121.90266418457031
2022-07-01,IBM,112.92334747314453
2022-08-01,IBM,110.90300750732422
2022-09-01,IBM,103.87230682373047
2022-10-01,IBM,120.90315246582031
2022-11-01,IBM,130.17918395996094
2022-12-01,IBM,124.64485168457031
2023-01-01,IBM,119.19514465332031
2023-02-01,IBM,114.3912582397461
2023-03-01,IBM,117.3993911743164
2023-04-01,IBM,113.20814514160156
2023-05-01,IBM,115.16048431396484
2023-06-01,IBM,121.46934509277344
2023-07-01,IBM,130.88296508789062
2023-08-01,IBM,133.28855895996094
2023-09-01,IBM,128.8264617919922
2023-10-01,IBM,132.81150817871094
2023-11-01,IBM,145.59315490722656
2023-12-01,IBM,151.8782501220703
2024-01-01,IBM,170.55308532714844
2024-02-01,IBM,171.8253173828125
2024-03-01,IBM,178.94882202148438
2024-04-01,IBM,155.7462158203125
2024-05-01,IBM,156.35531616210938
2024-06-01,IBM,163.68051147460938
2024-07-01,IBM,181.84201049804688
2024-08-01,IBM,191.29656982421875
2024-09-01,IBM,211.06089782714844
2024-10-01,IBM,197.35166931152344
2024-11-01,IBM,217.10401916503906
2024-12-01,IBM,211.52154541015625
2025-01-01,IBM,246.0358428955078
2025-02-01,IBM,242.8990478515625
2025-03-01,IBM,240.8559112548828
2025-04-01,IBM,234.2305908203125
2025-05-01,IBM,250.9294891357422
2025-06-01,IBM,287.42852783203125
2025-07-01,IBM,246.83670043945312
2025-08-01,IBM,237.41761779785156
2025-09-01,IBM,276.9833679199219
2025-10-01,IBM,301.7701110839844
2025-11-01,IBM,302.9186706542969
2025-12-01,IBM,292.3788146972656
2020-01-01,INTC,56.39213943481445
2020-02-01,INTC,48.973731994628906
2020-03-01,INTC,47.973899841308594
2020-04-01,INTC,53.16842269897461
2020-05-01,INTC,55.78340530395508
2020-06-01,INTC,53.335044860839844
2020-07-01,INTC,42.54857635498047
2020-08-01,INTC,45.41902542114258
2020-09-01,INTC,46.472415924072266
2020-10-01,INTC,39.74119186401367
2020-11-01,INTC,43.39399337768555
2020-12-01,INTC,45.03853988647461
2021-01-01,INTC,50.18244171142578
2021-02-01,INTC,54.9466552734375
2021-03-01,INTC,58.20880889892578
2021-04-01,INTC,52.32426071166992
2021-05-01,INTC,51.95136642456055
2021-06-01,INTC,51.37452697753906
2021-07-01,INTC,49.15994644165039
2021-08-01,INTC,49.47108840942383
2021-09-01,INTC,49.074134826660156
2021-10-01,INTC,45.13199996948242
2021-11-01,INTC,45.31621551513672
2021-12-01,INTC,47.7645149230957
2022-01-01,INTC,45.278907775878906
2022-02-01,INTC,44.240142822265625
2022-03-01,INTC,46.315391540527344
2022-04-01,INTC,40.73623275756836
2022-05-01,INTC,41.51189041137695
2022-06-01,INTC,35.237178802490234
2022-07-01,INTC,34.201072692871094
2022-08-01,INTC,30.066041946411133
2022-09-01,INTC,24.518295288085938
2022-10-01,INTC,27.04909324645996
2022-11-01,INTC,28.609432220458984
2022-12-01,INTC,25.48586082458496
2023-01-01,INTC,27.25048828125
2023-02-01,INTC,24.039445877075195
2023-03-01,INTC,31.886810302734375
2023-04-01,INTC,30.315412521362305
2023-05-01,INTC,30.686302185058594
2023-06-01,INTC,32.772010803222656
2023-07-01,INTC,35.05546951293945
2023-08-01,INTC,34.43804931640625
2023-09-01,INTC,34.96520233154297
2023-10-01,INTC,35.89957809448242
2023-11-01,INTC,43.96468734741211
2023-12-01,INTC,49.58590316772461
2024-01-01,INTC,42.51066207885742
2024-02-01,INTC,42.481056213378906
2024-03-01,INTC,43.714012145996094
2024-04-01,INTC,30.155445098876953
2024-05-01,INTC,30.531522750854492
2024-06-01,INTC,30.774776458740234
2024-07-01,INTC,30.546226501464844
2024-08-01,INTC,21.90106964111328
2024-09-01,INTC,23.459999084472656
2024-10-01,INTC,21.520000457763672
2024-11-01,INTC,24.049999237060547
2024-12-01,INTC,20.049999237060547
2025-01-01,INTC,19.43000030517578
2025-02-01,INTC,23.729999542236328
2025-03-01,INTC,22.709999084472656
2025-04-01,INTC,20.100000381469727
2025-05-01,INTC,19.549999237060547
2025-06-01,INTC,22.399999618530273
2025-07-01,INTC,19.799999237060547
2025-08-01,INTC,24.350000381469727
2025-09-01,INTC,33.54999923706055
2025-10-01,INTC,39.9900016784668
2025-11-01,INTC,40.560001373291016
2025-12-01,INTC,36.900001525878906
2020-01-01,INTU,268.3459777832031
2020-02-01,INTU,254.9347381591797
2020-03-01,INTU,220.5566864013672
2020-04-01,INTU,258.732177734375
2020-05-01,INTU,279.0013122558594
2020-06-01,INTU,284.6424560546875
2020-07-01,INTU,294.4256286621094
2020-08-01,INTU,332.4920959472656
2020-09-01,INTU,314.0283508300781
2020-10-01,INTU,302.9288635253906
2020-11-01,INTU,339.4725646972656
2020-12-01,INTU,366.3106384277344
2021-01-01,INTU,348.35430908203125
2021-02-01,INTU,376.83697509765625
2021-03-01,INTU,369.99835205078125
2021-04-01,INTU,398.1061096191406
2021-05-01,INTU,424.7270202636719
2021-06-01,INTU,474.1362609863281
2021-07-01,INTU,512.6342163085938
2021-08-01,INTU,548.2313232421875
2021-09-01,INTU,522.471435546875
2021-10-01,INTU,606.2200317382812
2021-11-01,INTU,632.5037231445312
2021-12-01,INTU,623.6994018554688
2022-01-01,INTU,538.3795166015625
2022-02-01,INTU,460.5076599121094
2022-03-01,INTU,466.7884521484375
2022-04-01,INTU,406.5130615234375
2022-05-01,INTU,402.9018859863281
2022-06-01,INTU,374.6911926269531
2022-07-01,INTU,443.4486999511719
2022-08-01,INTU,420.4346923828125
2022-09-01,INTU,377.1429443359375
2022-10-01,INTU,416.26715087890625
2022-11-01,INTU,397.6302490234375
2022-12-01,INTU,379.7091064453125
2023-01-01,INTU,412.34173583984375
2023-02-01,INTU,398.03350830078125
2023-03-01,INTU,435.8153381347656
2023-04-01,INTU,433.9775695800781
2023-05-01,INTU,410.4342956542969
2023-06-01,INTU,448.6946716308594
2023-07-01,INTU,501.095703125
2023-08-01,INTU,531.4999389648438
2023-09-01,INTU,501.21734619140625
2023-10-01,INTU,485.5316467285156
2023-11-01,INTU,561.5625
2023-12-01,INTU,614.2046508789062
2024-01-01,INTU,620.3955688476562
2024-02-01,INTU,652.3900756835938
2024-03-01,INTU,639.7042236328125
2024-04-01,INTU,615.71044921875
2024-05-01,INTU,568.1018676757812
2024-06-01,INTU,647.7034912109375
2024-07-01,INTU,637.9860229492188
2024-08-01,INTU,622.0039672851562
2024-09-01,INTU,612.8652954101562
2024-10-01,INTU,602.305419921875
2024-11-01,INTU,634.3851318359375
2024-12-01,INTU,621.3065185546875
2025-01-01,INTU,594.6253662109375
2025-02-01,INTU,607.8240356445312
2025-03-01,INTU,607.9725341796875
2025-04-01,INTU,621.3204345703125
2025-05-01,INTU,747.3887329101562
2025-06-01,INTU,781.2730102539062
2025-07-01,INTU,778.7931518554688
2025-08-01,INTU,662.5119018554688
2025-09-01,INTU,678.3148193359375
2025-10-01,INTU,663.05810546875
2025-11-01,INTU,630.9644165039062
2025-12-01,INTU,659.1651611328125
2020-01-01,ISRG,186.5933380126953
2020-02-01,ISRG,177.98666381835938
2020-03-01,ISRG,165.07000732421875
2020-04-01,ISRG,170.2933349609375
2020-05-01,ISRG,193.3433380126953
2020-06-01,ISRG,189.94332885742188
2020-07-01,ISRG,228.47999572753906
2020-08-01,ISRG,243.6133270263672
2020-09-01,ISRG,236.51333618164062
2020-10-01,ISRG,222.36000061035156
2020-11-01,ISRG,242.01666259765625
2020-12-01,ISRG,272.70001220703125
2021-01-01,ISRG,249.2133331298828
2021-02-01,ISRG,245.60000610351562
2021-03-01,ISRG,246.31333923339844
2021-04-01,ISRG,288.3333435058594
2021-05-01,ISRG,280.7266540527344
2021-06-01,ISRG,306.5466613769531
2021-07-01,ISRG,330.4866638183594
2021-08-01,ISRG,351.1866760253906
2021-09-01,ISRG,331.3833312988281
2021-10-01,ISRG,361.1300048828125
2021-11-01,ISRG,324.3399963378906
2021-12-01,ISRG,359.29998779296875
2022-01-01,ISRG,284.17999267578125
2022-02-01,ISRG,290.3299865722656
2022-03-01,ISRG,301.67999267578125
2022-04-01,ISRG,239.3000030517578
2022-05-01,ISRG,227.63999938964844
2022-06-01,ISRG,200.7100067138672
2022-07-01,ISRG,230.1699981689453
2022-08-01,ISRG,205.74000549316406
2022-09-01,ISRG,187.44000244140625
2022-10-01,ISRG,246.47000122070312
2022-11-01,ISRG,270.3900146484375
2022-12-01,ISRG,265.3500061035156
2023-01-01,ISRG,245.69000244140625
2023-02-01,ISRG,229.38999938964844
2023-03-01,ISRG,255.47000122070312
2023-04-01,ISRG,301.2200012207031
2023-05-01,ISRG,307.8399963378906
2023-06-01,ISRG,341.94000244140625
2023-07-01,ISRG,324.3999938964844
2023-08-01,ISRG,312.67999267578125
2023-09-01,ISRG,292.2900085449219
2023-10-01,ISRG,262.2200012207031
2023-11-01,ISRG,310.8399963378906
2023-12-01,ISRG,337.3599853515625
2024-01-01,ISRG,378.2200012207031
2024-02-01,ISRG,385.6000061035156
2024-03-01,ISRG,399.0899963378906
2024-04-01,ISRG,370.6199951171875
2024-05-01,ISRG,402.1199951171875
2024-06-01,ISRG,444.8500061035156
2024-07-01,ISRG,444.6099853515625
2024-08-01,ISRG,492.6300048828125
2024-09-01,ISRG,491.2699890136719
2024-10-01,ISRG,503.8399963378906
2024-11-01,ISRG,542.0
2024-12-01,ISRG,521.9600219726562
2025-01-01,ISRG,571.8800048828125
2025-02-01,ISRG,573.1500244140625
2025-03-01,ISRG,495.2699890136719
2025-04-01,ISRG,515.7999877929688
2025-05-01,ISRG,552.3400268554688
2025-06-01,ISRG,543.4099731445312
2025-07-01,ISRG,481.0899963378906
2025-08-01,ISRG,473.29998779296875
2025-09-01,ISRG,447.2300109863281
2025-10-01,ISRG,534.280029296875
2025-11-01,ISRG,573.47998046875
2025-12-01,ISRG,566.3599853515625
2020-01-01,JNJ,125.07470703125
2020-02-01,JNJ,112.98478698730469
2020-03-01,JNJ,110.87277221679688
2020-04-01,JNJ,126.86150360107422
2020-05-01,JNJ,125.77079010009766
2020-06-01,JNJ,119.72945404052734
2020-07-01,JNJ,124.09700012207031
2020-08-01,JNJ,130.6100616455078
2020-09-01,JNJ,127.59695434570312
2020-10-01,JNJ,117.50953674316406
2020-11-01,JNJ,123.99737548828125
2020-12-01,JNJ,135.81912231445312
2021-01-01,JNJ,140.78138732910156
2021-02-01,JNJ,136.7510986328125
2021-03-01,JNJ,142.71865844726562
2021-04-01,JNJ,141.3118896484375
2021-05-01,JNJ,146.97377014160156
2021-06-01,JNJ,143.94984436035156
2021-07-01,JNJ,150.46839904785156
2021-08-01,JNJ,151.28103637695312
2021-09-01,JNJ,141.957275390625
2021-10-01,JNJ,143.1703338623047
2021-11-01,JNJ,137.06130981445312
2021-12-01,JNJ,151.35421752929688
2022-01-01,JNJ,152.43356323242188
2022-02-01,JNJ,145.6033477783203
2022-03-01,JNJ,157.81082153320312
2022-04-01,JNJ,160.68692016601562
2022-05-01,JNJ,159.8588104248047
2022-06-01,JNJ,159.07582092285156
2022-07-01,JNJ,156.39633178710938
2022-08-01,JNJ,144.58506774902344
2022-09-01,JNJ,147.37893676757812
2022-10-01,JNJ,156.95094299316406
2022-11-01,JNJ,160.58673095703125
2022-12-01,JNJ,160.39743041992188
2023-01-01,JNJ,148.3846435546875
2023-02-01,JNJ,139.159423828125
2023-03-01,JNJ,141.7515869140625
2023-04-01,JNJ,149.7079620361328
2023-05-01,JNJ,141.80645751953125
2023-06-01,JNJ,152.51451110839844
2023-07-01,JNJ,154.3665771484375
2023-08-01,JNJ,148.97622680664062
2023-09-01,JNJ,144.55413818359375
2023-10-01,JNJ,137.6768035888672
2023-11-01,JNJ,143.54249572753906
2023-12-01,JNJ,146.63795471191406
2024-01-01,JNJ,148.65872192382812
2024-02-01,JNJ,150.9788818359375
2024-03-01,JNJ,149.1181640625
2024-04-01,JNJ,136.29808044433594
2024-05-01,JNJ,138.25881958007812
2024-06-01,JNJ,138.89178466796875
2024-07-01,JNJ,150.00045776367188
2024-08-01,JNJ,157.6121368408203
2024-09-01,JNJ,155.1699676513672
2024-10-01,JNJ,153.06353759765625
2024-11-01,JNJ,148.41973876953125
2024-12-01,JNJ,139.58251953125
2025-01-01,JNJ,146.85025024414062
2025-02-01,JNJ,159.27194213867188
2025-03-01,JNJ,161.34461975097656
2025-04-01,JNJ,152.0729522705078
2025-05-01,JNJ,151.0027618408203
2025-06-01,JNJ,149.8834686279297
2025-07-01,JNJ,161.6484832763672
2025-08-01,JNJ,173.84519958496094
2025-09-01,JNJ,183.27584838867188
2025-10-01,JNJ,186.68594360351562
2025-11-01,JNJ,204.5272216796875
2025-12-01,JNJ,205.85565185546875
2020-01-01,JPM,111.1023941040039
2020-02-01,JPM,98.08792114257812
2020-03-01,JPM,76.0559310913086
2020-04-01,JPM,80.89656066894531
2020-05-01,JPM,83.06019592285156
2020-06-01,JPM,80.28611755371094
2020-07-01,JPM,82.48832702636719
2020-08-01,JPM,86.351806640625
2020-09-01,JPM,82.97322082519531
2020-10-01,JPM,84.49877166748047
2020-11-01,JPM,102.54122161865234
2020-12-01,JPM,110.53541564941406
2021-01-01,JPM,111.92721557617188
2021-02-01,JPM,128.94190979003906
2021-03-01,JPM,133.37522888183594
2021-04-01,JPM,134.75953674316406
2021-05-01,JPM,144.74522399902344
2021-06-01,JPM,137.07785034179688
2021-07-01,JPM,133.76416015625
2021-08-01,JPM,141.77670288085938
2021-09-01,JPM,145.09182739257812
2021-10-01,JPM,150.5873565673828
2021-11-01,JPM,141.63232421875
2021-12-01,JPM,141.20433044433594
2022-01-01,JPM,132.51004028320312
2022-02-01,JPM,127.20423126220703
2022-03-01,JPM,122.2883071899414
2022-04-01,JPM,107.07402801513672
2022-05-01,JPM,119.49852752685547
2022-06-01,JPM,101.76760864257812
2022-07-01,JPM,104.25282287597656
2022-08-01,JPM,103.68892669677734
2022-09-01,JPM,95.27383422851562
2022-10-01,JPM,114.7662124633789
2022-11-01,JPM,127.1073989868164
2022-12-01,JPM,123.35436248779297
2023-01-01,JPM,128.74476623535156
2023-02-01,JPM,132.83714294433594
2023-03-01,JPM,120.75347137451172
2023-04-01,JPM,128.10189819335938
2023-05-01,JPM,126.74437713623047
2023-06-01,JPM,135.83157348632812
2023-07-01,JPM,147.52444458007812
2023-08-01,JPM,137.6013641357422
2023-09-01,JPM,136.36949157714844
2023-10-01,JPM,130.76498413085938
2023-11-01,JPM,147.8527374267578
2023-12-01,JPM,161.1337127685547
2024-01-01,JPM,165.16915893554688
2024-02-01,JPM,177.33926391601562
2024-03-01,JPM,190.91183471679688
2024-04-01,JPM,182.75302124023438
2024-05-01,JPM,194.2592010498047
2024-06-01,JPM,193.90447998046875
2024-07-01,JPM,204.00906372070312
2024-08-01,JPM,216.7074737548828
2024-09-01,JPM,203.26931762695312
2024-10-01,JPM,213.93116760253906
2024-11-01,JPM,242.20562744140625
2024-12-01,JPM,232.49684143066406
2025-01-01,JPM,259.25665283203125
2025-02-01,JPM,258.01202392578125
2025-03-01,JPM,239.1473846435547
2025-04-01,JPM,238.4844207763672
2025-05-01,JPM,258.9636535644531
2025-06-01,JPM,284.3793640136719
2025-07-01,JPM,290.588623046875
2025-08-01,JPM,297.09423828125
2025-09-01,JPM,310.9031677246094
2025-10-01,JPM,306.655029296875
2025-11-01,JPM,310.0871887207031
2025-12-01,JPM,319.1398010253906
2020-01-01,KO,48.250057220458984
2020-02-01,KO,44.19340896606445
2020-03-01,KO,36.559329986572266
2020-04-01,KO,38.24681091308594
2020-05-01,KO,38.90523147583008
2020-06-01,KO,37.23834228515625
2020-07-01,KO,39.72966003417969
2020-08-01,KO,41.655574798583984
2020-09-01,KO,41.52101516723633
2020-10-01,KO,40.74647521972656
2020-11-01,KO,43.74776840209961
2020-12-01,KO,46.859275817871094
2021-01-01,KO,41.14285659790039
2021-02-01,KO,41.860618591308594
2021-03-01,KO,45.03924560546875
2021-04-01,KO,46.50834274291992
2021-05-01,KO,47.637020111083984
2021-06-01,KO,46.6203498840332
2021-07-01,KO,49.50642395019531
2021-08-01,KO,48.88140869140625
2021-09-01,KO,45.54799270629883
2021-10-01,KO,49.30279541015625
2021-11-01,KO,45.87425231933594
2021-12-01,KO,52.1883430480957
2022-01-01,KO,53.774879455566406
2022-02-01,KO,54.85901641845703
2022-03-01,KO,54.64748764038086
2022-04-01,KO,57.38388442993164
2022-05-01,KO,56.29144287109375
2022-06-01,KO,55.87401580810547
2022-07-01,KO,57.40487289428711
2022-08-01,KO,55.2042121887207
2022-09-01,KO,50.114078521728516
2022-10-01,KO,53.93064880371094
2022-11-01,KO,57.31878662109375
2022-12-01,KO,57.72529983520508
2023-01-01,KO,55.64714813232422
2023-02-01,KO,54.00459671020508
2023-03-01,KO,56.29146194458008
2023-04-01,KO,58.6618766784668
2023-05-01,KO,54.556007385253906
2023-06-01,KO,55.06809997558594
2023-07-01,KO,57.0631103515625
2023-08-01,KO,55.128135681152344
2023-09-01,KO,51.5806999206543
2023-10-01,KO,52.46358108520508
2023-11-01,KO,54.27458953857422
2023-12-01,KO,55.16545104980469
2024-01-01,KO,55.68968200683594
2024-02-01,KO,56.18582534790039
2024-03-01,KO,57.2717170715332
2024-04-01,KO,58.28654479980469
2024-05-01,KO,59.38113021850586
2024-06-01,KO,60.06052780151367
2024-07-01,KO,63.46492004394531
2024-08-01,KO,68.91372680664062
2024-09-01,KO,68.33367156982422
2024-10-01,KO,62.53086471557617
2024-11-01,KO,61.35320281982422
2024-12-01,KO,60.062774658203125
2025-01-01,KO,61.239715576171875
2025-02-01,KO,68.6969223022461
2025-03-01,KO,69.09245300292969
2025-04-01,KO,70.50611877441406
2025-05-01,KO,70.06879425048828
2025-06-01,KO,68.75682830810547
2025-07-01,KO,66.44650268554688
2025-08-01,KO,67.52310943603516
2025-09-01,KO,64.90988159179688
2025-10-01,KO,67.95220184326172
2025-11-01,KO,72.11415100097656
2025-12-01,KO,68.94831085205078
2020-01-01,LIN,185.7781524658203
2020-02-01,LIN,174.69338989257812
2020-03-01,LIN,158.22189331054688
2020-04-01,LIN,169.06524658203125
2020-05-01,LIN,185.92672729492188
2020-06-01,LIN,194.90423583984375
2020-07-01,LIN,226.2892303466797
2020-08-01,LIN,230.56373596191406
2020-09-01,LIN,219.84518432617188
2020-10-01,LIN,204.18643188476562
2020-11-01,LIN,237.62132263183594
2020-12-01,LIN,244.19161987304688
2021-01-01,LIN,228.25830078125
2021-02-01,LIN,227.2072296142578
2021-03-01,LIN,260.57159423828125
2021-04-01,LIN,267.01678466796875
2021-05-01,LIN,280.8049011230469
2021-06-01,LIN,270.0621032714844
2021-07-01,LIN,288.15826416015625
2021-08-01,LIN,294.9078369140625
2021-09-01,LIN,275.0248107910156
2021-10-01,LIN,300.2433166503906
2021-11-01,LIN,299.2462158203125
2021-12-01,LIN,325.8561706542969
2022-01-01,LIN,300.7557678222656
2022-02-01,LIN,276.74664306640625
2022-03-01,LIN,301.46356201171875
2022-04-01,LIN,295.5950012207031
2022-05-01,LIN,307.6476745605469
2022-06-01,LIN,272.4465637207031
2022-07-01,LIN,287.2089538574219
2022-08-01,LIN,269.0063781738281
2022-09-01,LIN,256.3862609863281
2022-10-01,LIN,283.961181640625
2022-11-01,LIN,321.3293151855469
2022-12-01,LIN,311.4930419921875
2023-01-01,LIN,317.1415100097656
2023-02-01,LIN,333.8447570800781
2023-03-01,LIN,340.6199951171875
2023-04-01,LIN,355.3724365234375
2023-05-01,LIN,340.1841735839844
2023-06-01,LIN,366.559326171875
2023-07-01,LIN,377.14361572265625
2023-08-01,LIN,373.6393127441406
2023-09-01,LIN,359.4579162597656
2023-10-01,LIN,370.1476135253906
2023-11-01,LIN,400.7640075683594
2023-12-01,LIN,397.80010986328125
2024-01-01,LIN,393.3170166015625
2024-02-01,LIN,436.0559387207031
2024-03-01,LIN,451.1151123046875
2024-04-01,LIN,429.6862487792969
2024-05-01,LIN,424.3853759765625
2024-06-01,LIN,427.59130859375
2024-07-01,LIN,443.324462890625
2024-08-01,LIN,467.5191650390625
2024-09-01,LIN,466.1603088378906
2024-10-01,LIN,447.22637939453125
2024-11-01,LIN,451.9716491699219
2024-12-01,LIN,410.4796142578125
2025-01-01,LIN,438.7192077636719
2025-02-01,LIN,459.3019714355469
2025-03-01,LIN,457.9154052734375
2025-04-01,LIN,447.19805908203125
2025-05-01,LIN,461.3570251464844
2025-06-01,LIN,462.9357604980469
2025-07-01,LIN,455.5828552246094
2025-08-01,LIN,473.4296569824219
2025-09-01,LIN,470.1730651855469
2025-10-01,LIN,415.369873046875
2025-11-01,LIN,407.44580078125
2025-12-01,LIN,423.40325927734375
2020-01-01,LLY,129.4710235595703
2020-02-01,LLY,116.94488525390625
2020-03-01,LLY,129.28468322753906
2020-04-01,LLY,144.12185668945312
2020-05-01,LLY,142.54678344726562
2020-06-01,LLY,153.73330688476562
2020-07-01,LLY,140.72711181640625
2020-08-01,LLY,138.94798278808594
2020-09-01,LLY,139.27713012695312
2020-10-01,LLY,122.7543716430664
2020-11-01,LLY,137.0471649169922
2020-12-01,LLY,159.68370056152344
2021-01-01,LLY,196.6916961669922
2021-02-01,LLY,193.77870178222656
2021-03-01,LLY,177.42652893066406
2021-04-01,LLY,173.5801544189453
2021-05-01,LLY,189.69688415527344
2021-06-01,LLY,218.94281005859375
2021-07-01,LLY,232.27854919433594
2021-08-01,LLY,246.38702392578125
2021-09-01,LLY,221.1139678955078
2021-10-01,LLY,243.8043212890625
2021-11-01,LLY,237.373291015625
2021-12-01,LLY,265.1998291015625
2022-01-01,LLY,235.5997772216797
2022-02-01,LLY,239.9778594970703
2022-03-01,LLY,276.0925598144531
2022-04-01,LLY,281.6458435058594
2022-05-01,LLY,302.1910400390625
2022-06-01,LLY,313.64727783203125
2022-07-01,LLY,318.928955078125
2022-08-01,LLY,291.39794921875
2022-09-01,LLY,313.8170471191406
2022-10-01,LLY,351.4149475097656
2022-11-01,LLY,360.139892578125
2022-12-01,LLY,356.0447998046875
2023-01-01,LLY,334.93560791015625
2023-02-01,LLY,302.8872375488281
2023-03-01,LLY,335.3064270019531
2023-04-01,LLY,386.50750732421875
2023-05-01,LLY,419.3136901855469
2023-06-01,LLY,459.0910949707031
2023-07-01,LLY,444.96533203125
2023-08-01,LLY,542.5140991210938
2023-09-01,LLY,526.9313354492188
2023-10-01,LLY,543.4122314453125
2023-11-01,LLY,579.8175048828125
2023-12-01,LLY,572.9083251953125
2024-01-01,LLY,634.5216064453125
2024-02-01,LLY,740.7355346679688
2024-03-01,LLY,765.938720703125
2024-04-01,LLY,769.0302124023438
2024-05-01,LLY,807.6639404296875
2024-06-01,LLY,892.9091796875
2024-07-01,LLY,793.19189453125
2024-08-01,LLY,946.7965087890625
2024-09-01,LLY,874.9578247070312
2024-10-01,LLY,819.454345703125
2024-11-01,LLY,785.49072265625
2024-12-01,LLY,763.6929931640625
2025-01-01,LLY,802.3524169921875
2025-02-01,LLY,910.7236938476562
2025-03-01,LLY,818.430908203125
2025-04-01,LLY,890.8095092773438
2025-05-01,LLY,730.989990234375
2025-06-01,LLY,774.0543823242188
2025-07-01,LLY,734.8715209960938
2025-08-01,LLY,727.4341430664062
2025-09-01,LLY,759.3045654296875
2025-10-01,LLY,858.680908203125
2025-11-01,LLY,1070.260986328125
2025-12-01,LLY,1071.045654296875
2020-01-01,LMT,361.9131774902344
2020-02-01,LMT,312.6712646484375
2020-03-01,LMT,288.3321228027344
2020-04-01,LMT,330.9588928222656
2020-05-01,LMT,330.431396484375
2020-06-01,LMT,312.3050231933594
2020-07-01,LMT,324.3292541503906
2020-08-01,LMT,333.9914245605469
2020-09-01,LMT,330.0200500488281
2020-10-01,LMT,301.47650146484375
2020-11-01,LMT,314.28021240234375
2020-12-01,LMT,307.79034423828125
2021-01-01,LMT,279.0384826660156
2021-02-01,LMT,286.34783935546875
2021-03-01,LMT,322.8365478515625
2021-04-01,LMT,332.4999084472656
2021-05-01,LMT,333.93280029296875
2021-06-01,LMT,332.8026428222656
2021-07-01,LMT,326.9267883300781
2021-08-01,LMT,316.4857482910156
2021-09-01,LMT,305.7510681152344
2021-10-01,LMT,294.4283142089844
2021-11-01,LMT,295.3143005371094
2021-12-01,LMT,317.49072265625
2022-01-01,LMT,347.61309814453125
2022-02-01,LMT,387.5171203613281
2022-03-01,LMT,397.0210266113281
2022-04-01,LMT,388.67413330078125
2022-05-01,LMT,395.8607482910156
2022-06-01,LMT,389.1496276855469
2022-07-01,LMT,374.53253173828125
2022-08-01,LMT,380.2345886230469
2022-09-01,LMT,351.9427490234375
2022-10-01,LMT,443.4065246582031
2022-11-01,LMT,442.0489501953125
2022-12-01,LMT,445.9972839355469
2023-01-01,LMT,424.7008056640625
2023-02-01,LMT,434.7852478027344
2023-03-01,LMT,436.1112060546875
2023-04-01,LMT,428.4725341796875
2023-05-01,LMT,409.6158752441406
2023-06-01,LMT,427.5813293457031
2023-07-01,LMT,414.56939697265625
2023-08-01,LMT,416.4083557128906
2023-09-01,LMT,382.36004638671875
2023-10-01,LMT,425.0689392089844
2023-11-01,LMT,418.6457214355469
2023-12-01,LMT,426.78094482421875
2024-01-01,LMT,404.3420715332031
2024-02-01,LMT,403.2403564453125
2024-03-01,LMT,431.45831298828125
2024-04-01,LMT,441.0005798339844
2024-05-01,LMT,446.132080078125
2024-06-01,LMT,443.0588684082031
2024-07-01,LMT,517.4937133789062
2024-08-01,LMT,542.4937744140625
2024-09-01,LMT,558.2119140625
2024-10-01,LMT,524.344970703125
2024-11-01,LMT,508.36639404296875
2024-12-01,LMT,466.62432861328125
2025-01-01,LMT,447.3365478515625
2025-02-01,LMT,435.1808166503906
2025-03-01,LMT,431.64422607421875
2025-04-01,LMT,465.044921875
2025-05-01,LMT,469.55181884765625
2025-06-01,LMT,450.823486328125
2025-07-01,LMT,412.6073303222656
2025-08-01,LMT,446.56817626953125
2025-09-01,LMT,489.28143310546875
2025-10-01,LMT,485.6144104003906
2025-11-01,LMT,452.0277404785156
2025-12-01,LMT,477.5090026855469
2020-01-01,LOW,103.21421813964844
2020-02-01,LOW,95.05508422851562
2020-03-01,LOW,76.75228881835938
2020-04-01,LOW,93.43173217773438
2020-05-01,LOW,116.94178771972656
2020-06-01,LOW,121.22109985351562
2020-07-01,LOW,133.59262084960938
2020-08-01,LOW,148.31552124023438
2020-09-01,LOW,149.3692169189453
2020-10-01,LOW,142.3807373046875
2020-11-01,LOW,140.80987548828125
2020-12-01,LOW,145.04806518554688
2021-01-01,LOW,150.77734375
2021-02-01,LOW,144.86856079101562
2021-03-01,LOW,172.46388244628906
2021-04-01,LOW,177.96844482421875
2021-05-01,LOW,177.20187377929688
2021-06-01,LOW,176.41970825195312
2021-07-01,LOW,175.25555419921875
2021-08-01,LOW,186.2144317626953
2021-09-01,LOW,185.27371215820312
2021-10-01,LOW,213.5497589111328
2021-11-01,LOW,224.1949005126953
2021-12-01,LOW,236.9267120361328
2022-01-01,LOW,217.55860900878906
2022-02-01,LOW,203.295166015625
2022-03-01,LOW,185.9415740966797
2022-04-01,LOW,181.8400115966797
2022-05-01,LOW,180.33197021484375
2022-06-01,LOW,161.2830810546875
2022-07-01,LOW,176.85093688964844
2022-08-01,LOW,180.2797393798828
2022-09-01,LOW,174.4016571044922
2022-10-01,LOW,181.03189086914062
2022-11-01,LOW,198.44898986816406
2022-12-01,LOW,186.02200317382812
2023-01-01,LOW,194.4342041015625
2023-02-01,LOW,193.08856201171875
2023-03-01,LOW,187.66424560546875
2023-04-01,LOW,195.04058837890625
2023-05-01,LOW,189.69671630859375
2023-06-01,LOW,212.8699951171875
2023-07-01,LOW,220.9528350830078
2023-08-01,LOW,218.40493774414062
2023-09-01,LOW,196.95108032226562
2023-10-01,LOW,180.58587646484375
2023-11-01,LOW,189.51976013183594
2023-12-01,LOW,212.12908935546875
2024-01-01,LOW,202.87376403808594
2024-02-01,LOW,230.55413818359375
2024-03-01,LOW,244.0231475830078
2024-04-01,LOW,218.40708923339844
2024-05-01,LOW,213.00198364257812
2024-06-01,LOW,212.20310974121094
2024-07-01,LOW,236.3148651123047
2024-08-01,LOW,240.35275268554688
2024-09-01,LOW,261.9700012207031
2024-10-01,LOW,253.24571228027344
2024-11-01,LOW,264.6160888671875
2024-12-01,LOW,239.72119140625
2025-01-01,LOW,252.58145141601562
2025-02-01,LOW,242.56365966796875
2025-03-01,LOW,227.53024291992188
2025-04-01,LOW,218.0965576171875
2025-05-01,LOW,221.37562561035156
2025-06-01,LOW,217.590087890625
2025-07-01,LOW,219.25730895996094
2025-08-01,LOW,254.42799377441406
2025-09-01,LOW,247.77297973632812
2025-10-01,LOW,234.7784881591797
2025-11-01,LOW,240.24267578125
2025-12-01,LOW,238.9348602294922
2020-01-01,LRCX,27.74549674987793
2020-02-01,LRCX,27.30077362060547
2020-03-01,LRCX,22.329633712768555
2020-04-01,LRCX,23.893768310546875
2020-05-01,LRCX,25.61504554748535
2020-06-01,LRCX,30.27530288696289
2020-07-01,LRCX,35.4415397644043
2020-08-01,LRCX,31.605688095092773
2020-09-01,LRCX,31.174373626708984
2020-10-01,LRCX,32.26970291137695
2020-11-01,LRCX,42.701141357421875
2020-12-01,LRCX,44.5510139465332
2021-01-01,LRCX,45.769805908203125
2021-02-01,LRCX,53.64226531982422
2021-03-01,LRCX,56.29511642456055
2021-04-01,LRCX,58.82181930541992
2021-05-01,LRCX,61.60910415649414
2021-06-01,LRCX,61.68968963623047
2021-07-01,LRCX,60.55078125
2021-08-01,LRCX,57.454891204833984
2021-09-01,LRCX,54.06641387939453
2021-10-01,LRCX,53.667781829833984
2021-11-01,LRCX,64.74090576171875
2021-12-01,LRCX,68.48338317871094
2022-01-01,LRCX,56.30033493041992
2022-02-01,LRCX,53.57368850708008
2022-03-01,LRCX,51.30801010131836
2022-04-01,LRCX,44.59346389770508
2022-05-01,LRCX,49.789451599121094
2022-06-01,LRCX,40.80107879638672
2022-07-01,LRCX,48.081871032714844
2022-08-01,LRCX,42.06815719604492
2022-09-01,LRCX,35.160064697265625
2022-10-01,LRCX,39.03603744506836
2022-11-01,LRCX,45.55521774291992
2022-12-01,LRCX,40.53274917602539
2023-01-01,LRCX,48.40831756591797
2023-02-01,LRCX,47.04446029663086
2023-03-01,LRCX,51.314186096191406
2023-04-01,LRCX,50.91364669799805
2023-05-01,LRCX,59.91154861450195
2023-06-01,LRCX,62.45296859741211
2023-07-01,LRCX,69.99271392822266
2023-08-01,LRCX,68.42527770996094
2023-09-01,LRCX,61.05767822265625
2023-10-01,LRCX,57.47547149658203
2023-11-01,LRCX,69.95315551757812
2023-12-01,LRCX,76.53298950195312
2024-01-01,LRCX,80.84786987304688
2024-02-01,LRCX,91.92713928222656
2024-03-01,LRCX,95.19175720214844
2024-04-01,LRCX,87.8204574584961
2024-05-01,LRCX,91.55455780029297
2024-06-01,LRCX,104.5556411743164
2024-07-01,LRCX,90.62396240234375
2024-08-01,LRCX,80.76416015625
2024-09-01,LRCX,80.2791976928711
2024-10-01,LRCX,73.36183166503906
2024-11-01,LRCX,72.89808654785156
2024-12-01,LRCX,71.27001953125
2025-01-01,LRCX,80.21836853027344
2025-02-01,LRCX,75.95258331298828
2025-03-01,LRCX,71.95404052734375
2025-04-01,LRCX,71.14868927001953
2025-05-01,LRCX,80.20236206054688
2025-06-01,LRCX,96.63196563720703
2025-07-01,LRCX,94.38442993164062
2025-08-01,LRCX,99.66893005371094
2025-09-01,LRCX,133.25682067871094
2025-10-01,LRCX,157.01309204101562
2025-11-01,LRCX,155.55723571777344
2025-12-01,LRCX,170.69412231445312
2020-01-01,MA,304.49127197265625
2020-02-01,MA,280.1054992675781
2020-03-01,MA,233.1171875
2020-04-01,MA,265.3594665527344
2020-05-01,MA,290.8225402832031
2020-06-01,MA,285.8062438964844
2020-07-01,MA,298.20697021484375
2020-08-01,MA,346.667724609375
2020-09-01,MA,327.2917175292969
2020-10-01,MA,279.35504150390625
2020-11-01,MA,326.0644226074219
2020-12-01,MA,345.86016845703125
2021-01-01,MA,306.47210693359375
2021-02-01,MA,343.3006896972656
2021-03-01,MA,345.4351501464844
2021-04-01,MA,370.66973876953125
2021-05-01,MA,350.2453308105469
2021-06-01,MA,354.6261901855469
2021-07-01,MA,374.8785705566406
2021-08-01,MA,336.7029724121094
2021-09-01,MA,338.1130065917969
2021-10-01,MA,326.2875671386719
2021-11-01,MA,306.6413879394531
2021-12-01,MA,349.87420654296875
2022-01-01,MA,376.22283935546875
2022-02-01,MA,351.7957763671875
2022-03-01,MA,348.4418029785156
2022-04-01,MA,354.291748046875
2022-05-01,MA,349.4037780761719
2022-06-01,MA,308.01666259765625
2022-07-01,MA,345.4203796386719
2022-08-01,MA,317.1817321777344
2022-09-01,MA,278.038818359375
2022-10-01,MA,320.9072570800781
2022-11-01,MA,349.0642395019531
2022-12-01,MA,340.57269287109375
2023-01-01,MA,362.971923828125
2023-02-01,MA,348.5418395996094
2023-03-01,MA,356.5075378417969
2023-04-01,MA,372.81195068359375
2023-05-01,MA,358.64874267578125
2023-06-01,MA,386.4351806640625
2023-07-01,MA,387.3980712890625
2023-08-01,MA,406.02392578125
2023-09-01,MA,389.5621643066406
2023-10-01,MA,370.31573486328125
2023-11-01,MA,407.7850646972656
2023-12-01,MA,420.2799072265625
2024-01-01,MA,442.66802978515625
2024-02-01,MA,468.5625
2024-03-01,MA,475.2835388183594
2024-04-01,MA,445.3100280761719
2024-05-01,MA,441.8450622558594
2024-06-01,MA,436.004150390625
2024-07-01,MA,458.2905578613281
2024-08-01,MA,478.3987121582031
2024-09-01,MA,488.7518310546875
2024-10-01,MA,494.48260498046875
2024-11-01,MA,528.1929321289062
2024-12-01,MA,521.8796997070312
2025-01-01,MA,550.482666015625
2025-02-01,MA,572.0185546875
2025-03-01,MA,544.0383911132812
2025-04-01,MA,543.97900390625
2025-05-01,MA,582.1612548828125
2025-06-01,MA,558.6401977539062
2025-07-01,MA,563.1435546875
2025-08-01,MA,592.5950927734375
2025-09-01,MA,566.2349243164062
2025-10-01,MA,549.4910888671875
2025-11-01,MA,548.7612915039062
2025-12-01,MA,569.0458984375
2020-01-01,MCD,185.2018585205078
2020-02-01,MCD,168.06396484375
2020-03-01,MCD,144.0144500732422
2020-04-01,MCD,163.35861206054688
2020-05-01,MCD,162.27857971191406
2020-06-01,MCD,161.738525390625
2020-07-01,MCD,170.3396759033203
2020-08-01,MCD,187.20883178710938
2020-09-01,MCD,193.5690155029297
2020-10-01,MCD,187.8455047607422
2020-11-01,MCD,191.76113891601562
2020-12-01,MCD,190.36363220214844
2021-01-01,MCD,184.38427734375
2021-02-01,MCD,182.8761444091797
2021-03-01,MCD,200.0681915283203
2021-04-01,MCD,210.72592163085938
2021-05-01,MCD,208.7711181640625
2021-06-01,MCD,207.32131958007812
2021-07-01,MCD,217.8404083251953
2021-08-01,MCD,213.1283416748047
2021-09-01,MCD,217.59072875976562
2021-10-01,MCD,221.59764099121094
2021-11-01,MCD,220.74034118652344
2021-12-01,MCD,243.26211547851562
2022-01-01,MCD,235.43983459472656
2022-02-01,MCD,222.1183624267578
2022-03-01,MCD,225.64434814453125
2022-04-01,MCD,227.35986328125
2022-05-01,MCD,230.1430206298828
2022-06-01,MCD,225.2793731689453
2022-07-01,MCD,241.6585235595703
2022-08-01,MCD,231.48275756835938
2022-09-01,MCD,212.87733459472656
2022-10-01,MCD,251.55213928222656
2022-11-01,MCD,251.67208862304688
2022-12-01,MCD,244.4982147216797
2023-01-01,MCD,248.0886688232422
2023-02-01,MCD,244.85076904296875
2023-03-01,MCD,260.9147033691406
2023-04-01,MCD,275.9755859375
2023-05-01,MCD,266.0469970703125
2023-06-01,MCD,278.4576721191406
2023-07-01,MCD,275.0483703613281
2023-08-01,MCD,263.7443542480469
2023-09-01,MCD,248.45944213867188
2023-10-01,MCD,247.2616424560547
2023-11-01,MCD,265.8130798339844
2023-12-01,MCD,281.3245544433594
2024-01-01,MCD,277.7286071777344
2024-02-01,MCD,277.3111572265625
2024-03-01,MCD,269.0321960449219
2024-04-01,MCD,260.53045654296875
2024-05-01,MCD,247.0287628173828
2024-06-01,MCD,243.16429138183594
2024-07-01,MCD,254.88465881347656
2024-08-01,MCD,277.22308349609375
2024-09-01,MCD,292.4450988769531
2024-10-01,MCD,282.1687927246094
2024-11-01,MCD,285.9361267089844
2024-12-01,MCD,280.02435302734375
2025-01-01,MCD,280.55242919921875
2025-02-01,MCD,299.6284484863281
2025-03-01,MCD,303.5544128417969
2025-04-01,MCD,312.4224548339844
2025-05-01,MCD,306.7536315917969
2025-06-01,MCD,285.5638122558594
2025-07-01,MCD,294.9485778808594
2025-08-01,MCD,308.1886901855469
2025-09-01,MCD,298.703369140625
2025-10-01,MCD,295.0019226074219
2025-11-01,MCD,308.23809814453125
2025-12-01,MCD,302.11920166015625
2020-01-01,MDLZ,49.04054260253906
2020-02-01,MDLZ,45.126182556152344
2020-03-01,MDLZ,42.80150604248047
2020-04-01,MDLZ,44.2270393371582
2020-05-01,MDLZ,44.81169128417969
2020-06-01,MDLZ,43.960506439208984
2020-07-01,MDLZ,47.982208251953125
2020-08-01,MDLZ,50.515785217285156
2020-09-01,MDLZ,49.67702865600586
2020-10-01,MDLZ,46.188072204589844
2020-11-01,MDLZ,49.953033447265625
2020-12-01,MDLZ,50.839927673339844
2021-01-01,MDLZ,48.466529846191406
2021-02-01,MDLZ,46.47331237792969
2021-03-01,MDLZ,51.1678466796875
2021-04-01,MDLZ,53.4407958984375
2021-05-01,MDLZ,55.83116912841797
2021-06-01,MDLZ,54.87326431274414
2021-07-01,MDLZ,55.872413635253906
2021-08-01,MDLZ,54.82137680053711
2021-09-01,MDLZ,51.38566207885742
2021-10-01,MDLZ,53.96848678588867
2021-11-01,MDLZ,52.36915588378906
2021-12-01,MDLZ,58.91752624511719
2022-01-01,MDLZ,59.87300109863281
2022-02-01,MDLZ,58.48850631713867
2022-03-01,MDLZ,56.076786041259766
2022-04-01,MDLZ,57.91672134399414
2022-05-01,MDLZ,57.09037399291992
2022-06-01,MDLZ,55.769989013671875
2022-07-01,MDLZ,57.84955978393555
2022-08-01,MDLZ,55.88029098510742
2022-09-01,MDLZ,49.529842376708984
2022-10-01,MDLZ,55.90724182128906
2022-11-01,MDLZ,61.481605529785156
2022-12-01,MDLZ,60.60860824584961
2023-01-01,MDLZ,59.85310363769531
2023-02-01,MDLZ,59.61529541015625
2023-03-01,MDLZ,63.767704010009766
2023-04-01,MDLZ,70.55609893798828
2023-05-01,MDLZ,67.51203155517578
2023-06-01,MDLZ,67.07980346679688
2023-07-01,MDLZ,68.5345458984375
2023-08-01,MDLZ,65.88117980957031
2023-09-01,MDLZ,64.16158294677734
2023-10-01,MDLZ,61.58633041381836
2023-11-01,MDLZ,66.09764099121094
2023-12-01,MDLZ,67.3719711303711
2024-01-01,MDLZ,70.42816162109375
2024-02-01,MDLZ,68.36967468261719
2024-03-01,MDLZ,65.49714660644531
2024-04-01,MDLZ,67.72331237792969
2024-05-01,MDLZ,64.51318359375
2024-06-01,MDLZ,61.60429763793945
2024-07-01,MDLZ,64.75696563720703
2024-08-01,MDLZ,68.03507232666016
2024-09-01,MDLZ,69.79730224609375
2024-10-01,MDLZ,65.29373168945312
2024-11-01,MDLZ,61.92797088623047
2024-12-01,MDLZ,56.950843811035156
2025-01-01,MDLZ,55.73159408569336
2025-02-01,MDLZ,61.72858428955078
2025-03-01,MDLZ,65.20760345458984
2025-04-01,MDLZ,65.9343032836914
2025-05-01,MDLZ,65.31492614746094
2025-06-01,MDLZ,65.26654815673828
2025-07-01,MDLZ,63.042320251464844
2025-08-01,MDLZ,59.875091552734375
2025-09-01,MDLZ,60.87886428833008
2025-10-01,MDLZ,56.447105407714844
2025-11-01,MDLZ,56.55516815185547
2025-12-01,MDLZ,52.88109588623047
2020-01-01,MDT,96.3150634765625
2020-02-01,MDT,83.99201202392578
2020-03-01,MDT,75.2398681640625
2020-04-01,MDT,81.9654312133789
2020-05-01,MDT,82.76302337646484
2020-06-01,MDT,76.98686981201172
2020-07-01,MDT,81.53169250488281
2020-08-01,MDT,90.81893920898438
2020-09-01,MDT,87.81895446777344
2020-10-01,MDT,85.46937561035156
2020-11-01,MDT,96.6279067993164
2020-12-01,MDT,99.55139923095703
2021-01-01,MDT,95.0863037109375
2021-02-01,MDT,99.90338897705078
2021-03-01,MDT,100.89414978027344
2021-04-01,MDT,112.38011169433594
2021-05-01,MDT,108.66328430175781
2021-06-01,MDT,106.55167388916016
2021-07-01,MDT,113.28361511230469
2021-08-01,MDT,115.15571594238281
2021-09-01,MDT,108.14179992675781
2021-10-01,MDT,103.91331481933594
2021-11-01,MDT,92.50416564941406
2021-12-01,MDT,89.68657684326172
2022-01-01,MDT,90.29278564453125
2022-02-01,MDT,91.60147857666016
2022-03-01,MDT,96.80147552490234
2022-04-01,MDT,91.59542083740234
2022-05-01,MDT,87.90034484863281
2022-06-01,MDT,78.77239227294922
2022-07-01,MDT,81.82701110839844
2022-08-01,MDT,77.75865936279297
2022-09-01,MDT,71.4173355102539
2022-10-01,MDT,77.8633041381836
2022-11-01,MDT,70.4638900756836
2022-12-01,MDT,69.28710174560547
2023-01-01,MDT,75.2730712890625
2023-02-01,MDT,74.47256469726562
2023-03-01,MDT,72.51180267333984
2023-04-01,MDT,82.50471496582031
2023-05-01,MDT,75.07520294189453
2023-06-01,MDT,79.91935729980469
2023-07-01,MDT,80.23779296875
2023-08-01,MDT,74.51434326171875
2023-09-01,MDT,71.64350128173828
2023-10-01,MDT,65.06304168701172
2023-11-01,MDT,73.09447479248047
2023-12-01,MDT,75.96219635009766
2024-01-01,MDT,81.3963851928711
2024-02-01,MDT,77.5097427368164
2024-03-01,MDT,81.03376770019531
2024-04-01,MDT,75.2263412475586
2024-05-01,MDT,76.28573608398438
2024-06-01,MDT,73.79193878173828
2024-07-01,MDT,75.97169494628906
2024-08-01,MDT,83.78453826904297
2024-09-01,MDT,85.15603637695312
2024-10-01,MDT,85.08409118652344
2024-11-01,MDT,82.50059509277344
2024-12-01,MDT,76.15145111083984
2025-01-01,MDT,87.32997131347656
2025-02-01,MDT,88.48385620117188
2025-03-01,MDT,86.40685272216797
2025-04-01,MDT,82.14910888671875
2025-05-01,MDT,80.42393493652344
2025-06-01,MDT,84.48486328125
2025-07-01,MDT,88.18682861328125
2025-08-01,MDT,90.69835662841797
2025-09-01,MDT,93.07307434082031
2025-10-01,MDT,89.30878448486328
2025-11-01,MDT,103.7143783569336
2025-12-01,MDT,94.58656311035156
2020-01-01,META,200.33786010742188
2020-02-01,META,190.9713592529297
2020-03-01,META,165.50125122070312
2020-04-01,META,203.11607360839844
2020-05-01,META,223.33737182617188
2020-06-01,META,225.3019561767578
2020-07-01,META,251.69482421875
2020-08-01,META,290.91705322265625
2020-09-01,META,259.8608093261719
2020-10-01,META,261.0613098144531
2020-11-01,META,274.8134460449219
2020-12-01,META,271.0330810546875
2021-01-01,META,256.3185119628906
2021-02-01,META,255.6140594482422
2021-03-01,META,292.2366638183594
2021-04-01,META,322.54876708984375
2021-05-01,META,326.1704406738281
2021-06-01,META,345.0025939941406
2021-07-01,META,353.52569580078125
2021-08-01,META,376.4259948730469
2021-09-01,META,336.74737548828125
2021-10-01,META,321.0505676269531
2021-11-01,META,321.93359375
2021-12-01,META,333.73101806640625
2022-01-01,META,310.8208923339844
2022-02-01,META,209.3868408203125
2022-03-01,META,220.6286163330078
2022-04-01,META,198.90908813476562
2022-05-01,META,192.1322479248047
2022-06-01,META,159.9944305419922
2022-07-01,META,157.86117553710938
2022-08-01,META,161.66136169433594
2022-09-01,META,134.62355041503906
2022-10-01,META,92.43462371826172
2022-11-01,META,117.18042755126953
2022-12-01,META,119.4029769897461
2023-01-01,META,147.81004333496094
2023-02-01,META,173.5778350830078
2023-03-01,META,210.28977966308594
2023-04-01,META,238.4487762451172
2023-05-01,META,262.65875244140625
2023-06-01,META,284.7454833984375
2023-07-01,META,316.1192321777344
2023-08-01,META,293.5860900878906
2023-09-01,META,297.8724670410156
2023-10-01,META,298.9241638183594
2023-11-01,META,324.6026306152344
2023-12-01,META,351.2039489746094
2024-01-01,META,387.10223388671875
2024-02-01,META,486.31365966796875
2024-03-01,META,482.3102722167969
2024-04-01,META,427.2734375
2024-05-01,META,463.6865234375
2024-06-01,META,500.8248291015625
2024-07-01,META,472.1009216308594
2024-08-01,META,518.3137817382812
2024-09-01,META,569.1499633789062
2024-10-01,META,564.856201171875
2024-11-01,META,571.5638427734375
2024-12-01,META,582.7001953125
2025-01-01,META,686.4259643554688
2025-02-01,META,665.52978515625
2025-03-01,META,574.0567626953125
2025-04-01,META,547.2926025390625
2025-05-01,META,645.476318359375
2025-06-01,META,735.7945556640625
2025-07-01,META,771.6278076171875
2025-08-01,META,736.96923828125
2025-09-01,META,732.6593627929688
2025-10-01,META,647.2674560546875
2025-11-01,META,646.8681640625
2025-12-01,META,658.9879150390625
2020-01-01,MMM,105.89974975585938
2020-02-01,MMM,99.61223602294922
2020-03-01,MMM,91.9405517578125
2020-04-01,MMM,102.31929016113281
2020-05-01,MMM,105.36354064941406
2020-06-01,MMM,106.10249328613281
2020-07-01,MMM,102.34785461425781
2020-08-01,MMM,110.88421630859375
2020-09-01,MMM,109.94417572021484
2020-10-01,MMM,109.79318237304688
2020-11-01,MMM,118.5582504272461
2020-12-01,MMM,121.01001739501953
2021-01-01,MMM,121.61233520507812
2021-02-01,MMM,121.19692993164062
2021-03-01,MMM,134.49484252929688
2021-04-01,MMM,137.6079864501953
2021-05-01,MMM,141.726318359375
2021-06-01,MMM,139.66831970214844
2021-07-01,MMM,139.18312072753906
2021-08-01,MMM,136.9330291748047
2021-09-01,MMM,124.28961181640625
2021-10-01,MMM,126.59940338134766
2021-11-01,MMM,120.47775268554688
2021-12-01,MMM,126.87968444824219
2022-01-01,MMM,118.58675384521484
2022-02-01,MMM,106.17950439453125
2022-03-01,MMM,107.37174987792969
2022-04-01,MMM,104.01097869873047
2022-05-01,MMM,107.66744995117188
2022-06-01,MMM,94.27323150634766
2022-07-01,MMM,104.34819030761719
2022-08-01,MMM,90.58711242675781
2022-09-01,MMM,81.32369232177734
2022-10-01,MMM,92.57652282714844
2022-11-01,MMM,92.70899200439453
2022-12-01,MMM,89.28986358642578
2023-01-01,MMM,85.68608856201172
2023-02-01,MMM,80.22089385986328
2023-03-01,MMM,79.29887390136719
2023-04-01,MMM,80.13630676269531
2023-05-01,MMM,70.39652252197266
2023-06-01,MMM,76.659423828125
2023-07-01,MMM,85.3984146118164
2023-08-01,MMM,81.69908142089844
2023-09-01,MMM,72.77637481689453
2023-10-01,MMM,70.70082092285156
2023-11-01,MMM,77.0129623413086
2023-12-01,MMM,86.31819915771484
2024-01-01,MMM,74.49801635742188
2024-02-01,MMM,72.73723602294922
2024-03-01,MMM,85.14314270019531
2024-04-01,MMM,92.65324401855469
2024-05-01,MMM,96.13817596435547
2024-06-01,MMM,98.78760528564453
2024-07-01,MMM,123.30326080322266
2024-08-01,MMM,130.2055206298828
2024-09-01,MMM,132.8610076904297
2024-10-01,MMM,124.86212158203125
2024-11-01,MMM,129.77999877929688
2024-12-01,MMM,126.13196563720703
2025-01-01,MMM,148.71240234375
2025-02-01,MMM,151.5655059814453
2025-03-01,MMM,144.20262145996094
2025-04-01,MMM,136.396484375
2025-05-01,MMM,145.66566467285156
2025-06-01,MMM,150.2174072265625
2025-07-01,MMM,147.23751831054688
2025-08-01,MMM,153.4636993408203
2025-09-01,MMM,153.82582092285156
2025-10-01,MMM,165.0470428466797
2025-11-01,MMM,170.54859924316406
2025-12-01,MMM,159.38482666015625
2020-01-01,MO,28.96910285949707
2020-02-01,MO,24.605152130126953
2020-03-01,MO,23.569013595581055
2020-04-01,MO,24.580507278442383
2020-05-01,MO,24.455257415771484
2020-06-01,MO,24.580507278442383
2020-07-01,MO,26.333389282226562
2020-08-01,MO,27.990825653076172
2020-09-01,MO,24.727148056030273
2020-10-01,MO,23.553606033325195
2020-11-01,MO,26.001670837402344
2020-12-01,MO,26.765457153320312
2021-01-01,MO,27.36667823791504
2021-02-01,MO,29.045448303222656
2021-03-01,MO,34.08177947998047
2021-04-01,MO,32.3610954284668
2021-05-01,MO,33.357337951660156
2021-06-01,MO,32.31365203857422
2021-07-01,MO,33.130218505859375
2021-08-01,MO,34.64052963256836
2021-09-01,MO,31.39232635498047
2021-10-01,MO,30.976625442504883
2021-11-01,MO,29.944305419921875
2021-12-01,MO,33.28003692626953
2022-01-01,MO,36.417022705078125
2022-02-01,MO,36.71047592163086
2022-03-01,MO,37.397586822509766
2022-04-01,MO,40.458038330078125
2022-05-01,MO,39.38051223754883
2022-06-01,MO,30.41087532043457
2022-07-01,MO,32.553768157958984
2022-08-01,MO,33.48896026611328
2022-09-01,MO,29.97083854675293
2022-10-01,MO,35.1105842590332
2022-11-01,MO,35.3458251953125
2022-12-01,MO,34.68564987182617
2023-01-01,MO,34.88331985473633
2023-02-01,MO,35.95986557006836
2023-03-01,MO,34.55802917480469
2023-04-01,MO,37.57868957519531
2023-05-01,MO,35.13460922241211
2023-06-01,MO,35.830657958984375
2023-07-01,MO,36.679039001464844
2023-08-01,MO,35.7099723815918
2023-09-01,MO,33.95758819580078
2023-10-01,MO,33.16569519042969
2023-11-01,MO,34.70962905883789
2023-12-01,MO,33.30605697631836
2024-01-01,MO,33.90738296508789
2024-02-01,MO,34.5750617980957
2024-03-01,MO,36.86540603637695
2024-04-01,MO,37.85122299194336
2024-05-01,MO,39.959346771240234
2024-06-01,MO,39.35455322265625
2024-07-01,MO,43.27083969116211
2024-08-01,MO,47.47343444824219
2024-09-01,MO,45.0631217956543
2024-10-01,MO,49.026878356933594
2024-11-01,MO,51.97966384887695
2024-12-01,MO,47.07337188720703
2025-01-01,MO,47.933746337890625
2025-02-01,MO,51.25597381591797
2025-03-01,MO,55.082969665527344
2025-04-01,MO,55.26228713989258
2025-05-01,MO,56.62632369995117
2025-06-01,MO,54.776466369628906
2025-07-01,MO,58.8729248046875
2025-08-01,MO,63.88197708129883
2025-09-01,MO,62.788917541503906
2025-10-01,MO,54.454280853271484
2025-11-01,MO,56.99444580078125
2025-12-01,MO,55.6905632019043
2020-01-01,MRK,66.92369842529297
2020-02-01,MRK,59.968162536621094
2020-03-01,MRK,60.26580047607422
2020-04-01,MRK,62.659088134765625
2020-05-01,MRK,63.74894332885742
2020-06-01,MRK,61.07167434692383
2020-07-01,MRK,63.87357711791992
2020-08-01,MRK,67.87760925292969
2020-09-01,MRK,66.03083038330078
2020-10-01,MRK,60.30496597290039
2020-11-01,MRK,64.45841217041016
2020-12-01,MRK,65.58897399902344
2021-01-01,MRK,62.28438186645508
2021-02-01,MRK,58.68809127807617
2021-03-01,MRK,62.300533294677734
2021-04-01,MRK,60.73639678955078
2021-05-01,MRK,61.86960220336914
2021-06-01,MRK,66.44558715820312
2021-07-01,MRK,66.24116516113281
2021-08-01,MRK,65.74136352539062
2021-09-01,MRK,64.72453308105469
2021-10-01,MRK,76.5552978515625
2021-11-01,MRK,65.13069915771484
2021-12-01,MRK,66.63484954833984
2022-01-01,MRK,71.51509094238281
2022-02-01,MRK,67.21434783935547
2022-03-01,MRK,72.01538848876953
2022-04-01,MRK,78.53575134277344
2022-05-01,MRK,81.49333190917969
2022-06-01,MRK,80.7317886352539
2022-07-01,MRK,79.75878143310547
2022-08-01,MRK,76.20561218261719
2022-09-01,MRK,76.88411712646484
2022-10-01,MRK,91.0752182006836
2022-11-01,MRK,99.10279846191406
2022-12-01,MRK,99.8497314453125
2023-01-01,MRK,97.30435943603516
2023-02-01,MRK,96.24443817138672
2023-03-01,MRK,96.38032531738281
2023-04-01,MRK,105.33331298828125
2023-05-01,MRK,100.7175064086914
2023-06-01,MRK,105.26033020019531
2023-07-01,MRK,97.93759155273438
2023-08-01,MRK,100.07725524902344
2023-09-01,MRK,94.53984832763672
2023-10-01,MRK,94.95321655273438
2023-11-01,MRK,94.74980926513672
2023-12-01,MRK,100.79647827148438
2024-01-01,MRK,112.4780044555664
2024-02-01,MRK,118.41014099121094
2024-03-01,MRK,122.88021087646484
2024-04-01,MRK,121.10118865966797
2024-05-01,MRK,117.65240478515625
2024-06-01,MRK,116.02173614501953
2024-07-01,MRK,106.65637969970703
2024-08-01,MRK,111.67195129394531
2024-09-01,MRK,107.06178283691406
2024-10-01,MRK,97.11035919189453
2024-11-01,MRK,96.4649887084961
2024-12-01,MRK,94.41495513916016
2025-01-01,MRK,94.539306640625
2025-02-01,MRK,88.25391387939453
2025-03-01,MRK,85.87178039550781
2025-04-01,MRK,82.21346282958984
2025-05-01,MRK,74.14651489257812
2025-06-01,MRK,76.38519287109375
2025-07-01,MRK,76.13639068603516
2025-08-01,MRK,81.98403930664062
2025-09-01,MRK,81.79886627197266
2025-10-01,MRK,84.62456512451172
2025-11-01,MRK,103.17739868164062
2025-12-01,MRK,103.60062408447266
2020-01-01,MS,42.78470993041992
2020-02-01,MS,37.10753631591797
2020-03-01,MS,28.018123626708984
2020-04-01,MS,32.4927864074707
2020-05-01,MS,36.74403762817383
2020-06-01,MS,40.15242385864258
2020-07-01,MS,40.63456726074219
2020-08-01,MS,43.747066497802734
2020-09-01,MS,40.4739990234375
2020-10-01,MS,40.30658721923828
2020-11-01,MS,52.141807556152344
2020-12-01,MS,57.79196548461914
2021-01-01,MS,56.543880462646484
2021-02-01,MS,65.15850067138672
2021-03-01,MS,65.8281478881836
2021-04-01,MS,69.97312927246094
2021-05-01,MS,77.42088317871094
2021-06-01,MS,78.05079650878906
2021-07-01,MS,81.70265197753906
2021-08-01,MS,89.54817199707031
2021-09-01,MS,83.44277954101562
2021-10-01,MS,88.13328552246094
2021-11-01,MS,81.87020874023438
2021-12-01,MS,84.7540512084961
2022-01-01,MS,88.53588104248047
2022-02-01,MS,78.89339447021484
2022-03-01,MS,75.98944854736328
2022-04-01,MS,70.06853485107422
2022-05-01,MS,75.5371322631836
2022-06-01,MS,66.69786834716797
2022-07-01,MS,73.92361450195312
2022-08-01,MS,75.43895721435547
2022-09-01,MS,69.94171142578125
2022-10-01,MS,72.73902130126953
2022-11-01,MS,83.18695831298828
2022-12-01,MS,75.99178314208984
2023-01-01,MS,86.99459838867188
2023-02-01,MS,86.94842529296875
2023-03-01,MS,79.10955810546875
2023-04-01,MS,81.06476593017578
2023-05-01,MS,74.30540466308594
2023-06-01,MS,77.61351013183594
2023-07-01,MS,83.21186828613281
2023-08-01,MS,78.10208129882812
2023-09-01,MS,74.91011047363281
2023-10-01,MS,64.95818328857422
2023-11-01,MS,73.66236114501953
2023-12-01,MS,86.57695770263672
2024-01-01,MS,80.99702453613281
2024-02-01,MS,80.66543579101562
2024-03-01,MS,88.2782211303711
2024-04-01,MS,85.16560363769531
2024-05-01,MS,92.57600402832031
2024-06-01,MS,91.96099090576172
2024-07-01,MS,97.65708923339844
2024-08-01,MS,98.91739654541016
2024-09-01,MS,99.51886749267578
2024-10-01,MS,110.98492431640625
2024-11-01,MS,126.64266204833984
2024-12-01,MS,120.97499084472656
2025-01-01,MS,133.2052764892578
2025-02-01,MS,128.9383544921875
2025-03-01,MS,113.0135726928711
2025-04-01,MS,111.80274963378906
2025-05-01,MS,125.01261901855469
2025-06-01,MS,137.54026794433594
2025-07-01,MS,139.1025390625
2025-08-01,MS,147.95431518554688
2025-09-01,MS,156.2919921875
2025-10-01,MS,161.2473907470703
2025-11-01,MS,167.82794189453125
2025-12-01,MS,175.6129608154297
2020-01-01,MSFT,161.2621612548828
2020-02-01,MSFT,153.4751434326172
2020-03-01,MSFT,149.809814453125
2020-04-01,MSFT,170.23275756835938
2020-05-01,MSFT,174.07040405273438
2020-06-01,MSFT,193.8538818359375
2020-07-01,MSFT,195.28268432617188
2020-08-01,MSFT,214.8290557861328
2020-09-01,MSFT,200.83462524414062
2020-10-01,MSFT,193.32948303222656
2020-11-01,MSFT,204.40579223632812
2020-12-01,MSFT,212.93484497070312
2021-01-01,MSFT,222.0679931640625
2021-02-01,MSFT,222.47010803222656
2021-03-01,MSFT,226.23538208007812
2021-04-01,MSFT,241.98178100585938
2021-05-01,MSFT,239.58285522460938
2021-06-01,MSFT,260.5449523925781
2021-07-01,MSFT,274.0194091796875
2021-08-01,MSFT,290.3407287597656
2021-09-01,MSFT,271.662841796875
2021-10-01,MSFT,319.5545349121094
2021-11-01,MSFT,318.56195068359375
2021-12-01,MSFT,324.6764221191406
2022-01-01,MSFT,300.2137145996094
2022-02-01,MSFT,288.4457702636719
2022-03-01,MSFT,298.2515563964844
2022-04-01,MSFT,268.4660339355469
2022-05-01,MSFT,263.00042724609375
2022-06-01,MSFT,249.0297393798828
2022-07-01,MSFT,272.2135314941406
2022-08-01,MSFT,253.52886962890625
2022-09-01,MSFT,226.30587768554688
2022-10-01,MSFT,225.5576934814453
2022-11-01,MSFT,247.9161834716797
2022-12-01,MSFT,233.68666076660156
2023-01-01,MSFT,241.47232055664062
2023-02-01,MSFT,243.04115295410156
2023-03-01,MSFT,281.6304016113281
2023-04-01,MSFT,300.15179443359375
2023-05-01,MSFT,320.7929992675781
2023-06-01,MSFT,333.38909912109375
2023-07-01,MSFT,328.8661804199219
2023-08-01,MSFT,320.87750244140625
2023-09-01,MSFT,309.7741394042969
2023-10-01,MSFT,331.7109680175781
2023-11-01,MSFT,371.73883056640625
2023-12-01,MSFT,369.6719665527344
2024-01-01,MSFT,390.8471374511719
2024-02-01,MSFT,406.63519287109375
2024-03-01,MSFT,414.3600769042969
2024-04-01,MSFT,383.4446105957031
2024-05-01,MSFT,408.8546142578125
2024-06-01,MSFT,440.98760986328125
2024-07-01,MSFT,412.76910400390625
2024-08-01,MSFT,411.57525634765625
2024-09-01,MSFT,425.324951171875
2024-10-01,MSFT,401.65185546875
2024-11-01,MSFT,418.56402587890625
2024-12-01,MSFT,417.4606018066406
2025-01-01,MSFT,411.08233642578125
2025-02-01,MSFT,393.1855163574219
2025-03-01,MSFT,372.5379943847656
2025-04-01,MSFT,392.2570495605469
2025-05-01,MSFT,456.8624267578125
2025-06-01,MSFT,494.53717041015625
2025-07-01,MSFT,530.4187622070312
2025-08-01,MSFT,503.7635803222656
2025-09-01,MSFT,515.8051147460938
2025-10-01,MSFT,515.6656494140625
2025-11-01,MSFT,489.9725341796875
2025-12-01,MSFT,482.5186767578125
2020-01-01,MU,51.77798843383789
2020-02-01,MU,51.26108932495117
2020-03-01,MU,41.020572662353516
2020-04-01,MU,46.70650100708008
2020-05-01,MU,46.72600555419922
2020-06-01,MU,50.246795654296875
2020-07-01,MU,48.8228759765625
2020-08-01,MU,44.38532257080078
2020-09-01,MU,45.79948806762695
2020-10-01,MU,49.095951080322266
2020-11-01,MU,62.50614929199219
2020-12-01,MU,73.32207489013672
2021-01-01,MU,76.33572387695312
2021-02-01,MU,89.26802062988281
2021-03-01,MU,86.03008270263672
2021-04-01,MU,83.94296264648438
2021-05-01,MU,82.06065368652344
2021-06-01,MU,82.8798828125
2021-07-01,MU,75.66278839111328
2021-08-01,MU,71.87865447998047
2021-09-01,MU,69.22586822509766
2021-10-01,MU,67.4865493774414
2021-11-01,MU,82.03862762451172
2021-12-01,MU,90.97499084472656
2022-01-01,MU,80.43470001220703
2022-02-01,MU,86.877685546875
2022-03-01,MU,76.15242004394531
2022-04-01,MU,66.66879272460938
2022-05-01,MU,72.29139709472656
2022-06-01,MU,54.12065887451172
2022-07-01,MU,60.562652587890625
2022-08-01,MU,55.45280075073242
2022-09-01,MU,49.14532470703125
2022-10-01,MU,53.06911087036133
2022-11-01,MU,56.6707763671875
2022-12-01,MU,49.13105773925781
2023-01-01,MU,59.4106559753418
2023-02-01,MU,56.96723175048828
2023-03-01,MU,59.450069427490234
2023-04-01,MU,63.4107666015625
2023-05-01,MU,67.32994079589844
2023-06-01,MU,62.30487823486328
2023-07-01,MU,70.47923278808594
2023-08-01,MU,69.17766571044922
2023-09-01,MU,67.28848266601562
2023-10-01,MU,66.14112854003906
2023-11-01,MU,75.41590881347656
2023-12-01,MU,84.55061340332031
2024-01-01,MU,85.07059478759766
2024-02-01,MU,89.89208984375
2024-03-01,MU,116.95594024658203
2024-04-01,MU,112.17317962646484
2024-05-01,MU,124.12930297851562
2024-06-01,MU,130.61383056640625
2024-07-01,MU,109.05503845214844
2024-08-01,MU,95.65321350097656
2024-09-01,MU,103.07768249511719
2024-10-01,MU,99.04242706298828
2024-11-01,MU,97.46240997314453
2024-12-01,MU,83.7410659790039
2025-01-01,MU,90.90377044677734
2025-02-01,MU,93.28495788574219
2025-03-01,MU,86.5698013305664
2025-04-01,MU,76.76624298095703
2025-05-01,MU,94.23443603515625
2025-06-01,MU,122.95568084716797
2025-07-01,MU,108.87937927246094
2025-08-01,MU,118.83757019042969
2025-09-01,MU,167.07757568359375
2025-10-01,MU,223.44578552246094
2025-11-01,MU,236.2852325439453
2025-12-01,MU,285.1749572753906
2020-01-01,NEE,57.418724060058594
2020-02-01,NEE,54.11318588256836
2020-03-01,NEE,51.783172607421875
2020-04-01,NEE,49.73871612548828
2020-05-01,NEE,54.99837875366211
2020-06-01,NEE,51.686336517333984
2020-07-01,NEE,60.7414436340332
2020-08-01,NEE,60.410362243652344
2020-09-01,NEE,60.36486053466797
2020-10-01,NEE,63.688026428222656
2020-11-01,NEE,64.01859283447266
2020-12-01,NEE,67.43032836914062
2021-01-01,NEE,70.68167114257812
2021-02-01,NEE,64.22270202636719
2021-03-01,NEE,66.43108367919922
2021-04-01,NEE,68.1004409790039
2021-05-01,NEE,64.33124542236328
2021-06-01,NEE,64.38395690917969
2021-07-01,NEE,68.80487823486328
2021-08-01,NEE,74.18384552001953
2021-09-01,NEE,69.6697998046875
2021-10-01,NEE,75.71224212646484
2021-11-01,NEE,76.9988021850586
2021-12-01,NEE,83.20406341552734
2022-01-01,NEE,69.62190246582031
2022-02-01,NEE,69.75556182861328
2022-03-01,NEE,75.91314697265625
2022-04-01,NEE,63.644813537597656
2022-05-01,NEE,67.82984161376953
2022-06-01,NEE,69.8114242553711
2022-07-01,NEE,76.14725494384766
2022-08-01,NEE,76.6609878540039
2022-09-01,NEE,71.01033020019531
2022-10-01,NEE,70.18621063232422
2022-11-01,NEE,76.70673370361328
2022-12-01,NEE,76.09506225585938
2023-01-01,NEE,67.93029022216797
2023-02-01,NEE,64.65348052978516
2023-03-01,NEE,70.61357116699219
2023-04-01,NEE,70.20130920410156
2023-05-01,NEE,67.29725646972656
2023-06-01,NEE,68.41141510009766
2023-07-01,NEE,67.58163452148438
2023-08-01,NEE,61.588714599609375
2023-09-01,NEE,53.18656921386719
2023-10-01,NEE,54.12422180175781
2023-11-01,NEE,54.31917953491211
2023-12-01,NEE,56.848323822021484
2024-01-01,NEE,54.87350845336914
2024-02-01,NEE,51.65391540527344
2024-03-01,NEE,60.36271286010742
2024-04-01,NEE,63.252872467041016
2024-05-01,NEE,75.57852172851562
2024-06-01,NEE,66.87973022460938
2024-07-01,NEE,72.61737060546875
2024-08-01,NEE,76.53390502929688
2024-09-01,NEE,80.87580871582031
2024-10-01,NEE,75.82406616210938
2024-11-01,NEE,75.26913452148438
2024-12-01,NEE,69.05056762695312
2025-01-01,NEE,68.92533874511719
2025-02-01,NEE,67.5865249633789
2025-03-01,NEE,68.84261322021484
2025-04-01,NEE,64.94842529296875
2025-05-01,NEE,68.59983825683594
2025-06-01,NEE,67.41506958007812
2025-07-01,NEE,69.56608581542969
2025-08-01,NEE,70.53528594970703
2025-09-01,NEE,74.47444152832031
2025-10-01,NEE,80.30493927001953
2025-11-01,NEE,85.129150390625
2025-12-01,NEE,79.7363052368164
2020-01-01,NFLX,34.50899887084961
2020-02-01,NFLX,36.90299987792969
2020-03-01,NFLX,37.54999923706055
2020-04-01,NFLX,41.98500061035156
2020-05-01,NFLX,41.972999572753906
2020-06-01,NFLX,45.50400161743164
2020-07-01,NFLX,48.88800048828125
2020-08-01,NFLX,52.95600128173828
2020-09-01,NFLX,50.00299835205078
2020-10-01,NFLX,47.57400131225586
2020-11-01,NFLX,49.06999969482422
2020-12-01,NFLX,54.073001861572266
2021-01-01,NFLX,53.23899841308594
2021-02-01,NFLX,53.8849983215332
2021-03-01,NFLX,52.16600036621094
2021-04-01,NFLX,51.34700012207031
2021-05-01,NFLX,50.28099822998047
2021-06-01,NFLX,52.82099914550781
2021-07-01,NFLX,51.75699996948242
2021-08-01,NFLX,56.91899871826172
2021-09-01,NFLX,61.034000396728516
2021-10-01,NFLX,69.03099822998047
2021-11-01,NFLX,64.19000244140625
2021-12-01,NFLX,60.24399948120117
2022-01-01,NFLX,42.7140007019043
2022-02-01,NFLX,39.45199966430664
2022-03-01,NFLX,37.45899963378906
2022-04-01,NFLX,19.035999298095703
2022-05-01,NFLX,19.743999481201172
2022-06-01,NFLX,17.48699951171875
2022-07-01,NFLX,22.489999771118164
2022-08-01,NFLX,22.356000900268555
2022-09-01,NFLX,23.54400062561035
2022-10-01,NFLX,29.187999725341797
2022-11-01,NFLX,30.55299949645996
2022-12-01,NFLX,29.488000869750977
2023-01-01,NFLX,35.38600158691406
2023-02-01,NFLX,32.2130012512207
2023-03-01,NFLX,34.54800033569336
2023-04-01,NFLX,32.99300003051758
2023-05-01,NFLX,39.52299880981445
2023-06-01,NFLX,44.04899978637695
2023-07-01,NFLX,43.89699935913086
2023-08-01,NFLX,43.36800003051758
2023-09-01,NFLX,37.7599983215332
2023-10-01,NFLX,41.16899871826172
2023-11-01,NFLX,47.39699935913086
2023-12-01,NFLX,48.6879997253418
2024-01-01,NFLX,56.4109992980957
2024-02-01,NFLX,60.29199981689453
2024-03-01,NFLX,60.733001708984375
2024-04-01,NFLX,55.06399917602539
2024-05-01,NFLX,64.16200256347656
2024-06-01,NFLX,67.48799896240234
2024-07-01,NFLX,62.834999084472656
2024-08-01,NFLX,70.13500213623047
2024-09-01,NFLX,70.927001953125
2024-10-01,NFLX,75.60299682617188
2024-11-01,NFLX,88.68099975585938
2024-12-01,NFLX,89.13200378417969
2025-01-01,NFLX,97.6760025024414
2025-02-01,NFLX,98.05599975585938
2025-03-01,NFLX,93.25299835205078
2025-04-01,NFLX,113.1719970703125
2025-05-01,NFLX,120.7229995727539
2025-06-01,NFLX,133.91299438476562
2025-07-01,NFLX,115.94000244140625
2025-08-01,NFLX,120.82499694824219
2025-09-01,NFLX,119.89199829101562
2025-10-01,NFLX,111.88600158691406
2025-11-01,NFLX,107.58000183105469
2025-12-01,NFLX,93.76000213623047
2020-01-01,NKE,88.24517059326172
2020-02-01,NKE,81.90396118164062
2020-03-01,NKE,76.02973175048828
2020-04-01,NKE,80.10963439941406
2020-05-01,NKE,90.58509063720703
2020-06-01,NKE,90.32284545898438
2020-07-01,NKE,89.91748809814453
2020-08-01,NKE,103.07210540771484
2020-09-01,NKE,115.9025650024414
2020-10-01,NKE,110.86170959472656
2020-11-01,NKE,124.35936737060547
2020-12-01,NKE,130.60964965820312
2021-01-01,NKE,123.58273315429688
2021-02-01,NKE,124.68356323242188
2021-03-01,NKE,123.18511199951172
2021-04-01,NKE,122.93480682373047
2021-05-01,NKE,126.4944076538086
2021-06-01,NKE,143.4966583251953
2021-07-01,NKE,155.59011840820312
2021-08-01,NKE,153.01724243164062
2021-09-01,NKE,135.11814880371094
2021-10-01,NKE,155.6421661376953
2021-11-01,NKE,157.45640563964844
2021-12-01,NKE,155.06539916992188
2022-01-01,NKE,138.008056640625
2022-02-01,NKE,127.27085876464844
2022-03-01,NKE,125.41609954833984
2022-04-01,NKE,116.4913330078125
2022-05-01,NKE,111.02640533447266
2022-06-01,NKE,95.47241973876953
2022-07-01,NKE,107.62109375
2022-08-01,NKE,99.68904113769531
2022-09-01,NKE,77.84080505371094
2022-10-01,NKE,87.04291534423828
2022-11-01,NKE,103.01831817626953
2022-12-01,NKE,109.89310455322266
2023-01-01,NKE,119.95246887207031
2023-02-01,NKE,111.90727233886719
2023-03-01,NKE,115.5342025756836
2023-04-01,NKE,119.71820068359375
2023-05-01,NKE,99.44395446777344
2023-06-01,NKE,104.2716064453125
2023-07-01,NKE,104.63378143310547
2023-08-01,NKE,96.40641021728516
2023-09-01,NKE,90.63396453857422
2023-10-01,NKE,97.73784637451172
2023-11-01,NKE,104.87060546875
2023-12-01,NKE,103.25386047363281
2024-01-01,NKE,96.88365173339844
2024-02-01,NKE,99.17382049560547
2024-03-01,NKE,89.67916870117188
2024-04-01,NKE,88.3524169921875
2024-05-01,NKE,91.02425384521484
2024-06-01,NKE,72.17778778076172
2024-07-01,NKE,71.96952819824219
2024-08-01,NKE,80.10286712646484
2024-09-01,NKE,84.98673248291016
2024-10-01,NKE,74.48263549804688
2024-11-01,NKE,76.06634521484375
2024-12-01,NKE,73.07274627685547
2025-01-01,NKE,74.63955688476562
2025-02-01,NKE,77.0951919555664
2025-03-01,NKE,61.61403274536133
2025-04-01,NKE,55.01921844482422
2025-05-01,NKE,59.10663986206055
2025-06-01,NKE,69.3008041381836
2025-07-01,NKE,73.34565734863281
2025-08-01,NKE,75.9774169921875
2025-09-01,NKE,68.47492218017578
2025-10-01,NKE,63.75706481933594
2025-11-01,NKE,63.796546936035156
2025-12-01,NKE,62.88841247558594
2020-01-01,NOW,67.64600372314453
2020-02-01,NOW,65.21800231933594
2020-03-01,NOW,57.316001892089844
2020-04-01,NOW,70.30799865722656
2020-05-01,NOW,77.58599853515625
2020-06-01,NOW,81.01200103759766
2020-07-01,NOW,87.83999633789062
2020-08-01,NOW,96.40399932861328
2020-09-01,NOW,97.0
2020-10-01,NOW,99.51399993896484
2020-11-01,NOW,106.91000366210938
2020-12-01,NOW,110.08599853515625
2021-01-01,NOW,108.63200378417969
2021-02-01,NOW,106.69200134277344
2021-03-01,NOW,100.02200317382812
2021-04-01,NOW,101.27400207519531
2021-05-01,NOW,94.7760009765625
2021-06-01,NOW,109.91000366210938
2021-07-01,NOW,117.5780029296875
2021-08-01,NOW,128.72799682617188
2021-09-01,NOW,124.4540023803711
2021-10-01,NOW,139.552001953125
2021-11-01,NOW,129.5399932861328
2021-12-01,NOW,129.82200622558594
2022-01-01,NOW,117.15599822998047
2022-02-01,NOW,115.98400115966797
2022-03-01,NOW,111.37799835205078
2022-04-01,NOW,95.62000274658203
2022-05-01,NOW,93.49400329589844
2022-06-01,NOW,95.10399627685547
2022-07-01,NOW,89.33200073242188
2022-08-01,NOW,86.92400360107422
2022-09-01,NOW,75.52200317382812
2022-10-01,NOW,84.14800262451172
2022-11-01,NOW,83.26000213623047
2022-12-01,NOW,77.65399932861328
2023-01-01,NOW,91.0260009765625
2023-02-01,NOW,86.43399810791016
2023-03-01,NOW,92.94400024414062
2023-04-01,NOW,91.88400268554688
2023-05-01,NOW,108.95600128173828
2023-06-01,NOW,112.39399719238281
2023-07-01,NOW,116.5999984741211
2023-08-01,NOW,117.76599884033203
2023-09-01,NOW,111.79199981689453
2023-10-01,NOW,116.37000274658203
2023-11-01,NOW,137.1479949951172
2023-12-01,NOW,141.29800415039062
2024-01-01,NOW,153.0800018310547
2024-02-01,NOW,154.26800537109375
2024-03-01,NOW,152.47999572753906
2024-04-01,NOW,138.66600036621094
2024-05-01,NOW,131.38600158691406
2024-06-01,NOW,157.33399963378906
2024-07-01,NOW,162.8780059814453
2024-08-01,NOW,171.0
2024-09-01,NOW,178.8780059814453
2024-10-01,NOW,186.59800720214844
2024-11-01,NOW,209.88800048828125
2024-12-01,NOW,212.0240020751953
2025-01-01,NOW,203.67599487304688
2025-02-01,NOW,185.95199584960938
2025-03-01,NOW,159.22799682617188
2025-04-01,NOW,191.0019989013672
2025-05-01,NOW,202.21800231933594
2025-06-01,NOW,205.61599731445312
2025-07-01,NOW,188.62399291992188
2025-08-01,NOW,183.49200439453125
2025-09-01,NOW,184.05599975585938
2025-10-01,NOW,183.8560028076172
2025-11-01,NOW,162.48199462890625
2025-12-01,NOW,153.19000244140625
2020-01-01,NVDA,5.884145259857178
2020-02-01,NVDA,6.72136116027832
2020-03-01,NVDA,6.564263343811035
2020-04-01,NVDA,7.278462886810303
2020-05-01,NVDA,8.840837478637695
2020-06-01,NVDA,9.460657119750977
2020-07-01,NVDA,10.578121185302734
2020-08-01,NVDA,13.328346252441406
2020-09-01,NVDA,13.483807563781738
2020-10-01,NVDA,12.49448299407959
2020-11-01,NVDA,13.359248161315918
2020-12-01,NVDA,13.01384162902832
2021-01-01,NVDA,12.952620506286621
2021-02-01,NVDA,13.675297737121582
2021-03-01,NVDA,13.310096740722656
2021-04-01,NVDA,14.971765518188477
2021-05-01,NVDA,16.203662872314453
2021-06-01,NVDA,19.952213287353516
2021-07-01,NVDA,19.45443344116211
2021-08-01,NVDA,22.333839416503906
2021-09-01,NVDA,20.672298431396484
2021-10-01,NVDA,25.5130672454834
2021-11-01,NVDA,32.60707092285156
2021-12-01,NVDA,29.34895896911621
2022-01-01,NVDA,24.43733787536621
2022-02-01,NVDA,24.336538314819336
2022-03-01,NVDA,27.23177719116211
2022-04-01,NVDA,18.513296127319336
2022-05-01,NVDA,18.6380672454834
2022-06-01,NVDA,15.131450653076172
2022-07-01,NVDA,18.13382339477539
2022-08-01,NVDA,15.069753646850586
2022-09-01,NVDA,12.119501113891602
2022-10-01,NVDA,13.479323387145996
2022-11-01,NVDA,16.900835037231445
2022-12-01,NVDA,14.59859561920166
2023-01-01,NVDA,19.516407012939453
2023-02-01,NVDA,23.191524505615234
2023-03-01,NVDA,27.74772071838379
2023-04-01,NVDA,27.724456787109375
2023-05-01,NVDA,37.800533294677734
2023-06-01,NVDA,42.264583587646484
2023-07-01,NVDA,46.692501068115234
2023-08-01,NVDA,49.31645584106445
2023-09-01,NVDA,43.46501922607422
2023-10-01,NVDA,40.751502990722656
2023-11-01,NVDA,46.73731994628906
2023-12-01,NVDA,49.487396240234375
2024-01-01,NVDA,61.489410400390625
2024-02-01,NVDA,79.06368255615234
2024-03-01,NVDA,90.3008041381836
2024-04-01,NVDA,86.353271484375
2024-05-01,NVDA,109.57115936279297
2024-06-01,NVDA,123.47032165527344
2024-07-01,NVDA,116.9636001586914
2024-08-01,NVDA,119.3124771118164
2024-09-01,NVDA,121.38148498535156
2024-10-01,NVDA,132.70738220214844
2024-11-01,NVDA,138.19520568847656
2024-12-01,NVDA,134.2367706298828
2025-01-01,NVDA,120.03067016601562
2025-02-01,NVDA,124.87908172607422
2025-03-01,NVDA,108.34449768066406
2025-04-01,NVDA,108.89433288574219
2025-05-01,NVDA,135.09817504882812
2025-06-01,NVDA,157.95278930664062
2025-07-01,NVDA,177.84043884277344
2025-08-01,NVDA,174.1510467529297
2025-09-01,NVDA,186.5489959716797
2025-10-01,NVDA,202.4677734375
2025-11-01,NVDA,176.98056030273438
2025-12-01,NVDA,186.4795379638672
2020-01-01,ORCL,47.78304672241211
2020-02-01,ORCL,45.25965881347656
2020-03-01,ORCL,44.22562026977539
2020-04-01,ORCL,48.471580505371094
2020-05-01,ORCL,49.437381744384766
2020-06-01,ORCL,50.81651306152344
2020-07-01,ORCL,50.98200607299805
2020-08-01,ORCL,52.8317985534668
2020-09-01,ORCL,55.121612548828125
2020-10-01,ORCL,51.80691909790039
2020-11-01,ORCL,53.50925064086914
2020-12-01,ORCL,59.970787048339844
2021-01-01,ORCL,56.02156066894531
2021-02-01,ORCL,60.03275680541992
2021-03-01,ORCL,65.29994201660156
2021-04-01,ORCL,70.52987670898438
2021-05-01,ORCL,73.59217071533203
2021-06-01,ORCL,72.75100708007812
2021-07-01,ORCL,81.44300842285156
2021-08-01,ORCL,83.61017608642578
2021-09-01,ORCL,81.7340316772461
2021-10-01,ORCL,89.99845123291016
2021-11-01,ORCL,85.41658782958984
2021-12-01,ORCL,82.09368896484375
2022-01-01,ORCL,76.39861297607422
2022-02-01,ORCL,71.77874755859375
2022-03-01,ORCL,78.16581726074219
2022-04-01,ORCL,69.35054016113281
2022-05-01,ORCL,68.218017578125
2022-06-01,ORCL,66.27355194091797
2022-07-01,ORCL,73.83330535888672
2022-08-01,ORCL,70.64779663085938
2022-09-01,ORCL,58.18558883666992
2022-10-01,ORCL,74.38265228271484
2022-11-01,ORCL,79.51502227783203
2022-12-01,ORCL,78.27964782714844
2023-01-01,ORCL,84.71515655517578
2023-02-01,ORCL,84.01390838623047
2023-03-01,ORCL,89.32003021240234
2023-04-01,ORCL,91.05028533935547
2023-05-01,ORCL,102.2620620727539
2023-06-01,ORCL,114.95551300048828
2023-07-01,ORCL,113.16009521484375
2023-08-01,ORCL,116.61820983886719
2023-09-01,ORCL,102.60154724121094
2023-10-01,ORCL,100.16050720214844
2023-11-01,ORCL,112.98109436035156
2023-12-01,ORCL,102.50062561035156
2024-01-01,ORCL,108.5964126586914
2024-02-01,ORCL,108.99768829345703
2024-03-01,ORCL,122.59310913085938
2024-04-01,ORCL,111.01795959472656
2024-05-01,ORCL,114.74443817138672
2024-06-01,ORCL,138.25341796875
2024-07-01,ORCL,136.5399169921875
2024-08-01,ORCL,138.73211669921875
2024-09-01,ORCL,167.3151092529297
2024-10-01,ORCL,164.8014678955078
2024-11-01,ORCL,181.90179443359375
2024-12-01,ORCL,163.99110412597656
2025-01-01,ORCL,167.3567352294922
2025-02-01,ORCL,163.82200622558594
2025-03-01,ORCL,137.92576599121094
2025-04-01,ORCL,138.82351684570312
2025-05-01,ORCL,163.8857421875
2025-06-01,ORCL,216.45831298828125
2025-07-01,ORCL,251.24923706054688
2025-08-01,ORCL,224.35952758789062
2025-09-01,ORCL,279.03802490234375
2025-10-01,ORCL,260.55389404296875
2025-11-01,ORCL,200.716552734375
2025-12-01,ORCL,193.71954345703125
2020-01-01,PEP,117.23017120361328
2020-02-01,PEP,108.98392486572266
2020-03-01,PEP,99.1363754272461
2020-04-01,PEP,109.9358901977539
2020-05-01,PEP,109.3209457397461
2020-06-01,PEP,109.91097259521484
2020-07-01,PEP,115.28640747070312
2020-08-01,PEP,117.2963638305664
2020-09-01,PEP,116.07366180419922
2020-10-01,PEP,112.42935943603516
2020-11-01,PEP,121.65718841552734
2020-12-01,PEP,125.0902099609375
2021-01-01,PEP,116.01668548583984
2021-02-01,PEP,109.74736785888672
2021-03-01,PEP,120.1622543334961
2021-04-01,PEP,123.44229888916016
2021-05-01,PEP,126.67906951904297
2021-06-01,PEP,126.87599182128906
2021-07-01,PEP,135.3760528564453
2021-08-01,PEP,134.8930206298828
2021-09-01,PEP,129.73504638671875
2021-10-01,PEP,140.34228515625
2021-11-01,PEP,138.7616729736328
2021-12-01,PEP,150.85928344726562
2022-01-01,PEP,151.7125701904297
2022-02-01,PEP,143.16172790527344
2022-03-01,PEP,146.34422302246094
2022-04-01,PEP,151.11746215820312
2022-05-01,PEP,147.6323699951172
2022-06-01,PEP,146.673095703125
2022-07-01,PEP,155.04867553710938
2022-08-01,PEP,152.66481018066406
2022-09-01,PEP,144.68017578125
2022-10-01,PEP,161.99668884277344
2022-11-01,PEP,165.5028533935547
2022-12-01,PEP,161.1759033203125
2023-01-01,PEP,153.52735900878906
2023-02-01,PEP,155.7805938720703
2023-03-01,PEP,163.653564453125
2023-04-01,PEP,172.52293395996094
2023-05-01,PEP,164.80462646484375
2023-06-01,PEP,167.39849853515625
2023-07-01,PEP,170.60650634765625
2023-08-01,PEP,161.9241943359375
2023-09-01,PEP,155.2914276123047
2023-10-01,PEP,149.64578247070312
2023-11-01,PEP,154.2374267578125
2023-12-01,PEP,156.84494018554688
2024-01-01,PEP,155.63519287109375
2024-02-01,PEP,152.68927001953125
2024-03-01,PEP,162.85275268554688
2024-04-01,PEP,163.6902313232422
2024-05-01,PEP,160.88931274414062
2024-06-01,PEP,153.4729766845703
2024-07-01,PEP,161.94223022460938
2024-08-01,PEP,162.13917541503906
2024-09-01,PEP,159.48500061035156
2024-10-01,PEP,156.94773864746094
2024-11-01,PEP,154.4623565673828
2024-12-01,PEP,143.69866943359375
2025-01-01,PEP,143.61651611328125
2025-02-01,PEP,146.2660369873047
2025-03-01,PEP,142.90171813964844
2025-04-01,PEP,130.35824584960938
2025-05-01,PEP,126.38731384277344
2025-06-01,PEP,126.95458984375
2025-07-01,PEP,134.06317138671875
2025-08-01,PEP,144.49310302734375
2025-09-01,PEP,136.51272583007812
2025-10-01,PEP,143.3938446044922
2025-11-01,PEP,145.99493408203125
2025-12-01,PEP,140.87127685546875
2020-01-01,PFE,25.735336303710938
2020-02-01,PFE,23.331384658813477
2020-03-01,PFE,22.786842346191406
2020-04-01,PFE,26.780118942260742
2020-05-01,PFE,26.661449432373047
2020-06-01,PFE,23.056238174438477
2020-07-01,PFE,27.13162612915039
2020-08-01,PFE,26.905532836914062
2020-09-01,PFE,26.129478454589844
2020-10-01,PFE,25.260873794555664
2020-11-01,PFE,28.748653411865234
2020-12-01,PFE,27.907108306884766
2021-01-01,PFE,27.217191696166992
2021-02-01,PFE,25.666288375854492
2021-03-01,PFE,27.766185760498047
2021-04-01,PFE,29.6208438873291
2021-05-01,PFE,29.682159423828125
2021-06-01,PFE,30.307422637939453
2021-07-01,PFE,33.132293701171875
2021-08-01,PFE,35.978271484375
2021-09-01,PFE,33.58857345581055
2021-10-01,PFE,34.158660888671875
2021-11-01,PFE,41.960330963134766
2021-12-01,PFE,46.51976013183594
2022-01-01,PFE,41.509334564208984
2022-02-01,PFE,37.2606315612793
2022-03-01,PFE,41.09465408325195
2022-04-01,PFE,38.951416015625
2022-05-01,PFE,42.1027717590332
2022-06-01,PFE,41.95794677734375
2022-07-01,PFE,40.42143249511719
2022-08-01,PFE,36.47689437866211
2022-09-01,PFE,35.291378021240234
2022-10-01,PFE,37.541439056396484
2022-11-01,PFE,40.428627014160156
2022-12-01,PFE,41.67799758911133
2023-01-01,PFE,35.919212341308594
2023-02-01,PFE,33.30209732055664
2023-03-01,PFE,33.49089431762695
2023-04-01,PFE,31.923053741455078
2023-05-01,PFE,31.20891571044922
2023-06-01,PFE,30.434772491455078
2023-07-01,PFE,29.92033576965332
2023-08-01,PFE,29.68317222595215
2023-09-01,PFE,27.829023361206055
2023-10-01,PFE,25.639284133911133
2023-11-01,PFE,25.563772201538086
2023-12-01,PFE,24.47994613647461
2024-01-01,PFE,23.025941848754883
2024-02-01,PFE,22.92363739013672
2024-03-01,PFE,23.950714111328125
2024-04-01,PFE,22.112337112426758
2024-05-01,PFE,24.736125946044922
2024-06-01,PFE,24.51341438293457
2024-07-01,PFE,26.756242752075195
2024-08-01,PFE,25.774494171142578
2024-09-01,PFE,25.712299346923828
2024-10-01,PFE,25.143680572509766
2024-11-01,PFE,23.28677749633789
2024-12-01,PFE,23.93720817565918
2025-01-01,PFE,23.92818832397461
2025-02-01,PFE,24.241222381591797
2025-03-01,PFE,23.241487503051758
2025-04-01,PFE,22.388505935668945
2025-05-01,PFE,21.544694900512695
2025-06-01,PFE,22.656719207763672
2025-07-01,PFE,21.76877212524414
2025-08-01,PFE,23.542091369628906
2025-09-01,PFE,24.226673126220703
2025-10-01,PFE,23.4375
2025-11-01,PFE,24.47388458251953
2025-12-01,PFE,24.09208869934082
2020-01-01,PG,105.76225280761719
2020-02-01,PG,96.66673278808594
2020-03-01,PG,93.90922546386719
2020-04-01,PG,100.62797546386719
2020-05-01,PG,99.62321472167969
2020-06-01,PG,102.76009368896484
2020-07-01,PG,112.68630981445312
2020-08-01,PG,119.63287353515625
2020-09-01,PG,120.20368957519531
2020-10-01,PG,118.56916809082031
2020-11-01,PG,120.76676177978516
2020-12-01,PG,121.00153350830078
2021-01-01,PG,111.49640655517578
2021-02-01,PG,108.074462890625
2021-03-01,PG,118.48555755615234
2021-04-01,PG,116.7270736694336
2021-05-01,PG,118.73297882080078
2021-06-01,PG,118.80340576171875
2021-07-01,PG,125.2309341430664
2021-08-01,PG,126.16033935546875
2021-09-01,PG,123.8655014038086
2021-10-01,PG,126.69194793701172
2021-11-01,PG,128.89479064941406
2021-12-01,PG,145.83355712890625
2022-01-01,PG,143.04312133789062
2022-02-01,PG,139.72821044921875
2022-03-01,PG,136.9585723876953
2022-04-01,PG,143.9051055908203
2022-05-01,PG,133.2922821044922
2022-06-01,PG,129.605712890625
2022-07-01,PG,125.20716094970703
2022-08-01,PG,125.13997650146484
2022-09-01,PG,114.53473663330078
2022-10-01,PG,122.17340087890625
2022-11-01,PG,136.2791748046875
2022-12-01,PG,138.47190856933594
2023-01-01,PG,130.08468627929688
2023-02-01,PG,126.46955871582031
2023-03-01,PG,136.70220947265625
2023-04-01,PG,143.77224731445312
2023-05-01,PG,131.83151245117188
2023-06-01,PG,140.37977600097656
2023-07-01,PG,144.59835815429688
2023-08-01,PG,143.68475341796875
2023-09-01,PG,135.79019165039062
2023-10-01,PG,139.6723175048828
2023-11-01,PG,143.8234405517578
2023-12-01,PG,137.28428649902344
2024-01-01,PG,147.2147979736328
2024-02-01,PG,149.8414764404297
2024-03-01,PG,152.96197509765625
2024-04-01,PG,153.8576202392578
2024-05-01,PG,156.1225128173828
2024-06-01,PG,156.48309326171875
2024-07-01,PG,152.53590393066406
2024-08-01,PG,163.7433624267578
2024-09-01,PG,165.32791137695312
2024-10-01,PG,157.67242431640625
2024-11-01,PG,172.11851501464844
2024-12-01,PG,160.97103881835938
2025-01-01,PG,159.377197265625
2025-02-01,PG,167.93223571777344
2025-03-01,PG,164.6284637451172
2025-04-01,PG,157.04525756835938
2025-05-01,PG,165.1394805908203
2025-06-01,PG,154.8650360107422
2025-07-01,PG,146.26251220703125
2025-08-01,PG,153.6927032470703
2025-09-01,PG,150.3749542236328
2025-10-01,PG,147.1648712158203
2025-11-01,PG,146.01597595214844
2025-12-01,PG,141.2361602783203
2020-09-01,PLTR,9.5
2020-10-01,PLTR,10.130000114440918
2020-11-01,PLTR,27.110000610351562
2020-12-01,PLTR,23.549999237060547
2021-01-01,PLTR,35.18000030517578
2021-02-01,PLTR,23.899999618530273
2021-03-01,PLTR,23.290000915527344
2021-04-01,PLTR,23.040000915527344
2021-05-01,PLTR,22.950000762939453
2021-06-01,PLTR,26.360000610351562
2021-07-01,PLTR,21.709999084472656
2021-08-01,PLTR,26.34000015258789
2021-09-01,PLTR,24.040000915527344
2021-10-01,PLTR,25.8799991607666
2021-11-01,PLTR,20.649999618530273
2021-12-01,PLTR,18.209999084472656
2022-01-01,PLTR,13.710000038146973
2022-02-01,PLTR,11.850000381469727
2022-03-01,PLTR,13.729999542236328
2022-04-01,PLTR,10.399999618530273
2022-05-01,PLTR,8.680000305175781
2022-06-01,PLTR,9.069999694824219
2022-07-01,PLTR,10.350000381469727
2022-08-01,PLTR,7.71999979019165
2022-09-01,PLTR,8.130000114440918
2022-10-01,PLTR,8.789999961853027
2022-11-01,PLTR,7.5
2022-12-01,PLTR,6.420000076293945
2023-01-01,PLTR,7.78000020980835
2023-02-01,PLTR,7.840000152587891
2023-03-01,PLTR,8.449999809265137
2023-04-01,PLTR,7.75
2023-05-01,PLTR,14.710000038146973
2023-06-01,PLTR,15.329999923706055
2023-07-01,PLTR,19.84000015258789
2023-08-01,PLTR,14.979999542236328
2023-09-01,PLTR,16.0
2023-10-01,PLTR,14.800000190734863
2023-11-01,PLTR,20.049999237060547
2023-12-01,PLTR,17.170000076293945
2024-01-01,PLTR,16.09000015258789
2024-02-01,PLTR,25.079999923706055
2024-03-01,PLTR,23.010000228881836
2024-04-01,PLTR,21.969999313354492
2024-05-01,PLTR,21.68000030517578
2024-06-01,PLTR,25.329999923706055
2024-07-01,PLTR,26.889999389648438
2024-08-01,PLTR,31.479999542236328
2024-09-01,PLTR,37.20000076293945
2024-10-01,PLTR,41.560001373291016
2024-11-01,PLTR,67.08000183105469
2024-12-01,PLTR,75.62999725341797
2025-01-01,PLTR,82.48999786376953
2025-02-01,PLTR,84.91999816894531
2025-03-01,PLTR,84.4000015258789
2025-04-01,PLTR,118.44000244140625
2025-05-01,PLTR,131.77999877929688
2025-06-01,PLTR,136.32000732421875
2025-07-01,PLTR,158.35000610351562
2025-08-01,PLTR,156.7100067138672
2025-09-01,PLTR,182.4199981689453
2025-10-01,PLTR,200.47000122070312
2025-11-01,PLTR,168.4499969482422
2025-12-01,PLTR,177.75
2020-01-01,PM,60.386512756347656
2020-02-01,PM,59.78045654296875
2020-03-01,PM,53.27449035644531
2020-04-01,PM,55.448585510253906
2020-05-01,PM,54.52692794799805
2020-06-01,PM,52.074100494384766
2020-07-01,PM,58.00090026855469
2020-08-01,PM,60.251163482666016
2020-09-01,PM,56.62659454345703
2020-10-01,PM,54.477630615234375
2020-11-01,PM,58.10591125488281
2020-12-01,PM,63.506107330322266
2021-01-01,PM,61.981170654296875
2021-02-01,PM,65.3817367553711
2021-03-01,PM,69.05469512939453
2021-04-01,PM,74.91876983642578
2021-05-01,PM,76.04649353027344
2021-06-01,PM,78.1600112915039
2021-07-01,PM,79.89104461669922
2021-08-01,PM,82.21379852294922
2021-09-01,PM,75.66062927246094
2021-10-01,PM,76.39261627197266
2021-11-01,PM,69.44343566894531
2021-12-01,PM,76.76432037353516
2022-01-01,PM,84.23922729492188
2022-02-01,PM,82.78132629394531
2022-03-01,PM,76.94151306152344
2022-04-01,PM,83.0129623413086
2022-05-01,PM,88.20127868652344
2022-06-01,PM,81.96698760986328
2022-07-01,PM,81.65901184082031
2022-08-01,PM,80.26371002197266
2022-09-01,PM,69.7737045288086
2022-10-01,PM,78.30704498291016
2022-11-01,PM,84.97401428222656
2022-12-01,PM,86.28694915771484
2023-01-01,PM,90.00279998779297
2023-02-01,PM,84.01066589355469
2023-03-01,PM,83.9675064086914
2023-04-01,PM,87.47687530517578
2023-05-01,PM,78.7615737915039
2023-06-01,PM,85.42056274414062
2023-07-01,PM,88.42362976074219
2023-08-01,PM,85.17826080322266
2023-09-01,PM,82.09246826171875
2023-10-01,PM,80.17196655273438
2023-11-01,PM,83.94857025146484
2023-12-01,PM,84.59597778320312
2024-01-01,PM,82.82174682617188
2024-02-01,PM,82.01038360595703
2024-03-01,PM,83.52368927001953
2024-04-01,PM,87.75138092041016
2024-05-01,PM,93.70374298095703
2024-06-01,PM,93.65752410888672
2024-07-01,PM,107.82546997070312
2024-08-01,PM,115.43767547607422
2024-09-01,PM,113.66804504394531
2024-10-01,PM,125.64218139648438
2024-11-01,PM,125.98302459716797
2024-12-01,PM,113.94903564453125
2025-01-01,PM,124.64419555664062
2025-02-01,PM,148.65399169921875
2025-03-01,PM,151.95677185058594
2025-04-01,PM,165.49591064453125
2025-05-01,PM,174.41004943847656
2025-06-01,PM,175.89735412597656
2025-07-01,PM,159.62890625
2025-08-01,PM,162.6259002685547
2025-09-01,PM,157.82875061035156
2025-10-01,PM,140.4403533935547
2025-11-01,PM,154.6758575439453
2025-12-01,PM,157.54385375976562
2020-01-01,QCOM,74.21078491210938
2020-02-01,QCOM,68.1128158569336
2020-03-01,QCOM,58.84843826293945
2020-04-01,QCOM,68.97905731201172
2020-05-01,QCOM,70.91683197021484
2020-06-01,QCOM,79.97434997558594
2020-07-01,QCOM,93.31721496582031
2020-08-01,QCOM,105.23699951171875
2020-09-01,QCOM,103.9822769165039
2020-10-01,QCOM,109.5849380493164
2020-11-01,QCOM,130.73617553710938
2020-12-01,QCOM,135.328857421875
2021-01-01,QCOM,139.42803955078125
2021-02-01,QCOM,121.50440979003906
2021-03-01,QCOM,118.2926025390625
2021-04-01,QCOM,124.42310333251953
2021-05-01,QCOM,120.60436248779297
2021-06-01,QCOM,128.12535095214844
2021-07-01,QCOM,134.96896362304688
2021-08-01,QCOM,132.16683959960938
2021-09-01,QCOM,116.21025848388672
2021-10-01,QCOM,120.42654418945312
2021-11-01,QCOM,163.4412078857422
2021-12-01,QCOM,165.5321807861328
2022-01-01,QCOM,159.6976776123047
2022-02-01,QCOM,156.27223205566406
2022-03-01,QCOM,138.85415649414062
2022-04-01,QCOM,127.45355224609375
2022-05-01,QCOM,130.67430114746094
2022-06-01,QCOM,116.55032348632812
2022-07-01,QCOM,133.0498809814453
2022-08-01,QCOM,121.3188247680664
2022-09-01,QCOM,104.2073974609375
2022-10-01,QCOM,108.52399444580078
2022-11-01,QCOM,116.6683578491211
2022-12-01,QCOM,102.04998016357422
2023-01-01,QCOM,123.64997863769531
2023-02-01,QCOM,114.66465759277344
2023-03-01,QCOM,118.42401885986328
2023-04-01,QCOM,109.07991027832031
2023-05-01,QCOM,105.91399383544922
2023-06-01,QCOM,111.94390869140625
2023-07-01,QCOM,124.29119873046875
2023-08-01,QCOM,107.70275115966797
2023-09-01,QCOM,105.17911529541016
2023-10-01,QCOM,103.21874237060547
2023-11-01,QCOM,122.21650695800781
2023-12-01,QCOM,137.84263610839844
2024-01-01,QCOM,141.54054260253906
2024-02-01,QCOM,150.38504028320312
2024-03-01,QCOM,162.17446899414062
2024-04-01,QCOM,158.8696746826172
2024-05-01,QCOM,195.4619140625
2024-06-01,QCOM,191.5787811279297
2024-07-01,QCOM,174.0444793701172
2024-08-01,QCOM,168.6100616455078
2024-09-01,QCOM,163.56044006347656
2024-10-01,QCOM,157.36732482910156
2024-11-01,QCOM,153.26808166503906
2024-12-01,QCOM,148.5210418701172
2025-01-01,QCOM,168.064697265625
2025-02-01,QCOM,152.7480926513672
2025-03-01,QCOM,149.2882537841797
2025-04-01,QCOM,145.06112670898438
2025-05-01,QCOM,141.87574768066406
2025-06-01,QCOM,155.61386108398438
2025-07-01,QCOM,144.26144409179688
2025-08-01,QCOM,157.9936065673828
2025-09-01,QCOM,163.52777099609375
2025-10-01,QCOM,178.83216857910156
2025-11-01,QCOM,166.16860961914062
2025-12-01,QCOM,169.0947723388672
2020-01-01,RTX,81.66339111328125
2020-02-01,RTX,71.00146484375
2020-03-01,RTX,51.531070709228516
2020-04-01,RTX,56.25812530517578
2020-05-01,RTX,56.00639724731445
2020-06-01,RTX,53.96285629272461
2020-07-01,RTX,49.636722564697266
2020-08-01,RTX,53.419898986816406
2020-09-01,RTX,50.764930725097656
2020-10-01,RTX,47.9240608215332
2020-11-01,RTX,63.27529525756836
2020-12-01,RTX,63.54844665527344
2021-01-01,RTX,59.300601959228516
2021-02-01,RTX,63.9749870300293
2021-03-01,RTX,69.08965301513672
2021-04-01,RTX,74.42761993408203
2021-05-01,RTX,79.31855773925781
2021-06-01,RTX,76.73778533935547
2021-07-01,RTX,78.21297454833984
2021-08-01,RTX,76.24304962158203
2021-09-01,RTX,77.78656005859375
2021-10-01,RTX,80.41081237792969
2021-11-01,RTX,73.22577667236328
2021-12-01,RTX,78.3338851928711
2022-01-01,RTX,82.0931167602539
2022-02-01,RTX,93.48002624511719
2022-03-01,RTX,90.67725372314453
2022-04-01,RTX,86.86968994140625
2022-05-01,RTX,87.06188201904297
2022-06-01,RTX,88.49357604980469
2022-07-01,RTX,85.8233871459961
2022-08-01,RTX,82.63758850097656
2022-09-01,RTX,75.81179809570312
2022-10-01,RTX,87.81424713134766
2022-11-01,RTX,91.42610168457031
2022-12-01,RTX,94.01156616210938
2023-01-01,RTX,93.01481628417969
2023-02-01,RTX,91.37530517578125
2023-03-01,RTX,91.72820281982422
2023-04-01,RTX,93.57344818115234
2023-05-01,RTX,86.30487060546875
2023-06-01,RTX,92.3203353881836
2023-07-01,RTX,82.8677749633789
2023-08-01,RTX,81.08657836914062
2023-09-01,RTX,68.29991149902344
2023-10-01,RTX,77.23954772949219
2023-11-01,RTX,77.32493591308594
2023-12-01,RTX,80.43790435791016
2024-01-01,RTX,87.11078643798828
2024-02-01,RTX,85.72457122802734
2024-03-01,RTX,93.85257720947266
2024-04-01,RTX,97.692138671875
2024-05-01,RTX,103.74494934082031
2024-06-01,RTX,97.18590545654297
2024-07-01,RTX,113.74014282226562
2024-08-01,RTX,119.40343475341797
2024-09-01,RTX,117.92066955566406
2024-10-01,RTX,117.75521087646484
2024-11-01,RTX,118.57276153564453
2024-12-01,RTX,113.2259521484375
2025-01-01,RTX,126.17080688476562
2025-02-01,RTX,130.1237335205078
2025-03-01,RTX,130.2611083984375
2025-04-01,RTX,124.03617095947266
2025-05-01,RTX,134.21435546875
2025-06-01,RTX,144.32803344726562
2025-07-01,RTX,155.74420166015625
2025-08-01,RTX,156.76226806640625
2025-09-01,RTX,166.1195068359375
2025-10-01,RTX,177.2086944580078
2025-11-01,RTX,173.64466857910156
2025-12-01,RTX,182.79286193847656
2020-01-01,SBUX,73.35885620117188
2020-02-01,SBUX,67.82427978515625
2020-03-01,SBUX,57.11526107788086
2020-04-01,SBUX,66.66341400146484
2020-05-01,SBUX,67.75812530517578
2020-06-01,SBUX,64.29669189453125
2020-07-01,SBUX,66.86541748046875
2020-08-01,SBUX,73.8027114868164
2020-09-01,SBUX,75.47794342041016
2020-10-01,SBUX,76.3915786743164
2020-11-01,SBUX,86.107421875
2020-12-01,SBUX,94.4216537475586
2021-01-01,SBUX,85.44549560546875
2021-02-01,SBUX,95.34839630126953
2021-03-01,SBUX,96.8534164428711
2021-04-01,SBUX,101.48026275634766
2021-05-01,SBUX,100.93959045410156
2021-06-01,SBUX,99.49909973144531
2021-07-01,SBUX,108.05989837646484
2021-08-01,SBUX,104.5537109375
2021-09-01,SBUX,98.54527282714844
2021-10-01,SBUX,94.75748443603516
2021-11-01,SBUX,97.94672393798828
2021-12-01,SBUX,104.9455337524414
2022-01-01,SBUX,88.21276092529297
2022-02-01,SBUX,82.35403442382812
2022-03-01,SBUX,82.03217315673828
2022-04-01,SBUX,67.30659484863281
2022-05-01,SBUX,70.787353515625
2022-06-01,SBUX,69.36982727050781
2022-07-01,SBUX,76.9887924194336
2022-08-01,SBUX,76.34403991699219
2022-09-01,SBUX,76.95254516601562
2022-10-01,SBUX,79.08047485351562
2022-11-01,SBUX,93.3366928100586
2022-12-01,SBUX,91.1175537109375
2023-01-01,SBUX,100.2476806640625
2023-02-01,SBUX,93.77207946777344
2023-03-01,SBUX,96.1251220703125
2023-04-01,SBUX,105.50411224365234
2023-05-01,SBUX,90.13404083251953
2023-06-01,SBUX,91.90020751953125
2023-07-01,SBUX,94.22880554199219
2023-08-01,SBUX,90.3973159790039
2023-09-01,SBUX,85.1247787475586
2023-10-01,SBUX,86.02946472167969
2023-11-01,SBUX,92.6141128540039
2023-12-01,SBUX,90.0376968383789
2024-01-01,SBUX,87.24305725097656
2024-02-01,SBUX,88.99674987792969
2024-03-01,SBUX,86.22071838378906
2024-04-01,SBUX,83.48474884033203
2024-05-01,SBUX,75.68253326416016
2024-06-01,SBUX,74.00381469726562
2024-07-01,SBUX,74.09886932373047
2024-08-01,SBUX,89.89776611328125
2024-09-01,SBUX,93.23360443115234
2024-10-01,SBUX,93.4344482421875
2024-11-01,SBUX,97.98661804199219
2024-12-01,SBUX,87.8058090209961
2025-01-01,SBUX,103.61566925048828
2025-02-01,SBUX,111.43879699707031
2025-03-01,SBUX,94.89993286132812
2025-04-01,SBUX,77.4466323852539
2025-05-01,SBUX,81.21979522705078
2025-06-01,SBUX,89.27410125732422
2025-07-01,SBUX,86.86761474609375
2025-08-01,SBUX,85.92255401611328
2025-09-01,SBUX,82.96870422363281
2025-10-01,SBUX,79.31063079833984
2025-11-01,SBUX,85.43030548095703
2025-12-01,SBUX,83.18285369873047
2020-01-01,SCHW,41.61396408081055
2020-02-01,SCHW,37.22874069213867
2020-03-01,SCHW,30.830982208251953
2020-04-01,SCHW,34.59085464477539
2020-05-01,SCHW,32.930999755859375
2020-06-01,SCHW,31.102968215942383
2020-07-01,SCHW,30.55908203125
2020-08-01,SCHW,32.75305938720703
2020-09-01,SCHW,33.57506561279297
2020-10-01,SCHW,38.09745407104492
2020-11-01,SCHW,45.20539855957031
2020-12-01,SCHW,49.345367431640625
2021-01-01,SCHW,47.94984817504883
2021-02-01,SCHW,57.420738220214844
2021-03-01,SCHW,60.8363151550293
2021-04-01,SCHW,65.70845794677734
2021-05-01,SCHW,68.92852783203125
2021-06-01,SCHW,68.13526153564453
2021-07-01,SCHW,63.58729553222656
2021-08-01,SCHW,68.17269897460938
2021-09-01,SCHW,68.32775115966797
2021-10-01,SCHW,76.94845581054688
2021-11-01,SCHW,72.59589385986328
2021-12-01,SCHW,79.06640625
2022-01-01,SCHW,82.45093536376953
2022-02-01,SCHW,79.40486907958984
2022-03-01,SCHW,79.43191528320312
2022-04-01,SCHW,62.492218017578125
2022-05-01,SCHW,66.0440902709961
2022-06-01,SCHW,59.70785140991211
2022-07-01,SCHW,65.25525665283203
2022-08-01,SCHW,67.05084228515625
2022-09-01,SCHW,68.13460540771484
2022-10-01,SCHW,75.52919006347656
2022-11-01,SCHW,78.25004577636719
2022-12-01,SCHW,79.15128326416016
2023-01-01,SCHW,73.59949493408203
2023-02-01,SCHW,74.0748062133789
2023-03-01,SCHW,49.9500617980957
2023-04-01,SCHW,49.816566467285156
2023-05-01,SCHW,50.24569320678711
2023-06-01,SCHW,54.336273193359375
2023-07-01,SCHW,63.36674499511719
2023-08-01,SCHW,56.70413589477539
2023-09-01,SCHW,52.832176208496094
2023-10-01,SCHW,50.079891204833984
2023-11-01,SCHW,59.010353088378906
2023-12-01,SCHW,66.51151275634766
2024-01-01,SCHW,60.827083587646484
2024-02-01,SCHW,64.55867767333984
2024-03-01,SCHW,70.21491241455078
2024-04-01,SCHW,71.77762603759766
2024-05-01,SCHW,71.12731170654297
2024-06-01,SCHW,71.76007843017578
2024-07-01,SCHW,63.48269271850586
2024-08-01,SCHW,63.3950309753418
2024-09-01,SCHW,63.36497116088867
2024-10-01,SCHW,69.2507553100586
2024-11-01,SCHW,80.91475677490234
2024-12-01,SCHW,72.6079330444336
2025-01-01,SCHW,81.1529312133789
2025-02-01,SCHW,78.02335357666016
2025-03-01,SCHW,77.05207824707031
2025-04-01,SCHW,80.1231460571289
2025-05-01,SCHW,86.95426940917969
2025-06-01,SCHW,90.09710693359375
2025-07-01,SCHW,96.50582122802734
2025-08-01,SCHW,94.63948059082031
2025-09-01,SCHW,94.54004669189453
2025-10-01,SCHW,93.59929656982422
2025-11-01,SCHW,91.82673645019531
2025-12-01,SCHW,99.21772766113281
2020-01-01,SO,54.9509391784668
2020-02-01,SO,47.11417770385742
2020-03-01,SO,42.63930892944336
2020-04-01,SO,44.67911911010742
2020-05-01,SO,44.94689178466797
2020-06-01,SO,41.31875228881836
2020-07-01,SO,43.5181770324707
2020-08-01,SO,41.581729888916016
2020-09-01,SO,43.71599578857422
2020-10-01,SO,46.32023239135742
2020-11-01,SO,48.25529098510742
2020-12-01,SO,50.03330993652344
2021-01-01,SO,47.98897171020508
2021-02-01,SO,46.1971321105957
2021-03-01,SO,51.16211700439453
2021-04-01,SO,54.46263885498047
2021-05-01,SO,52.61072540283203
2021-06-01,SO,50.309200286865234
2021-07-01,SO,53.102783203125
2021-08-01,SO,54.64922332763672
2021-09-01,SO,52.04575729370117
2021-10-01,SO,52.33970642089844
2021-11-01,SO,51.31509017944336
2021-12-01,SO,58.20650100708008
2022-01-01,SO,58.97885513305664
2022-02-01,SO,54.97279739379883
2022-03-01,SO,62.17540740966797
2022-04-01,SO,62.929962158203125
2022-05-01,SO,64.87644958496094
2022-06-01,SO,61.712913513183594
2022-07-01,SO,66.54193878173828
2022-08-01,SO,66.69772338867188
2022-09-01,SO,59.366607666015625
2022-10-01,SO,57.16654586791992
2022-11-01,SO,59.05231857299805
2022-12-01,SO,63.003578186035156
2023-01-01,SO,59.71268844604492
2023-02-01,SO,55.63655090332031
2023-03-01,SO,62.02947235107422
2023-04-01,SO,65.56867218017578
2023-05-01,SO,62.18102264404297
2023-06-01,SO,63.219581604003906
2023-07-01,SO,65.10041809082031
2023-08-01,SO,60.9517822265625
2023-09-01,SO,58.8465690612793
2023-10-01,SO,61.19242858886719
2023-11-01,SO,64.53845977783203
2023-12-01,SO,64.39801788330078
2024-01-01,SO,63.84696960449219
2024-02-01,SO,61.7622184753418
2024-03-01,SO,66.58322143554688
2024-04-01,SO,68.21671295166016
2024-05-01,SO,74.37942504882812
2024-06-01,SO,72.65314483642578
2024-07-01,SO,78.22599792480469
2024-08-01,SO,80.92344665527344
2024-09-01,SO,85.16576385498047
2024-10-01,SO,85.968505859375
2024-11-01,SO,84.17414855957031
2024-12-01,SO,78.38463592529297
2025-01-01,SO,79.93672180175781
2025-02-01,SO,85.49752807617188
2025-03-01,SO,88.297119140625
2025-04-01,SO,88.23951721191406
2025-05-01,SO,86.42459869384766
2025-06-01,SO,88.92369079589844
2025-07-01,SO,91.48982238769531
2025-08-01,SO,89.3788070678711
2025-09-01,SO,92.49827575683594
2025-10-01,SO,91.7857666015625
2025-11-01,SO,88.93576049804688
2025-12-01,SO,85.8099136352539
2020-01-01,SPG,94.14741516113281
2020-02-01,SPG,87.02717590332031
2020-03-01,SPG,39.38459396362305
2020-04-01,SPG,47.934913635253906
2020-05-01,SPG,41.423458099365234
2020-06-01,SPG,49.09074401855469
2020-07-01,SPG,44.76173782348633
2020-08-01,SPG,49.69338607788086
2020-09-01,SPG,47.371665954589844
2020-10-01,SPG,46.0020866394043
2020-11-01,SPG,61.601768493652344
2020-12-01,SPG,63.623573303222656
2021-01-01,SPG,70.4244384765625
2021-02-01,SPG,85.57332611083984
2021-03-01,SPG,86.21746826171875
2021-04-01,SPG,92.25731658935547
2021-05-01,SPG,98.46659851074219
2021-06-01,SPG,99.99161529541016
2021-07-01,SPG,96.9569091796875
2021-08-01,SPG,104.1514663696289
2021-09-01,SPG,100.68103790283203
2021-10-01,SPG,114.82779693603516
2021-11-01,SPG,119.73174285888672
2021-12-01,SPG,125.16055297851562
2022-01-01,SPG,116.53472137451172
2022-02-01,SPG,108.90293884277344
2022-03-01,SPG,104.15290832519531
2022-04-01,SPG,94.60585021972656
2022-05-01,SPG,91.91998291015625
2022-06-01,SPG,76.10157775878906
2022-07-01,SPG,88.4405746459961
2022-08-01,SPG,83.01886749267578
2022-09-01,SPG,73.06278991699219
2022-10-01,SPG,90.2437973022461
2022-11-01,SPG,98.90547943115234
2022-12-01,SPG,97.28246307373047
2023-01-01,SPG,108.00778198242188
2023-02-01,SPG,102.6519546508789
2023-03-01,SPG,94.1431655883789
2023-04-01,SPG,96.70289611816406
2023-05-01,SPG,89.73091888427734
2023-06-01,SPG,98.54615020751953
2023-07-01,SPG,108.10335540771484
2023-08-01,SPG,98.46427154541016
2023-09-01,SPG,93.7271499633789
2023-10-01,SPG,96.93201446533203
2023-11-01,SPG,110.16325378417969
2023-12-01,SPG,125.8201904296875
2024-01-01,SPG,124.0547103881836
2024-02-01,SPG,132.58395385742188
2024-03-01,SPG,140.05715942382812
2024-04-01,SPG,127.40412902832031
2024-05-01,SPG,137.17723083496094
2024-06-01,SPG,137.6214599609375
2024-07-01,SPG,140.94131469726562
2024-08-01,SPG,153.71827697753906
2024-09-01,SPG,155.2522430419922
2024-10-01,SPG,157.30441284179688
2024-11-01,SPG,170.77276611328125
2024-12-01,SPG,160.1785430908203
2025-01-01,SPG,163.58184814453125
2025-02-01,SPG,175.08883666992188
2025-03-01,SPG,156.26177978515625
2025-04-01,SPG,149.9160919189453
2025-05-01,SPG,155.3362579345703
2025-06-01,SPG,153.13580322265625
2025-07-01,SPG,158.06988525390625
2025-08-01,SPG,174.3507537841797
2025-09-01,SPG,181.1159210205078
2025-10-01,SPG,171.6433868408203
2025-11-01,SPG,181.95606994628906
2025-12-01,SPG,180.77439880371094
2020-01-01,SPY,294.01861572265625
2020-02-01,SPY,270.7424621582031
2020-03-01,SPY,235.5493927001953
2020-04-01,SPY,267.021240234375
2020-05-01,SPY,279.74359130859375
2020-06-01,SPY,283.457275390625
2020-07-01,SPY,301.4715270996094
2020-08-01,SPY,322.5132141113281
2020-09-01,SPY,309.19940185546875
2020-10-01,SPY,302.69683837890625
2020-11-01,SPY,335.6232604980469
2020-12-01,SPY,346.58026123046875
2021-01-01,SPY,344.5107727050781
2021-02-01,SPY,354.090087890625
2021-03-01,SPY,368.95697021484375
2021-04-01,SPY,389.7510681152344
2021-05-01,SPY,392.3102722167969
2021-06-01,SPY,399.8007507324219
2021-07-01,SPY,410.9007568359375
2021-08-01,SPY,423.12908935546875
2021-09-01,SPY,402.1207580566406
2021-10-01,SPY,431.7135925292969
2021-11-01,SPY,428.244873046875
2021-12-01,SPY,446.48162841796875
2022-01-01,SPY,424.41949462890625
2022-02-01,SPY,411.8919677734375
2022-03-01,SPY,426.051513671875
2022-04-01,SPY,389.8647766113281
2022-05-01,SPY,390.74481201171875
2022-06-01,SPY,356.98175048828125
2022-07-01,SPY,391.53936767578125
2022-08-01,SPY,375.56378173828125
2022-09-01,SPY,339.4500427246094
2022-10-01,SPY,368.5467224121094
2022-11-01,SPY,389.03485107421875
2022-12-01,SPY,364.9396667480469
2023-01-01,SPY,389.6709289550781
2023-02-01,SPY,379.8736267089844
2023-03-01,SPY,392.4606018066406
2023-04-01,SPY,400.2519226074219
2023-05-01,SPY,402.099609375
2023-06-01,SPY,426.57098388671875
2023-07-01,SPY,442.1704406738281
2023-08-01,SPY,434.9842834472656
2023-09-01,SPY,412.8946533203125
2023-10-01,SPY,405.3560791015625
2023-11-01,SPY,442.3828125
2023-12-01,SPY,460.7120361328125
2024-01-01,SPY,469.947265625
2024-02-01,SPY,494.4722595214844
2024-03-01,SPY,509.0608825683594
2024-04-01,SPY,490.0535888671875
2024-05-01,SPY,514.8403930664062
2024-06-01,SPY,531.2899780273438
2024-07-01,SPY,539.4581909179688
2024-08-01,SPY,552.0629272460938
2024-09-01,SPY,561.9351806640625
2024-10-01,SPY,558.6289672851562
2024-11-01,SPY,591.9420166015625
2024-12-01,SPY,575.761962890625
2025-01-01,SPY,593.2147216796875
2025-02-01,SPY,585.6838989257812
2025-03-01,SPY,551.391357421875
2025-04-01,SPY,548.2550048828125
2025-05-01,SPY,582.7101440429688
2025-06-01,SPY,610.8474731445312
2025-07-01,SPY,626.763671875
2025-08-01,SPY,639.6245727539062
2025-09-01,SPY,660.5768432617188
2025-10-01,SPY,678.1983642578125
2025-11-01,SPY,679.5208129882812
2025-12-01,SPY,678.05908203125
2020-01-01,T,18.187679290771484
2020-02-01,T,17.330440521240234
2020-03-01,T,14.34362506866455
2020-04-01,T,14.993146896362305
2020-05-01,T,15.540748596191406
2020-06-01,T,15.223491668701172
2020-07-01,T,14.896157264709473
2020-08-01,T,15.359147071838379
2020-09-01,T,14.689339637756348
2020-10-01,T,13.921638488769531
2020-11-01,T,15.17578125
2020-12-01,T,15.181053161621094
2021-01-01,T,15.11244010925293
2021-02-01,T,15.068685531616211
2021-03-01,T,16.35457420349121
2021-04-01,T,16.970502853393555
2021-05-01,T,16.262727737426758
2021-06-01,T,15.90354061126709
2021-07-01,T,15.50014877319336
2021-08-01,T,15.521398544311523
2021-09-01,T,15.289319038391113
2021-10-01,T,14.2987060546875
2021-11-01,T,13.257393836975098
2021-12-01,T,14.285231590270996
2022-01-01,T,14.80786418914795
2022-02-01,T,14.12936782836914
2022-03-01,T,14.093578338623047
2022-04-01,T,14.89317512512207
2022-05-01,T,17.054460525512695
2022-06-01,T,16.790111541748047
2022-07-01,T,15.043818473815918
2022-08-01,T,14.237648010253906
2022-09-01,T,12.451854705810547
2022-10-01,T,14.79773998260498
2022-11-01,T,15.928013801574707
2022-12-01,T,15.209271430969238
2023-01-01,T,16.828510284423828
2023-02-01,T,15.847930908203125
2023-03-01,T,16.132869720458984
2023-04-01,T,14.808722496032715
2023-05-01,T,13.369823455810547
2023-06-01,T,13.556816101074219
2023-07-01,T,12.341375350952148
2023-08-01,T,12.794999122619629
2023-09-01,T,12.993974685668945
2023-10-01,T,13.32271671295166
2023-11-01,T,14.608748435974121
2023-12-01,T,14.793893814086914
2024-01-01,T,15.596183776855469
2024-02-01,T,15.169625282287598
2024-03-01,T,15.769957542419434
2024-04-01,T,15.133783340454102
2024-05-01,T,16.592899322509766
2024-06-01,T,17.40342140197754
2024-07-01,T,17.53091812133789
2024-08-01,T,18.394882202148438
2024-09-01,T,20.336050033569336
2024-10-01,T,20.835208892822266
2024-11-01,T,21.68318748474121
2024-12-01,T,21.318056106567383
2025-01-01,T,22.216838836669922
2025-02-01,T,25.987911224365234
2025-03-01,T,26.812774658203125
2025-04-01,T,26.26286506652832
2025-05-01,T,26.637434005737305
2025-06-01,T,27.729761123657227
2025-07-01,T,26.263744354248047
2025-08-01,T,28.34555435180664
2025-09-01,T,27.329410552978516
2025-10-01,T,23.951942443847656
2025-11-01,T,25.45209312438965
2025-12-01,T,24.297847747802734
2020-01-01,TMO,308.05706787109375
2020-02-01,TMO,286.0339660644531
2020-03-01,TMO,278.9520568847656
2020-04-01,TMO,329.4498596191406
2020-05-01,TMO,343.7330627441406
2020-06-01,TMO,356.67755126953125
2020-07-01,TMO,407.74774169921875
2020-08-01,TMO,422.55255126953125
2020-09-01,TMO,434.9045104980469
2020-10-01,TMO,466.2690124511719
2020-11-01,TMO,458.2469482421875
2020-12-01,TMO,459.0353088378906
2021-01-01,TMO,502.5538330078125
2021-02-01,TMO,443.7697448730469
2021-03-01,TMO,449.9814758300781
2021-04-01,TMO,463.9049987792969
2021-05-01,TMO,463.1848449707031
2021-06-01,TMO,497.6844482421875
2021-07-01,TMO,533.0444946289062
2021-08-01,TMO,547.7916870117188
2021-09-01,TMO,563.96044921875
2021-10-01,TMO,625.1946411132812
2021-11-01,TMO,624.9577026367188
2021-12-01,TMO,658.939697265625
2022-01-01,TMO,574.2997436523438
2022-02-01,TMO,537.448974609375
2022-03-01,TMO,583.537353515625
2022-04-01,TMO,546.5675048828125
2022-05-01,TMO,561.0492553710938
2022-06-01,TMO,537.0382690429688
2022-07-01,TMO,591.8818359375
2022-08-01,TMO,539.3709106445312
2022-09-01,TMO,501.6569519042969
2022-10-01,TMO,508.6354675292969
2022-11-01,TMO,554.4055786132812
2022-12-01,TMO,544.9745483398438
2023-01-01,TMO,564.7072143554688
2023-02-01,TMO,536.4187622070312
2023-03-01,TMO,570.6876220703125
2023-04-01,TMO,549.7846069335938
2023-05-01,TMO,503.7726745605469
2023-06-01,TMO,516.9402465820312
2023-07-01,TMO,543.9639892578125
2023-08-01,TMO,552.3319091796875
2023-09-01,TMO,501.837646484375
2023-10-01,TMO,441.2654724121094
2023-11-01,TMO,491.8537292480469
2023-12-01,TMO,526.607666015625
2024-01-01,TMO,535.0942993164062
2024-02-01,TMO,566.0693969726562
2024-03-01,TMO,577.0198364257812
2024-04-01,TMO,564.9913330078125
2024-05-01,TMO,564.256103515625
2024-06-01,TMO,549.3743286132812
2024-07-01,TMO,609.7339477539062
2024-08-01,TMO,611.4537963867188
2024-09-01,TMO,614.9332885742188
2024-10-01,TMO,543.4531860351562
2024-11-01,TMO,526.8507690429688
2024-12-01,TMO,517.5000610351562
2025-01-01,TMO,595.0552368164062
2025-02-01,TMO,526.5753784179688
2025-03-01,TMO,495.3568420410156
2025-04-01,TMO,427.4272155761719
2025-05-01,TMO,401.3431701660156
2025-06-01,TMO,403.9734802246094
2025-07-01,TMO,466.44830322265625
2025-08-01,TMO,491.4223937988281
2025-09-01,TMO,483.7426452636719
2025-10-01,TMO,566.4037475585938
2025-11-01,TMO,589.802978515625
2025-12-01,TMO,578.4428100585938
2020-01-01,TMUS,76.13981628417969
2020-02-01,TMUS,86.6872787475586
2020-03-01,TMUS,80.66838836669922
2020-04-01,TMUS,84.4181900024414
2020-05-01,TMUS,96.18673706054688
2020-06-01,TMUS,100.13843536376953
2020-07-01,TMUS,103.24400329589844
2020-08-01,TMUS,112.1858139038086
2020-09-01,TMUS,109.95516204833984
2020-10-01,TMUS,105.34966278076172
2020-11-01,TMUS,127.81949615478516
2020-12-01,TMUS,129.65594482421875
2021-01-01,TMUS,121.22374725341797
2021-02-01,TMUS,115.34907531738281
2021-03-01,TMUS,120.46417236328125
2021-04-01,TMUS,127.04069519042969
2021-05-01,TMUS,136.00172424316406
2021-06-01,TMUS,139.2515411376953
2021-07-01,TMUS,138.47276306152344
2021-08-01,TMUS,131.74237060546875
2021-09-01,TMUS,122.83902740478516
2021-10-01,TMUS,110.59934997558594
2021-11-01,TMUS,104.61893463134766
2021-12-01,TMUS,111.51277923583984
2022-01-01,TMUS,104.00359344482422
2022-02-01,TMUS,118.46427917480469
2022-03-01,TMUS,123.40631103515625
2022-04-01,TMUS,118.39697265625
2022-05-01,TMUS,128.156005859375
2022-06-01,TMUS,129.35787963867188
2022-07-01,TMUS,137.54969787597656
2022-08-01,TMUS,138.4150390625
2022-09-01,TMUS,129.00213623046875
2022-10-01,TMUS,145.72230529785156
2022-11-01,TMUS,145.62615966796875
2022-12-01,TMUS,134.60760498046875
2023-01-01,TMUS,143.5590057373047
2023-02-01,TMUS,136.70361328125
2023-03-01,TMUS,139.2611541748047
2023-04-01,TMUS,138.3573455810547
2023-05-01,TMUS,131.96348571777344
2023-06-01,TMUS,133.54994201660156
2023-07-01,TMUS,132.46347045898438
2023-08-01,TMUS,131.00201416015625
2023-09-01,TMUS,134.6556396484375
2023-10-01,TMUS,138.3188934326172
2023-11-01,TMUS,144.6550750732422
2023-12-01,TMUS,154.8274688720703
2024-01-01,TMUS,155.69656372070312
2024-02-01,TMUS,157.6955108642578
2024-03-01,TMUS,158.24624633789062
2024-04-01,TMUS,159.1672821044922
2024-05-01,TMUS,169.6284942626953
2024-06-01,TMUS,171.46420288085938
2024-07-01,TMUS,177.4009246826172
2024-08-01,TMUS,193.40087890625
2024-09-01,TMUS,201.490966796875
2024-10-01,TMUS,217.89459228515625
2024-11-01,TMUS,241.1134796142578
2024-12-01,TMUS,216.299072265625
2025-01-01,TMUS,228.2933807373047
2025-02-01,TMUS,264.2762451171875
2025-03-01,TMUS,262.2296142578125
2025-04-01,TMUS,242.8015594482422
2025-05-01,TMUS,238.13134765625
2025-06-01,TMUS,235.12216186523438
2025-07-01,TMUS,235.27020263671875
2025-08-01,TMUS,248.67135620117188
2025-09-01,TMUS,237.0600128173828
2025-10-01,TMUS,208.0142822265625
2025-11-01,TMUS,206.98434448242188
2025-12-01,TMUS,202.06837463378906
2020-01-01,TSLA,43.371334075927734
2020-02-01,TSLA,44.53266525268555
2020-03-01,TSLA,34.93333435058594
2020-04-01,TSLA,52.12533187866211
2020-05-01,TSLA,55.66666793823242
2020-06-01,TSLA,71.98733520507812
2020-07-01,TSLA,95.38400268554688
2020-08-01,TSLA,166.10667419433594
2020-09-01,TSLA,143.00332641601562
2020-10-01,TSLA,129.34666442871094
2020-11-01,TSLA,189.1999969482422
2020-12-01,TSLA,235.22332763671875
2021-01-01,TSLA,264.510009765625
2021-02-01,TSLA,225.1666717529297
2021-03-01,TSLA,222.64332580566406
2021-04-01,TSLA,236.47999572753906
2021-05-01,TSLA,208.4066619873047
2021-06-01,TSLA,226.56666564941406
2021-07-01,TSLA,229.06666564941406
2021-08-01,TSLA,245.24000549316406
2021-09-01,TSLA,258.49334716796875
2021-10-01,TSLA,371.3333435058594
2021-11-01,TSLA,381.586669921875
2021-12-01,TSLA,352.260009765625
2022-01-01,TSLA,312.239990234375
2022-02-01,TSLA,290.1433410644531
2022-03-01,TSLA,359.20001220703125
2022-04-01,TSLA,290.2533264160156
2022-05-01,TSLA,252.75332641601562
2022-06-01,TSLA,224.47332763671875
2022-07-01,TSLA,297.1499938964844
2022-08-01,TSLA,275.6099853515625
2022-09-01,TSLA,265.25
2022-10-01,TSLA,227.5399932861328
2022-11-01,TSLA,194.6999969482422
2022-12-01,TSLA,123.18000030517578
2023-01-01,TSLA,173.22000122070312
2023-02-01,TSLA,205.7100067138672
2023-03-01,TSLA,207.4600067138672
2023-04-01,TSLA,164.30999755859375
2023-05-01,TSLA,203.92999267578125
2023-06-01,TSLA,261.7699890136719
2023-07-01,TSLA,267.42999267578125
2023-08-01,TSLA,258.0799865722656
2023-09-01,TSLA,250.22000122070312
2023-10-01,TSLA,200.83999633789062
2023-11-01,TSLA,240.0800018310547
2023-12-01,TSLA,248.47999572753906
2024-01-01,TSLA,187.2899932861328
2024-02-01,TSLA,201.8800048828125
2024-03-01,TSLA,175.7899932861328
2024-04-01,TSLA,183.27999877929688
2024-05-01,TSLA,178.0800018310547
2024-06-01,TSLA,197.8800048828125
2024-07-01,TSLA,232.07000732421875
2024-08-01,TSLA,214.11000061035156
2024-09-01,TSLA,261.6300048828125
2024-10-01,TSLA,249.85000610351562
2024-11-01,TSLA,345.1600036621094
2024-12-01,TSLA,403.8399963378906
2025-01-01,TSLA,404.6000061035156
2025-02-01,TSLA,292.9800109863281
2025-03-01,TSLA,259.1600036621094
2025-04-01,TSLA,282.1600036621094
2025-05-01,TSLA,346.4599914550781
2025-06-01,TSLA,317.6600036621094
2025-07-01,TSLA,308.2699890136719
2025-08-01,TSLA,333.8699951171875
2025-09-01,TSLA,444.7200012207031
2025-10-01,TSLA,456.55999755859375
2025-11-01,TSLA,430.1700134277344
2025-12-01,TSLA,449.7200012207031
2020-01-01,TXN,100.5085678100586
2020-02-01,TXN,95.772216796875
2020-03-01,TXN,83.84893035888672
2020-04-01,TXN,97.39160919189453
2020-05-01,TXN,99.63196563720703
2020-06-01,TXN,107.37010955810547
2020-07-01,TXN,107.8605728149414
2020-08-01,TXN,121.0343017578125
2020-09-01,TXN,121.5792236328125
2020-10-01,TXN,123.11186218261719
2020-11-01,TXN,138.28347778320312
2020-12-01,TXN,140.75328063964844
2021-01-01,TXN,142.09107971191406
2021-02-01,TXN,148.62974548339844
2021-03-01,TXN,163.05526733398438
2021-04-01,TXN,155.7389678955078
2021-05-01,TXN,164.67532348632812
2021-06-01,TXN,166.82681274414062
2021-07-01,TXN,165.3693389892578
2021-08-01,TXN,166.54461669921875
2021-09-01,TXN,167.6787109375
2021-10-01,TXN,163.55238342285156
2021-11-01,TXN,168.8518524169922
2021-12-01,TXN,165.42868041992188
2022-01-01,TXN,157.5465087890625
2022-02-01,TXN,150.19601440429688
2022-03-01,TXN,162.11517333984375
2022-04-01,TXN,150.42572021484375
2022-05-01,TXN,156.17770385742188
2022-06-01,TXN,136.68177795410156
2022-07-01,TXN,159.13438415527344
2022-08-01,TXN,147.93312072753906
2022-09-01,TXN,138.59385681152344
2022-10-01,TXN,143.8320770263672
2022-11-01,TXN,162.87673950195312
2022-12-01,TXN,149.1216583251953
2023-01-01,TXN,159.9434051513672
2023-02-01,TXN,155.847412109375
2023-03-01,TXN,169.0823974609375
2023-04-01,TXN,151.98416137695312
2023-05-01,TXN,158.0562744140625
2023-06-01,TXN,164.89736938476562
2023-07-01,TXN,164.8790283203125
2023-08-01,TXN,155.02369689941406
2023-09-01,TXN,146.6757049560547
2023-10-01,TXN,130.994384765625
2023-11-01,TXN,142.1556396484375
2023-12-01,TXN,158.67884826660156
2024-01-01,TXN,149.05349731445312
2024-02-01,TXN,156.994384765625
2024-03-01,TXN,163.44940185546875
2024-04-01,TXN,165.52291870117188
2024-05-01,TXN,182.9646453857422
2024-06-01,TXN,183.8297119140625
2024-07-01,TXN,192.5992889404297
2024-08-01,TXN,203.8686981201172
2024-09-01,TXN,196.47830200195312
2024-10-01,TXN,193.23489379882812
2024-11-01,TXN,192.46778869628906
2024-12-01,TXN,179.5236358642578
2025-01-01,TXN,176.74716186523438
2025-02-01,TXN,189.0300750732422
2025-03-01,TXN,173.31854248046875
2025-04-01,TXN,154.36634826660156
2025-05-01,TXN,177.86126708984375
2025-06-01,TXN,201.9554443359375
2025-07-01,TXN,176.12010192871094
2025-08-01,TXN,198.37925720214844
2025-09-01,TXN,180.0089874267578
2025-10-01,TXN,158.19003295898438
2025-11-01,TXN,166.33363342285156
2025-12-01,TXN,171.49356079101562
2020-01-01,UBER,36.290000915527344
2020-02-01,UBER,33.869998931884766
2020-03-01,UBER,27.920000076293945
2020-04-01,UBER,30.270000457763672
2020-05-01,UBER,36.31999969482422
2020-06-01,UBER,31.079999923706055
2020-07-01,UBER,30.260000228881836
2020-08-01,UBER,33.630001068115234
2020-09-01,UBER,36.47999954223633
2020-10-01,UBER,33.40999984741211
2020-11-01,UBER,49.65999984741211
2020-12-01,UBER,51.0
2021-01-01,UBER,50.93000030517578
2021-02-01,UBER,51.75
2021-03-01,UBER,54.5099983215332
2021-04-01,UBER,54.77000045776367
2021-05-01,UBER,50.83000183105469
2021-06-01,UBER,50.119998931884766
2021-07-01,UBER,43.459999084472656
2021-08-01,UBER,39.13999938964844
2021-09-01,UBER,44.79999923706055
2021-10-01,UBER,43.81999969482422
2021-11-01,UBER,38.0
2021-12-01,UBER,41.93000030517578
2022-01-01,UBER,37.400001525878906
2022-02-01,UBER,36.029998779296875
2022-03-01,UBER,35.68000030517578
2022-04-01,UBER,31.479999542236328
2022-05-01,UBER,23.200000762939453
2022-06-01,UBER,20.459999084472656
2022-07-01,UBER,23.450000762939453
2022-08-01,UBER,28.760000228881836
2022-09-01,UBER,26.5
2022-10-01,UBER,26.56999969482422
2022-11-01,UBER,29.139999389648438
2022-12-01,UBER,24.729999542236328
2023-01-01,UBER,30.93000030517578
2023-02-01,UBER,33.2599983215332
2023-03-01,UBER,31.700000762939453
2023-04-01,UBER,31.049999237060547
2023-05-01,UBER,37.93000030517578
2023-06-01,UBER,43.16999816894531
2023-07-01,UBER,49.459999084472656
2023-08-01,UBER,47.22999954223633
2023-09-01,UBER,45.9900016784668
2023-10-01,UBER,43.279998779296875
2023-11-01,UBER,56.380001068115234
2023-12-01,UBER,61.56999969482422
2024-01-01,UBER,65.2699966430664
2024-02-01,UBER,79.5
2024-03-01,UBER,76.98999786376953
2024-04-01,UBER,66.2699966430664
2024-05-01,UBER,64.55999755859375
2024-06-01,UBER,72.68000030517578
2024-07-01,UBER,64.47000122070312
2024-08-01,UBER,73.12999725341797
2024-09-01,UBER,75.16000366210938
2024-10-01,UBER,72.05000305175781
2024-11-01,UBER,71.95999908447266
2024-12-01,UBER,60.31999969482422
2025-01-01,UBER,66.8499984741211
2025-02-01,UBER,76.01000213623047
2025-03-01,UBER,72.86000061035156
2025-04-01,UBER,81.01000213623047
2025-05-01,UBER,84.16000366210938
2025-06-01,UBER,93.30000305175781
2025-07-01,UBER,87.75
2025-08-01,UBER,93.75
2025-09-01,UBER,97.97000122070312
2025-10-01,UBER,96.5
2025-11-01,UBER,87.54000091552734
2025-12-01,UBER,81.70999908447266
2020-01-01,UNH,245.15557861328125
2020-02-01,UNH,229.41775512695312
2020-03-01,UNH,224.396728515625
2020-04-01,UNH,264.309814453125
2020-05-01,UNH,275.4979248046875
2020-06-01,UNH,266.55108642578125
2020-07-01,UNH,274.8056640625
2020-08-01,UNH,283.6729431152344
2020-09-01,UNH,282.9651184082031
2020-10-01,UNH,278.08880615234375
2020-11-01,UNH,306.52288818359375
2020-12-01,UNH,319.59161376953125
2021-01-01,UNH,305.1012268066406
2021-02-01,UNH,303.8573303222656
2021-03-01,UNH,340.3052978515625
2021-04-01,UNH,366.049072265625
2021-05-01,UNH,378.0916442871094
2021-06-01,UNH,367.5544128417969
2021-07-01,UNH,379.7527770996094
2021-08-01,UNH,383.4837951660156
2021-09-01,UNH,359.9645690917969
2021-10-01,UNH,425.6914978027344
2021-11-01,UNH,410.6688537597656
2021-12-01,UNH,464.21429443359375
2022-01-01,UNH,438.3025207519531
2022-02-01,UNH,441.36322021484375
2022-03-01,UNH,472.99053955078125
2022-04-01,UNH,473.06927490234375
2022-05-01,UNH,462.1204528808594
2022-06-01,UNH,477.7948303222656
2022-07-01,UNH,506.3010559082031
2022-08-01,UNH,484.8200988769531
2022-09-01,UNH,471.4795227050781
2022-10-01,UNH,519.8859252929688
2022-11-01,UNH,512.96533203125
2022-12-01,UNH,496.50201416015625
2023-01-01,UNH,468.9216613769531
2023-02-01,UNH,447.0813903808594
2023-03-01,UNH,443.9344787597656
2023-04-01,UNH,463.8985595703125
2023-05-01,UNH,459.326416015625
2023-06-01,UNH,453.10455322265625
2023-07-01,UNH,479.32000732421875
2023-08-01,UNH,451.12139892578125
2023-09-01,UNH,477.2564697265625
2023-10-01,UNH,508.9242858886719
2023-11-01,UNH,525.4683837890625
2023-12-01,UNH,500.2862548828125
2024-01-01,UNH,487.9479064941406
2024-02-01,UNH,470.6512451171875
2024-03-01,UNH,471.70013427734375
2024-04-01,UNH,463.0296630859375
2024-05-01,UNH,474.20098876953125
2024-06-01,UNH,487.4974060058594
2024-07-01,UNH,553.8782348632812
2024-08-01,UNH,567.3753051757812
2024-09-01,UNH,562.06884765625
2024-10-01,UNH,544.5934448242188
2024-11-01,UNH,588.681884765625
2024-12-01,UNH,488.0213623046875
2025-01-01,UNH,525.3670654296875
2025-02-01,UNH,459.9684753417969
2025-03-01,UNH,507.21844482421875
2025-04-01,UNH,400.15631103515625
2025-05-01,UNH,293.630126953125
2025-06-01,UNH,303.41424560546875
2025-07-01,UNH,244.43882751464844
2025-08-01,UNH,303.5111999511719
2025-09-01,UNH,338.2141418457031
2025-10-01,UNH,336.6615295410156
2025-11-01,UNH,325.0406494140625
2025-12-01,UNH,325.3757629394531
2020-01-01,UNP,156.24801635742188
2020-02-01,UNP,139.17068481445312
2020-03-01,UNP,123.54780578613281
2020-04-01,UNP,139.97235107421875
2020-05-01,UNP,148.7935028076172
2020-06-01,UNP,148.93246459960938
2020-07-01,UNP,152.7026824951172
2020-08-01,UNP,169.51889038085938
2020-09-01,UNP,174.29074096679688
2020-10-01,UNP,156.86788940429688
2020-11-01,UNP,180.67379760742188
2020-12-01,UNP,185.2058868408203
2021-01-01,UNP,175.64404296875
2021-02-01,UNP,183.19569396972656
2021-03-01,UNP,196.95330810546875
2021-04-01,UNP,198.45449829101562
2021-05-01,UNP,200.81356811523438
2021-06-01,UNP,197.46829223632812
2021-07-01,UNP,196.4177703857422
2021-08-01,UNP,194.69386291503906
2021-09-01,UNP,176.8458251953125
2021-10-01,UNP,217.79798889160156
2021-11-01,UNP,212.60116577148438
2021-12-01,UNP,227.29843139648438
2022-01-01,UNP,221.693359375
2022-02-01,UNP,222.96246337890625
2022-03-01,UNP,248.88778686523438
2022-04-01,UNP,213.43260192871094
2022-05-01,UNP,200.21435546875
2022-06-01,UNP,195.44114685058594
2022-07-01,UNP,208.2884979248047
2022-08-01,UNP,205.73184204101562
2022-09-01,UNP,179.52935791015625
2022-10-01,UNP,181.66725158691406
2022-11-01,UNP,200.36477661132812
2022-12-01,UNP,190.81787109375
2023-01-01,UNP,189.3231964111328
2023-02-01,UNP,192.1881866455078
2023-03-01,UNP,187.8652801513672
2023-04-01,UNP,182.67532348632812
2023-05-01,UNP,179.70697021484375
2023-06-01,UNP,192.29627990722656
2023-07-01,UNP,218.04603576660156
2023-08-01,UNP,207.28564453125
2023-09-01,UNP,192.48577880859375
2023-10-01,UNP,196.24798583984375
2023-11-01,UNP,212.94146728515625
2023-12-01,UNP,232.17774963378906
2024-01-01,UNP,231.87416076660156
2024-02-01,UNP,241.15174865722656
2024-03-01,UNP,234.98129272460938
2024-04-01,UNP,226.6017608642578
2024-05-01,UNP,222.4550018310547
2024-06-01,UNP,217.41998291015625
2024-07-01,UNP,237.0902099609375
2024-08-01,UNP,246.08453369140625
2024-09-01,UNP,238.11013793945312
2024-10-01,UNP,224.18946838378906
2024-11-01,UNP,236.3519287109375
2024-12-01,UNP,220.2963104248047
2025-01-01,UNP,240.75686645507812
2025-02-01,UNP,239.6881103515625
2025-03-01,UNP,230.79666137695312
2025-04-01,UNP,210.69085693359375
2025-05-01,UNP,216.5526123046875
2025-06-01,UNP,226.14047241210938
2025-07-01,UNP,218.16932678222656
2025-08-01,UNP,219.741943359375
2025-09-01,UNP,233.77366638183594
2025-10-01,UNP,217.9494171142578
2025-11-01,UNP,229.28353881835938
2025-12-01,UNP,228.77914428710938
2020-01-01,UPS,79.0477523803711
2020-02-01,UPS,69.09803771972656
2020-03-01,UPS,72.04222106933594
2020-04-01,UPS,72.99848937988281
2020-05-01,UPS,76.8928451538086
2020-06-01,UPS,86.63735961914062
2020-07-01,UPS,111.24617004394531
2020-08-01,UPS,127.50139617919922
2020-09-01,UPS,130.67417907714844
2020-10-01,UPS,123.20838928222656
2020-11-01,UPS,134.1560821533203
2020-12-01,UPS,132.8675079345703
2021-01-01,UPS,122.2948989868164
2021-02-01,UPS,124.52779388427734
2021-03-01,UPS,134.97120666503906
2021-04-01,UPS,161.8638153076172
2021-05-01,UPS,170.3913116455078
2021-06-01,UPS,165.91819763183594
2021-07-01,UPS,152.66673278808594
2021-08-01,UPS,156.07333374023438
2021-09-01,UPS,146.04678344726562
2021-10-01,UPS,171.20596313476562
2021-11-01,UPS,159.0955352783203
2021-12-01,UPS,172.7530059814453
2022-01-01,UPS,162.97654724121094
2022-02-01,UPS,169.59361267089844
2022-03-01,UPS,174.10569763183594
2022-04-01,UPS,146.11370849609375
2022-05-01,UPS,147.95654296875
2022-06-01,UPS,149.46363830566406
2022-07-01,UPS,159.57583618164062
2022-08-01,UPS,159.26467895507812
2022-09-01,UPS,133.2596893310547
2022-10-01,UPS,138.39906311035156
2022-11-01,UPS,156.51455688476562
2022-12-01,UPS,144.74786376953125
2023-01-01,UPS,154.2317352294922
2023-02-01,UPS,151.95030212402344
2023-03-01,UPS,162.9484405517578
2023-04-01,UPS,151.03746032714844
2023-05-01,UPS,140.27725219726562
2023-06-01,UPS,152.01370239257812
2023-07-01,UPS,158.6964111328125
2023-08-01,UPS,143.66038513183594
2023-09-01,UPS,133.38414001464844
2023-10-01,UPS,120.87322998046875
2023-11-01,UPS,129.73867797851562
2023-12-01,UPS,136.1236572265625
2024-01-01,UPS,122.85152435302734
2024-02-01,UPS,128.3577880859375
2024-03-01,UPS,130.12115478515625
2024-04-01,UPS,129.11436462402344
2024-05-01,UPS,121.62908172607422
2024-06-01,UPS,121.14176940917969
2024-07-01,UPS,115.40556335449219
2024-08-01,UPS,113.79446411132812
2024-09-01,UPS,122.22696685791016
2024-10-01,UPS,120.18296813964844
2024-11-01,UPS,121.67115783691406
2024-12-01,UPS,114.43827056884766
2025-01-01,UPS,103.66602325439453
2025-02-01,UPS,108.02210235595703
2025-03-01,UPS,101.246826171875
2025-04-01,UPS,87.72454833984375
2025-05-01,UPS,89.78649139404297
2025-06-01,UPS,94.4449462890625
2025-07-01,UPS,80.615966796875
2025-08-01,UPS,81.81361389160156
2025-09-01,UPS,79.63118743896484
2025-10-01,UPS,91.91952514648438
2025-11-01,UPS,91.31893920898438
2025-12-01,UPS,96.20407104492188
2020-01-01,USB,40.67107009887695
2020-02-01,USB,35.489742279052734
2020-03-01,USB,26.326919555664062
2020-04-01,USB,28.224950790405273
2020-05-01,USB,27.498058319091797
2020-06-01,USB,28.472394943237305
2020-07-01,USB,28.823585510253906
2020-08-01,USB,28.479331970214844
2020-09-01,USB,28.049007415771484
2020-10-01,USB,30.833166122436523
2020-11-01,USB,34.205421447753906
2020-12-01,USB,36.88105392456055
2021-01-01,USB,34.232112884521484
2021-02-01,USB,39.94411849975586
2021-03-01,USB,44.186187744140625
2021-04-01,USB,47.77455139160156
2021-05-01,USB,48.9256591796875
2021-06-01,USB,45.85874557495117
2021-07-01,USB,45.03638458251953
2021-08-01,USB,46.53651809692383
2021-09-01,USB,48.198822021484375
2021-10-01,USB,49.328495025634766
2021-11-01,USB,45.21847152709961
2021-12-01,USB,45.896671295166016
2022-01-01,USB,47.93679428100586
2022-02-01,USB,46.577537536621094
2022-03-01,USB,43.78486251831055
2022-04-01,USB,40.32984924316406
2022-05-01,USB,44.07548141479492
2022-06-01,USB,38.22032928466797
2022-07-01,USB,39.58871841430664
2022-08-01,USB,38.2551155090332
2022-09-01,USB,33.81816101074219
2022-10-01,USB,36.022132873535156
2022-11-01,USB,38.516944885253906
2022-12-01,USB,37.00648498535156
2023-01-01,USB,42.732337951660156
2023-02-01,USB,40.956111907958984
2023-03-01,USB,30.933746337890625
2023-04-01,USB,29.809995651245117
2023-05-01,USB,26.00113868713379
2023-06-01,USB,28.7316951751709
2023-07-01,USB,35.02604675292969
2023-08-01,USB,32.24549865722656
2023-09-01,USB,29.1824893951416
2023-10-01,USB,28.562475204467773
2023-11-01,USB,34.15312194824219
2023-12-01,USB,38.77615737915039
2024-01-01,USB,37.636932373046875
2024-02-01,USB,38.01747512817383
2024-03-01,USB,40.50002670288086
2024-04-01,USB,37.23154067993164
2024-05-01,USB,37.15822982788086
2024-06-01,USB,36.37932586669922
2024-07-01,USB,41.640254974365234
2024-08-01,USB,43.820621490478516
2024-09-01,USB,42.428897857666016
2024-10-01,USB,45.32090759277344
2024-11-01,USB,49.99278259277344
2024-12-01,USB,44.870609283447266
2025-01-01,USB,45.29305648803711
2025-02-01,USB,44.458866119384766
2025-03-01,USB,40.0224609375
2025-04-01,USB,38.69816589355469
2025-05-01,USB,41.815895080566406
2025-06-01,USB,43.40833282470703
2025-07-01,USB,43.60660171508789
2025-08-01,USB,47.360111236572266
2025-09-01,USB,46.875160217285156
2025-10-01,USB,45.76054763793945
2025-11-01,USB,48.083866119384766
2025-12-01,USB,52.30897521972656
2020-01-01,V,189.92417907714844
2020-02-01,V,173.49656677246094
2020-03-01,V,154.01771545410156
2020-04-01,V,170.84185791015625
2020-05-01,V,186.6336669921875
2020-06-01,V,184.9640655517578
2020-07-01,V,182.31179809570312
2020-08-01,V,202.98464965820312
2020-09-01,V,191.76470947265625
2020-10-01,V,174.25396728515625
2020-11-01,V,201.7187957763672
2020-12-01,V,210.07098388671875
2021-01-01,V,185.5996856689453
2021-02-01,V,203.98193359375
2021-03-01,V,203.6637725830078
2021-04-01,V,224.66213989257812
2021-05-01,V,218.64060974121094
2021-06-01,V,225.23890686035156
2021-07-01,V,237.34759521484375
2021-08-01,V,220.692138671875
2021-09-01,V,214.86770629882812
2021-10-01,V,204.2761993408203
2021-11-01,V,186.91317749023438
2021-12-01,V,209.40943908691406
2022-01-01,V,218.55076599121094
2022-02-01,V,208.83929443359375
2022-03-01,V,214.64759826660156
2022-04-01,V,206.2850799560547
2022-05-01,V,205.35594177246094
2022-06-01,V,190.93063354492188
2022-07-01,V,205.68995666503906
2022-08-01,V,192.69557189941406
2022-09-01,V,172.578125
2022-10-01,V,201.24559020996094
2022-11-01,V,210.8046417236328
2022-12-01,V,202.2795867919922
2023-01-01,V,224.13739013671875
2023-02-01,V,214.13832092285156
2023-03-01,V,219.942626953125
2023-04-01,V,227.0347137451172
2023-05-01,V,215.6210174560547
2023-06-01,V,232.1201171875
2023-07-01,V,232.36448669433594
2023-08-01,V,240.1350555419922
2023-09-01,V,225.24148559570312
2023-10-01,V,230.2259521484375
2023-11-01,V,251.35858154296875
2023-12-01,V,255.49526977539062
2024-01-01,V,268.16455078125
2024-02-01,V,277.3696594238281
2024-03-01,V,274.3866882324219
2024-04-01,V,264.0927429199219
2024-05-01,V,267.8780822753906
2024-06-01,V,258.53363037109375
2024-07-01,V,261.6856384277344
2024-08-01,V,272.22509765625
2024-09-01,V,271.3695373535156
2024-10-01,V,286.07550048828125
2024-11-01,V,310.9769287109375
2024-12-01,V,312.5174560546875
2025-01-01,V,337.9903564453125
2025-02-01,V,358.6672668457031
2025-03-01,V,347.1369323730469
2025-04-01,V,342.2239990234375
2025-05-01,V,361.7272644042969
2025-06-01,V,352.26751708984375
2025-07-01,V,342.7625732421875
2025-08-01,V,349.02313232421875
2025-09-01,V,339.3006286621094
2025-10-01,V,338.6645202636719
2025-11-01,V,332.40289306640625
2025-12-01,V,349.26422119140625
2020-01-01,VZ,40.87174987792969
2020-02-01,VZ,37.62873077392578
2020-03-01,VZ,37.32997512817383
2020-04-01,VZ,39.91452407836914
2020-05-01,VZ,40.29462814331055
2020-06-01,VZ,38.71458053588867
2020-07-01,VZ,40.36486053466797
2020-08-01,VZ,42.089271545410156
2020-09-01,VZ,42.2454948425293
2020-10-01,VZ,40.470176696777344
2020-11-01,VZ,43.3555793762207
2020-12-01,VZ,42.16421127319336
2021-01-01,VZ,39.293453216552734
2021-02-01,VZ,40.11305618286133
2021-03-01,VZ,42.18037033081055
2021-04-01,VZ,41.91923141479492
2021-05-01,VZ,41.41709899902344
2021-06-01,VZ,41.07984161376953
2021-07-01,VZ,40.896541595458984
2021-08-01,VZ,40.77767562866211
2021-09-01,VZ,40.043670654296875
2021-10-01,VZ,39.287437438964844
2021-11-01,VZ,37.71342086791992
2021-12-01,VZ,38.98128890991211
2022-01-01,VZ,39.93406677246094
2022-02-01,VZ,40.74927520751953
2022-03-01,VZ,38.67649841308594
2022-04-01,VZ,35.1535530090332
2022-05-01,VZ,39.41642761230469
2022-06-01,VZ,39.001426696777344
2022-07-01,VZ,35.497066497802734
2022-08-01,VZ,32.5352783203125
2022-09-01,VZ,29.54710578918457
2022-10-01,VZ,29.080202102661133
2022-11-01,VZ,30.844257354736328
2022-12-01,VZ,31.17659568786621
2023-01-01,VZ,32.89369201660156
2023-02-01,VZ,31.192527770996094
2023-03-01,VZ,31.256820678710938
2023-04-01,VZ,31.208599090576172
2023-05-01,VZ,29.110612869262695
2023-06-01,VZ,30.38517189025879
2023-07-01,VZ,27.84422492980957
2023-08-01,VZ,29.091161727905273
2023-09-01,VZ,26.953819274902344
2023-10-01,VZ,29.215911865234375
2023-11-01,VZ,32.5576171875
2023-12-01,VZ,32.022491455078125
2024-01-01,VZ,35.97220993041992
2024-02-01,VZ,34.566341400146484
2024-03-01,VZ,36.24197006225586
2024-04-01,VZ,34.10856246948242
2024-05-01,VZ,36.11791229248047
2024-06-01,VZ,36.1969108581543
2024-07-01,VZ,35.5649528503418
2024-08-01,VZ,37.270999908447266
2024-09-01,VZ,40.063201904296875
2024-10-01,VZ,37.583229064941406
2024-11-01,VZ,40.17219543457031
2024-12-01,VZ,36.2310791015625
2025-01-01,VZ,35.68747329711914
2025-02-01,VZ,39.740692138671875
2025-03-01,VZ,41.82453918457031
2025-04-01,VZ,40.6258659362793
2025-05-01,VZ,41.18470001220703
2025-06-01,VZ,40.53826141357422
2025-07-01,VZ,40.06045913696289
2025-08-01,VZ,42.10765838623047
2025-09-01,VZ,41.841102600097656
2025-10-01,VZ,37.83311462402344
2025-11-01,VZ,39.81013870239258
2025-12-01,VZ,39.44215393066406
2020-01-01,WFC,39.79347229003906
2020-02-01,WFC,34.630653381347656
2020-03-01,WFC,24.59006690979004
2020-04-01,WFC,24.88994789123535
2020-05-01,WFC,22.67940902709961
2020-06-01,WFC,22.379669189453125
2020-07-01,WFC,21.208234786987305
2020-08-01,WFC,21.112071990966797
2020-09-01,WFC,20.63715362548828
2020-10-01,WFC,18.828882217407227
2020-11-01,WFC,24.007919311523438
2020-12-01,WFC,26.613739013671875
2021-01-01,WFC,26.349185943603516
2021-02-01,WFC,31.89592170715332
2021-03-01,WFC,34.56226348876953
2021-04-01,WFC,39.852325439453125
2021-05-01,WFC,41.329647064208984
2021-06-01,WFC,40.15203094482422
2021-07-01,WFC,40.72828674316406
2021-08-01,WFC,40.51552200317383
2021-09-01,WFC,41.324066162109375
2021-10-01,WFC,45.553524017333984
2021-11-01,WFC,42.54391860961914
2021-12-01,WFC,42.88697052001953
2022-01-01,WFC,48.08917236328125
2022-02-01,WFC,47.704811096191406
2022-03-01,WFC,43.510494232177734
2022-04-01,WFC,39.173805236816406
2022-05-01,WFC,41.095237731933594
2022-06-01,WFC,35.36159896850586
2022-07-01,WFC,39.60462951660156
2022-08-01,WFC,39.4601936340332
2022-09-01,WFC,36.559410095214844
2022-10-01,WFC,41.80426025390625
2022-11-01,WFC,43.585872650146484
2022-12-01,WFC,37.77375030517578
2023-01-01,WFC,42.87855529785156
2023-02-01,WFC,42.78707504272461
2023-03-01,WFC,34.41486358642578
2023-04-01,WFC,36.596858978271484
2023-05-01,WFC,36.652103424072266
2023-06-01,WFC,39.60182571411133
2023-07-01,WFC,42.83085250854492
2023-08-01,WFC,38.312076568603516
2023-09-01,WFC,38.20962142944336
2023-10-01,WFC,37.19032287597656
2023-11-01,WFC,41.69767379760742
2023-12-01,WFC,46.43768310546875
2024-01-01,WFC,47.34341812133789
2024-02-01,WFC,52.44759750366211
2024-03-01,WFC,55.067710876464844
2024-04-01,WFC,56.359840393066406
2024-05-01,WFC,56.92989730834961
2024-06-01,WFC,56.75074768066406
2024-07-01,WFC,56.70296859741211
2024-08-01,WFC,55.87163543701172
2024-09-01,WFC,54.391998291015625
2024-10-01,WFC,62.508907318115234
2024-11-01,WFC,73.34107971191406
2024-12-01,WFC,68.02102661132812
2025-01-01,WFC,76.31060028076172
2025-02-01,WFC,75.84576416015625
2025-03-01,WFC,69.86529541015625
2025-04-01,WFC,69.106201171875
2025-05-01,WFC,72.77513122558594
2025-06-01,WFC,78.39972686767578
2025-07-01,WFC,78.89877319335938
2025-08-01,WFC,80.41549682617188
2025-09-01,WFC,82.50212860107422
2025-10-01,WFC,85.60260009765625
2025-11-01,WFC,84.50021362304688
2025-12-01,WFC,92.21694946289062
2020-01-01,WMT,34.93221664428711
2020-02-01,WMT,32.854408264160156
2020-03-01,WMT,34.66676712036133
2020-04-01,WMT,37.250396728515625
2020-05-01,WMT,38.01961135864258
2020-06-01,WMT,36.86943054199219
2020-07-01,WMT,39.8305549621582
2020-08-01,WMT,42.739356994628906
2020-09-01,WMT,43.24268341064453
2020-10-01,WMT,42.88416290283203
2020-11-01,WMT,47.223567962646484
2020-12-01,WMT,44.553165435791016
2021-01-01,WMT,43.580665588378906
2021-02-01,WMT,40.30181121826172
2021-03-01,WMT,42.13512420654297
2021-04-01,WMT,43.58195877075195
2021-05-01,WMT,44.242340087890625
2021-06-01,WMT,44.10022735595703
2021-07-01,WMT,44.57870101928711
2021-08-01,WMT,46.3143196105957
2021-09-01,WMT,43.74776077270508
2021-10-01,WMT,46.8990592956543
2021-11-01,WMT,44.140106201171875
2021-12-01,WMT,45.4144287109375
2022-01-01,WMT,44.059410095214844
2022-02-01,WMT,42.59402084350586
2022-03-01,WMT,46.930328369140625
2022-04-01,WMT,48.399410247802734
2022-05-01,WMT,40.69295883178711
2022-06-01,WMT,38.602455139160156
2022-07-01,WMT,41.9267463684082
2022-08-01,WMT,42.085514068603516
2022-09-01,WMT,41.359962463378906
2022-10-01,WMT,45.387535095214844
2022-11-01,WMT,48.605133056640625
2022-12-01,WMT,45.215335845947266
2023-01-01,WMT,46.051578521728516
2023-02-01,WMT,45.49462127685547
2023-03-01,WMT,47.197505950927734
2023-04-01,WMT,48.52228546142578
2023-05-01,WMT,47.20454788208008
2023-06-01,WMT,50.710113525390625
2023-07-01,WMT,51.574737548828125
2023-08-01,WMT,52.46196746826172
2023-09-01,WMT,51.78075408935547
2023-10-01,WMT,52.9074821472168
2023-11-01,WMT,50.407958984375
2023-12-01,WMT,51.04256057739258
2024-01-01,WMT,53.70193099975586
2024-02-01,WMT,57.140159606933594
2024-03-01,WMT,58.66103744506836
2024-04-01,WMT,58.05866622924805
2024-05-01,WMT,64.3292007446289
2024-06-01,WMT,66.46602630615234
2024-07-01,WMT,67.37895202636719
2024-08-01,WMT,75.81114196777344
2024-09-01,WMT,79.49241638183594
2024-10-01,WMT,80.67372131347656
2024-11-01,WMT,91.05941009521484
2024-12-01,WMT,88.94290161132812
2025-01-01,WMT,96.84536743164062
2025-02-01,WMT,97.28934478759766
2025-03-01,WMT,86.61425018310547
2025-04-01,WMT,96.21102905273438
2025-05-01,WMT,97.66532897949219
2025-06-01,WMT,96.96925354003906
2025-07-01,WMT,97.16761016845703
2025-08-01,WMT,96.17588806152344
2025-09-01,WMT,102.4441909790039
2025-10-01,WMT,100.57542419433594
2025-11-01,WMT,109.84967803955078
2025-12-01,WMT,110.74430084228516
2020-01-01,XOM,46.390262603759766
2020-02-01,XOM,38.414608001708984
2020-03-01,XOM,28.762496948242188
2020-04-01,XOM,35.2012939453125
2020-05-01,XOM,34.443790435791016
2020-06-01,XOM,34.53248596191406
2020-07-01,XOM,32.493900299072266
2020-08-01,XOM,30.84139633178711
2020-09-01,XOM,27.03237533569336
2020-10-01,XOM,25.685874938964844
2020-11-01,XOM,30.024593353271484
2020-12-01,XOM,33.24083709716797
2021-01-01,XOM,36.16010284423828
2021-02-01,XOM,43.8453254699707
2021-03-01,XOM,45.78728485107422
2021-04-01,XOM,46.943668365478516
2021-05-01,XOM,47.870399475097656
2021-06-01,XOM,52.4868049621582
2021-07-01,XOM,47.9021110534668
2021-08-01,XOM,45.36431884765625
2021-09-01,XOM,49.6829719543457
2021-10-01,XOM,54.4553108215332
2021-11-01,XOM,50.54452896118164
2021-12-01,XOM,52.379432678222656
2022-01-01,XOM,65.02272033691406
2022-02-01,XOM,67.12853240966797
2022-03-01,XOM,71.48185729980469
2022-04-01,XOM,73.78410339355469
2022-05-01,XOM,83.0882568359375
2022-06-01,XOM,74.88088989257812
2022-07-01,XOM,84.75251007080078
2022-08-01,XOM,83.58085632324219
2022-09-01,XOM,77.08282470703125
2022-10-01,XOM,97.83011627197266
2022-11-01,XOM,98.29804229736328
2022-12-01,XOM,98.16381072998047
2023-01-01,XOM,103.24553680419922
2023-02-01,XOM,97.81673431396484
2023-03-01,XOM,98.34520721435547
2023-04-01,XOM,106.12960052490234
2023-05-01,XOM,91.6369857788086
2023-06-01,XOM,97.01850128173828
2023-07-01,XOM,97.00944519042969
2023-08-01,XOM,100.58261108398438
2023-09-01,XOM,107.23492431640625
2023-10-01,XOM,96.53697204589844
2023-11-01,XOM,93.70059967041016
2023-12-01,XOM,92.01725769042969
2024-01-01,XOM,94.62185668945312
2024-02-01,XOM,96.19566345214844
2024-03-01,XOM,107.97649383544922
2024-04-01,XOM,109.8621826171875
2024-05-01,XOM,108.92398071289062
2024-06-01,XOM,107.80469512939453
2024-07-01,XOM,111.05419158935547
2024-08-01,XOM,110.44551086425781
2024-09-01,XOM,110.65501403808594
2024-10-01,XOM,110.23963928222656
2024-11-01,XOM,111.35356140136719
2024-12-01,XOM,102.37986755371094
2025-01-01,XOM,101.67557525634766
2025-02-01,XOM,105.95845031738281
2025-03-01,XOM,114.2042236328125
2025-04-01,XOM,101.43272399902344
2025-05-01,XOM,98.23503875732422
2025-06-01,XOM,104.46990203857422
2025-07-01,XOM,108.19126892089844
2025-08-01,XOM,110.75940704345703
2025-09-01,XOM,110.28375244140625
2025-10-01,XOM,111.85853576660156
2025-11-01,XOM,113.38441467285156
2025-12-01,XOM,118.73727416992188
