ticker_id,date_id,close_price,volume,monthly_turn,rolling_12m_return,volatility_12m,drawdown
21,5,40.1323,,0.139061,,,0.000000
45,5,22.6794,,-0.088811,,,-0.345106
1,2,6.7214,,0.142299,,,0.000000
1,3,6.5643,,-0.023373,,,-0.023373
1,4,7.2785,,0.108801,,,0.000000
1,5,8.8408,,0.214646,,,0.000000
1,6,9.4607,,0.070118,,,0.000000
1,7,10.5781,,0.118110,,,0.000000
1,8,13.3283,,0.259990,,,0.000000
1,9,13.4838,,0.011667,,,0.000000
1,10,12.4945,,-0.073370,,,-0.073370
1,11,13.3592,,0.069206,,,-0.009242
1,12,13.0138,,-0.025855,,,-0.034858
1,13,12.9526,,-0.004703,1.201288,0.351798,-0.039397
1,14,13.6753,,0.055796,1.034590,0.343558,0.000000
1,15,13.3101,,-0.026705,1.027649,0.344509,-0.026705
1,16,14.9718,,0.124845,1.056988,0.347108,0.000000
1,17,16.2037,,0.082281,0.832830,0.308412,0.000000
1,18,19.9522,,0.231336,1.108954,0.355509,0.000000
1,19,19.4544,,-0.024950,0.839117,0.362468,-0.024950
1,20,22.3338,,0.148008,0.675665,0.306981,0.000000
1,21,20.6723,,-0.074394,0.533119,0.329141,-0.074394
1,22,25.5131,,0.234168,1.041944,0.356033,0.000000
1,23,32.6071,,0.278053,1.440794,0.414669,0.000000
1,24,29.3490,,-0.099920,1.255219,0.441646,-0.099920
1,25,24.4373,,-0.167355,0.886670,0.500496,-0.250553
1,26,24.3365,,-0.004125,0.779593,0.505059,-0.253644
1,27,27.2318,,0.118969,1.045947,0.499244,-0.164851
1,28,18.5133,,-0.320159,0.236542,0.628158,-0.432232
1,29,18.6381,,0.006741,0.150235,0.626297,-0.428404
1,30,15.1315,,-0.188141,-0.241613,0.617557,-0.535945
1,31,18.1338,,0.198414,-0.067882,0.650300,-0.443870
1,32,15.0698,,-0.168966,-0.325247,0.654607,-0.537837
1,33,12.1195,,-0.195776,-0.413733,0.677367,-0.628317
1,34,13.4793,,0.112199,-0.471672,0.636046,-0.586615
1,35,16.9008,,0.253834,-0.481684,0.623341,-0.481684
1,36,14.5986,,-0.136218,-0.502586,0.628321,-0.552288
1,37,19.5164,,0.336868,-0.201368,0.714067,-0.401468
1,38,23.1915,,0.188308,-0.047049,0.738047,-0.288759
1,39,27.7477,,0.196460,0.018945,0.753611,-0.149029
1,40,27.7245,,-0.000836,0.497546,0.656031,-0.149741
1,41,37.8005,,0.363433,1.028132,0.723708,0.000000
1,42,42.2646,,0.118096,1.793153,0.662116,0.000000
1,43,46.6925,,0.104766,1.574887,0.654355,0.000000
1,1,5.8841,,,,,
2,1,74.5399,,,,,
3,1,161.2622,,,,,
2,4,70.9243,,0.155373,,,0.000000
2,5,76.7519,,0.082166,,,0.000000
4,1,100.4360,,,,,
5,1,71.0518,,,,,
3,55,412.7691,,-0.063989,0.255130,0.213263,-0.063989
4,4,123.7000,,0.268900,,,0.000000
6,1,26.1983,,,,,
7,1,71.1275,,,,,
8,1,200.3379,,,,,
9,1,43.3713,,,,,
10,1,224.4300,,,,,
11,1,51.7780,,,,,
12,1,111.1024,,,,,
13,1,129.4710,,,,,
14,1,47.0000,,,,,
15,1,46.3903,,,,,
16,1,34.9322,,,,,
17,1,125.0747,,,,,
18,1,56.3921,,,,,
19,1,189.9242,,,,,
20,1,278.5394,,,,,
21,1,37.9385,,,,,
22,1,115.4540,,,,,
23,1,304.4913,,,,,
24,1,27.7455,,,,,
25,1,62.1527,,,,,
26,1,34.5090,,,,,
27,1,245.1556,,,,,
26,26,39.4520,,-0.076368,-0.267849,0.378949,-0.428488
28,1,80.4521,,,,,
29,1,54.7264,,,,,
32,1,28.1759,,,,,
28,4,69.8908,,0.269666,,,-0.002836
30,1,47.7830,,,,,
31,1,105.7623,,,,,
33,1,48.2501,,,,,
34,1,60.2646,,,,,
35,9,9.5000,,,,,
36,1,195.9791,,,,,
37,1,60.3865,,,,,
38,51,136.2441,,,,,
39,1,205.0776,,,,,
37,2,59.7805,,-0.010035,,,0.000000
40,1,66.9237,,,,,
41,1,100.5086,,,,,
42,1,185.7782,,,,,
43,1,81.6634,,,,,
44,1,42.7847,,,,,
45,1,39.7935,,,,,
46,1,59.2371,,,,,
47,1,74.2108,,,,,
48,1,104.7781,,,,,
47,70,178.8322,,0.093589,0.136400,0.257364,-0.085078
49,1,117.2302,,,,,
48,2,94.8784,,-0.094483,,,0.000000
49,50,152.6893,,-0.018928,-0.019844,0.129318,-0.114962
50,1,57.4187,,,,,
51,1,40.8717,,,,,
50,2,54.1132,,-0.057568,,,0.000000
52,1,185.2019,,,,,
53,1,135.1278,,,,,
54,1,177.0405,,,,,
55,1,316.3876,,,,,
56,1,18.1877,,,,,
57,1,308.0571,,,,,
58,1,119.3055,,,,,
59,1,49.8419,,,,,
60,1,156.2480,,,,,
61,1,453.5593,,,,,
62,1,179.6721,,,,,
63,1,36.2900,,,,,
64,1,186.5933,,,,,
65,1,41.6140,,,,,
66,1,77.4977,,,,,
67,1,25.7353,,,,,
68,1,47.0039,,,,,
69,1,145.6256,,,,,
70,1,142.5756,,,,,
68,55,104.3754,,-0.027803,-0.028728,0.175128,-0.120778
69,12,250.6008,,0.028400,,,0.000000
71,1,103.2142,,,,,
72,1,71.8792,,,,,
73,1,54.9621,,,,,
72,17,92.7297,,-0.042387,0.440477,0.411002,-0.042387
73,2,48.2838,,-0.121507,,,0.000000
74,1,28.9691,,,,,
75,1,73.3589,,,,,
73,66,66.5461,,0.077139,0.221960,0.454054,-0.271275
76,1,89.2987,,,,,
77,1,49.1722,,,,,
79,1,268.3460,,,,,
80,1,138.6464,,,,,
81,1,54.9509,,,,,
79,37,412.3417,,0.085941,-0.234106,0.343598,-0.348081
78,1,361.9132,,,,,
82,1,186.4088,,,,,
77,63,57.4646,,0.022979,0.180856,0.292635,-0.164300
77,64,47.2983,,-0.176914,0.199560,0.282842,-0.312147
77,65,45.9824,,-0.027821,0.232733,0.276675,-0.331284
77,66,44.0871,,-0.041218,0.169401,0.283497,-0.358847
77,67,41.2489,,-0.064377,-0.044602,0.255657,-0.400123
77,68,45.5273,,0.103722,-0.010997,0.268848,-0.337902
77,69,43.5202,,-0.044086,-0.087307,0.269745,-0.367092
77,70,44.4562,,0.021507,-0.135047,0.256483,-0.353480
77,71,48.1291,,0.082618,-0.127903,0.259752,-0.300065
77,72,52.7659,,0.096341,0.001082,0.276125,-0.232633
78,2,312.6713,,-0.136060,,,0.000000
78,3,288.3321,,-0.077843,,,-0.077843
78,4,330.9589,,0.147839,,,0.000000
78,5,330.4314,,-0.001594,,,-0.001594
78,6,312.3050,,-0.054857,,,-0.056364
78,7,324.3293,,0.038502,,,-0.020032
78,8,333.9914,,0.029791,,,0.000000
78,9,330.0201,,-0.011890,,,-0.011890
78,10,301.4765,,-0.086490,,,-0.097352
78,11,314.2802,,0.042470,,,-0.059016
78,12,307.7903,,-0.020650,,,-0.078447
78,13,279.0385,,-0.093414,-0.228991,0.268733,-0.164533
78,14,286.3478,,0.026195,-0.084189,0.238729,-0.142648
78,15,322.8365,,0.127428,0.119670,0.258024,-0.033398
83,1,96.3151,,,,,
82,13,223.2832,,-0.073848,0.197815,0.318443,-0.073848
82,14,232.3627,,0.040664,0.411008,0.282172,-0.036187
82,15,255.8398,,0.101036,0.718482,0.251768,0.000000
82,16,268.5461,,0.049665,0.590222,0.233889,0.000000
82,17,262.1219,,-0.023922,0.419290,0.234823,-0.023922
82,18,273.8549,,0.044762,0.392353,0.232554,0.000000
82,19,295.1193,,0.077648,0.433313,0.236988,0.000000
82,20,313.5411,,0.062422,0.421423,0.235565,0.000000
82,21,298.0392,,-0.049441,0.434490,0.232093,-0.049441
82,22,334.2507,,0.121499,0.676124,0.233152,0.000000
82,23,333.9443,,-0.000917,0.452559,0.205320,-0.000917
82,24,387.3436,,0.159905,0.606656,0.241428,0.000000
82,25,330.3750,,-0.147075,0.479624,0.286760,-0.147075
82,26,296.0454,,-0.103911,0.274066,0.319020,-0.235703
82,27,315.9149,,0.067116,0.234816,0.311842,-0.184407
82,28,281.3754,,-0.109332,0.047773,0.335780,-0.273577
82,29,280.4279,,-0.003367,0.069838,0.334258,-0.276023
82,30,260.8753,,-0.069724,-0.047396,0.340791,-0.326502
82,31,287.7567,,0.103043,-0.024947,0.347941,-0.257102
82,32,271.9962,,-0.054770,-0.132502,0.345659,-0.297791
82,33,242.6147,,-0.108022,-0.185964,0.358196,-0.373645
90,1,151.0870,,,,,
84,1,351.1400,,,,,
85,1,75.5916,,,,,
86,1,67.6460,,,,,
87,1,37.2177,,,,,
88,1,33.6408,,,,,
89,1,76.1398,,,,,
91,1,40.6711,,,,,
92,1,128.9206,,,,,
91,13,34.2321,,-0.071825,-0.158319,0.365903,-0.071825
91,14,39.9441,,0.166861,0.125513,0.379761,0.000000
91,15,44.1862,,0.106201,0.678368,0.243096,0.000000
91,16,47.7746,,0.081211,0.692636,0.244320,0.000000
91,17,48.9257,,0.024094,0.779241,0.232942,0.000000
91,18,45.8587,,-0.062687,0.610637,0.259345,-0.062687
91,19,45.0364,,-0.017931,0.562484,0.264954,-0.079494
91,20,46.5365,,0.033309,0.634047,0.258984,-0.048833
91,21,48.1988,,0.035720,0.718378,0.251145,-0.014857
91,22,49.3285,,0.023438,0.599849,0.245810,0.000000
91,23,45.2185,,-0.083319,0.321969,0.263245,-0.083319
91,24,45.8967,,0.014998,0.244450,0.257112,-0.069571
91,25,47.9368,,0.044450,0.400346,0.236893,-0.028213
91,26,46.5775,,-0.028356,0.166067,0.190158,-0.055769
91,27,43.7849,,-0.059956,-0.009083,0.174464,-0.112381
91,28,40.3298,,-0.078911,-0.155833,0.166883,-0.182424
91,29,44.0755,,0.092877,-0.099134,0.195287,-0.106490
91,30,38.2203,,-0.132845,-0.166564,0.227053,-0.225189
91,31,39.5887,,0.035803,-0.120963,0.232094,-0.197448
91,32,38.2551,,-0.033686,-0.177955,0.228550,-0.224483
91,33,33.8182,,-0.115982,-0.298360,0.242369,-0.314429
91,34,36.0221,,0.065169,-0.269751,0.255063,-0.269751
92,37,181.0134,,0.126822,-0.195067,0.453122,-0.366088
92,38,189.7531,,0.048282,-0.066649,0.445940,-0.335481
92,39,213.3486,,0.124348,0.008050,0.461273,-0.252850
92,40,213.8690,,0.002439,0.172533,0.432659,-0.251027
92,41,204.6675,,-0.043024,-0.007020,0.419658,-0.283251
92,42,232.7603,,0.137261,0.118666,0.439488,-0.184869
92,43,254.8910,,0.095079,0.185491,0.446187,-0.107368
92,44,246.4591,,-0.033080,0.267423,0.432267,-0.136896
92,45,250.1415,,0.014941,0.826480,0.252962,-0.124000
92,46,227.8268,,-0.089208,0.532562,0.287128,-0.202146
92,47,245.5993,,0.078009,0.453195,0.270868,-0.139907
92,48,240.0389,,-0.022640,0.494260,0.263014,-0.159379
92,49,230.0389,,-0.041660,0.270839,0.253768,-0.194399
92,50,237.3608,,0.031829,0.250893,0.252479,-0.168758
92,51,276.2298,,0.163755,0.294735,0.272338,-0.032638
92,52,250.8365,,-0.091928,0.172852,0.295990,-0.121566
92,53,243.3435,,-0.029872,0.188971,0.293380,-0.147806
92,54,287.3055,,0.180658,0.234341,0.315079,0.000000
92,55,291.1989,,0.013551,0.142445,0.304634,0.000000
92,56,287.8462,,-0.011513,0.167927,0.301707,-0.011513
92,57,263.6736,,-0.083977,0.054099,0.317979,-0.094523
92,58,265.1300,,0.005523,0.163735,0.299960,-0.089522
92,59,293.0323,,0.105240,0.193132,0.307251,0.000000
92,60,272.3718,,-0.070506,0.134699,0.317749,-0.070506
92,61,257.7030,,-0.053856,0.120258,0.320314,-0.120565
92,62,255.7863,,-0.007438,0.077626,0.320235,-0.127106
93,1,194.4410,,,,,
94,1,49.0405,,,,,
95,1,62.1570,,,,,
96,1,105.8997,,,,,
97,1,79.0478,,,,,
98,1,63.2793,,,,,
99,1,31.7523,,,,,
100,1,94.1474,,,,,
101,1,88.2452,,,,,
102,1,294.0186,,,,,
101,41,99.4440,,-0.169349,-0.104322,0.449606,-0.368436
101,42,104.2716,,0.048546,0.092165,0.424893,-0.337776
101,43,104.6338,,0.003474,-0.027757,0.406734,-0.335475
101,44,96.4064,,-0.078630,-0.032928,0.407792,-0.387727
101,45,90.6340,,-0.059876,0.164352,0.337867,-0.424387
101,46,97.7378,,0.078379,0.122870,0.327042,-0.379272
101,47,104.8706,,0.072979,0.017981,0.279719,-0.333971
101,48,103.2539,,-0.015416,-0.060414,0.271766,-0.344239
101,49,96.8837,,-0.061695,-0.192316,0.256879,-0.384696
101,50,99.1738,,0.023638,-0.113785,0.252805,-0.370151
101,51,89.6792,,-0.095737,-0.223786,0.263038,-0.430451
101,52,88.3524,,-0.014795,-0.261996,0.256406,-0.438878
101,53,91.0243,,0.030241,-0.084668,0.203904,-0.421909
101,54,72.1778,,-0.207049,-0.307790,0.276824,-0.541602
101,55,71.9695,,-0.002886,-0.312177,0.276132,-0.542925
101,56,80.1029,,0.113012,-0.169113,0.302698,-0.491270
1,44,49.3165,,0.056197,2.272535,0.589817,0.000000
1,45,43.4650,,-0.118652,2.586367,0.548904,-0.118652
1,46,40.7515,,-0.062430,2.023263,0.579531,-0.173675
1,47,46.7373,,0.146885,1.765386,0.559768,-0.052300
1,48,49.4874,,0.058842,2.389868,0.501109,0.000000
1,49,61.4894,,0.242526,2.150647,0.463117,0.000000
1,50,79.0637,,0.285810,2.409161,0.491031,0.000000
1,51,90.3008,,0.142127,2.254346,0.484269,0.000000
1,52,86.3533,,-0.043715,2.114686,0.496845,-0.043715
1,53,109.5712,,0.268871,1.898665,0.450622,0.000000
1,54,123.4703,,0.126850,1.921359,0.451091,0.000000
1,55,116.9636,,-0.052699,1.504971,0.476311,-0.052699
1,56,119.3125,,0.020082,1.419317,0.480258,-0.033675
1,57,121.3815,,0.017341,1.792621,0.434570,-0.016918
1,58,132.7074,,0.093308,2.256498,0.399143,0.000000
1,59,138.1952,,0.041353,1.956847,0.402113,0.000000
1,60,134.2368,,-0.028644,1.712540,0.420971,-0.028644
1,61,120.0307,,-0.105829,0.952051,0.429818,-0.131442
1,62,124.8791,,0.040393,0.579472,0.355055,-0.096358
1,63,108.3445,,-0.132405,0.199816,0.377132,-0.216005
1,64,108.8943,,0.005075,0.261031,0.371191,-0.212026
1,65,135.0982,,0.240636,0.232970,0.351460,-0.022411
1,66,157.9528,,0.169170,0.279276,0.367403,0.000000
1,67,177.8404,,0.125908,0.520474,0.369262,0.000000
1,68,174.1510,,-0.020746,0.459618,0.373956,-0.020746
1,69,186.5490,,0.071191,0.536879,0.374724,0.000000
1,70,202.4678,,0.085333,0.525668,0.373607,0.000000
1,71,176.9806,,-0.125883,0.280654,0.409150,-0.125883
1,72,186.4795,,0.053672,0.389181,0.405196,-0.078967
2,2,65.8338,,-0.116798,,,0.000000
2,3,61.3865,,-0.067553,,,-0.067553
2,6,88.3024,,0.150491,,,0.000000
2,7,102.8839,,0.165131,,,0.000000
2,8,124.9401,,0.214380,,,0.000000
2,9,112.3326,,-0.100908,,,-0.100908
2,10,105.5913,,-0.060012,,,-0.154864
2,11,115.4754,,0.093607,,,-0.075754
2,12,128.9279,,0.116497,,,0.000000
2,13,128.2186,,-0.005502,0.720133,0.402319,-0.005502
2,14,117.8219,,-0.081086,0.789686,0.387253,-0.086142
2,15,118.8641,,0.008846,0.936322,0.367883,-0.078058
2,16,127.9236,,0.076217,0.803662,0.354126,-0.007790
2,17,121.2579,,-0.052107,0.579868,0.368065,-0.059491
2,18,133.5020,,0.100976,0.511873,0.355524,0.000000
2,19,142.1773,,0.064983,0.381921,0.330171,0.000000
2,20,147.9966,,0.040930,0.184541,0.264240,0.000000
2,21,138.1340,,-0.066641,0.229687,0.249382,-0.066641
2,22,146.2366,,0.058658,0.384931,0.235857,-0.011892
2,23,161.3679,,0.103471,0.397423,0.238963,0.000000
2,24,173.5990,,0.075796,0.346481,0.226092,0.000000
2,25,170.8714,,-0.015712,0.332657,0.227918,-0.015712
2,26,161.4274,,-0.055270,0.370097,0.215802,-0.070114
2,27,170.9227,,0.058821,0.437967,0.216661,-0.015417
2,28,154.3208,,-0.097131,0.206351,0.245888,-0.111050
2,29,145.6969,,-0.055883,0.201546,0.247090,-0.160727
2,30,134.0295,,-0.080080,0.003951,0.246896,-0.227936
2,31,159.3120,,0.188634,0.120516,0.305058,-0.082299
2,32,154.1261,,-0.032552,0.041416,0.306556,-0.112172
2,33,135.6685,,-0.119756,-0.017849,0.324521,-0.218495
2,34,150.5312,,0.109552,0.029367,0.337860,-0.132879
2,35,145.3185,,-0.034629,-0.099458,0.322568,-0.162907
2,36,127.7616,,-0.120817,-0.264042,0.328803,-0.264042
2,37,141.8819,,0.110521,-0.169657,0.354355,-0.182703
2,38,144.9499,,0.021624,-0.102073,0.352144,-0.165030
2,39,162.3956,,0.120357,-0.049888,0.369144,-0.064535
2,40,167.1030,,0.028987,0.082830,0.353865,-0.037419
2,41,174.5580,,0.044613,0.198091,0.347250,0.000000
2,42,191.2883,,0.095844,0.427212,0.336498,0.000000
2,43,193.7340,,0.012785,0.216067,0.291488,0.000000
2,44,185.2726,,-0.043675,0.202086,0.293866,-0.043675
2,45,169.0710,,-0.087447,0.246208,0.278631,-0.127303
2,46,168.6365,,-0.002570,0.120276,0.262032,-0.129546
2,47,187.5768,,0.112314,0.290798,0.274337,-0.031781
2,48,190.3751,,0.014918,0.490081,0.225135,-0.017337
2,49,182.3361,,-0.042227,0.285126,0.221537,-0.058832
2,50,178.7269,,-0.019794,0.233026,0.225643,-0.077462
2,51,169.7770,,-0.050076,0.045453,0.206061,-0.123659
2,52,168.6385,,-0.006706,0.009189,0.204673,-0.129536
2,53,190.3408,,0.128691,0.090416,0.238152,-0.017515
2,54,208.8112,,0.097039,0.091605,0.238628,0.000000
2,55,220.1728,,0.054411,0.136470,0.242858,0.000000
2,56,227.0333,,0.031160,0.225402,0.235249,0.000000
2,57,231.2664,,0.018645,0.367865,0.204756,0.000000
2,58,224.2291,,-0.030429,0.329660,0.211088,-0.030429
2,59,235.5641,,0.050551,0.255828,0.191562,0.000000
2,60,248.8302,,0.056316,0.307053,0.194690,0.000000
2,61,234.5018,,-0.057583,0.286097,0.200892,-0.057583
2,62,240.3047,,0.024746,0.344537,0.195483,-0.034262
2,63,220.9625,,-0.080490,0.301488,0.210269,-0.111994
2,64,211.3831,,-0.043353,0.253470,0.219089,-0.150492
2,65,199.7943,,-0.054824,0.049667,0.196169,-0.197065
2,66,204.3593,,0.022848,-0.021320,0.170797,-0.178720
2,67,206.7498,,0.011698,-0.060965,0.160820,-0.169113
2,68,231.2227,,0.118370,0.018453,0.200504,-0.070760
2,69,253.9117,,0.098126,0.097919,0.221867,0.000000
2,70,269.6072,,0.061815,0.202374,0.222856,0.000000
2,71,278.0633,,0.031365,0.180416,0.220552,0.000000
2,72,271.3558,,-0.024122,0.090528,0.219077,-0.024122
3,2,153.4751,,-0.048288,,,0.000000
3,3,149.8098,,-0.023882,,,-0.023882
3,4,170.2328,,0.136326,,,0.000000
3,5,174.0704,,0.022543,,,0.000000
3,6,193.8539,,0.113652,,,0.000000
3,7,195.2827,,0.007370,,,0.000000
3,8,214.8291,,0.100093,,,0.000000
3,9,200.8346,,-0.065142,,,-0.065142
3,10,193.3295,,-0.037370,,,-0.100078
3,11,204.4058,,0.057292,,,-0.048519
3,12,212.9348,,0.041726,,,-0.008818
3,13,222.0680,,0.042892,0.377061,0.227496,0.000000
3,14,222.4701,,0.001811,0.449551,0.214064,0.000000
3,15,226.2354,,0.016925,0.510150,0.205948,0.000000
3,16,241.9818,,0.069602,0.421475,0.179820,0.000000
3,17,239.5829,,-0.009914,0.376355,0.184348,-0.009914
3,18,260.5450,,0.087494,0.344027,0.172609,0.000000
3,19,274.0194,,0.051716,0.403193,0.173066,0.000000
3,20,290.3407,,0.059563,0.351496,0.159295,0.000000
3,21,271.6628,,-0.064331,0.352669,0.158788,-0.064331
3,22,319.5545,,0.176291,0.652901,0.202765,0.000000
3,23,318.5620,,-0.003106,0.558479,0.207469,-0.003106
3,24,324.6764,,0.019194,0.524769,0.208394,0.000000
3,25,300.2137,,-0.075345,0.351900,0.236595,-0.075345
3,26,288.4458,,-0.039198,0.296560,0.244860,-0.111590
3,27,298.2516,,0.033995,0.318324,0.244912,-0.081388
3,28,268.4660,,-0.099867,0.109447,0.269061,-0.173127
3,29,263.0004,,-0.020359,0.097743,0.270163,-0.189961
3,30,249.0297,,-0.053120,-0.044196,0.262945,-0.232991
3,31,272.2135,,0.093097,-0.006589,0.275011,-0.161584
3,32,253.5289,,-0.068640,-0.126788,0.275738,-0.219133
3,33,226.3059,,-0.107376,-0.166960,0.288327,-0.302980
3,34,225.5577,,-0.003306,-0.294149,0.203941,-0.305284
3,35,247.9162,,0.099125,-0.221764,0.239527,-0.236420
3,36,233.6867,,-0.057396,-0.280247,0.238628,-0.280247
3,37,241.4723,,0.033316,-0.195665,0.238292,-0.256267
3,38,243.0412,,0.006497,-0.157411,0.237780,-0.251435
3,39,281.6304,,0.158776,-0.055729,0.290917,-0.132581
3,40,300.1518,,0.065765,0.118025,0.276688,-0.075535
3,41,320.7930,,0.068769,0.219743,0.279587,-0.011961
3,42,333.3891,,0.039266,0.338752,0.268405,0.000000
3,43,328.8662,,-0.013566,0.208119,0.260982,-0.013566
3,44,320.8775,,-0.024292,0.265645,0.248300,-0.037528
3,45,309.7741,,-0.034603,0.368829,0.215374,-0.070833
3,46,331.7110,,0.070816,0.470626,0.216299,-0.005033
3,47,371.7388,,0.120671,0.499454,0.224262,0.000000
3,48,369.6720,,-0.005560,0.581913,0.205910,-0.005560
3,49,390.8471,,0.057281,0.618601,0.206393,0.000000
3,50,406.6352,,0.040395,0.673114,0.202696,0.000000
3,51,414.3601,,0.018997,0.471293,0.161306,0.000000
3,52,383.4446,,-0.074610,0.277504,0.189453,-0.074610
3,53,408.8546,,0.066268,0.274515,0.188794,-0.013286
3,54,440.9876,,0.078593,0.322744,0.196704,0.000000
3,56,411.5753,,-0.002892,0.282658,0.209362,-0.066696
3,57,425.3250,,0.033407,0.373019,0.199919,-0.035517
3,58,401.6519,,-0.055659,0.210850,0.210300,-0.089199
3,59,418.5640,,0.042106,0.125963,0.180984,-0.050849
3,60,417.4606,,-0.002636,0.129274,0.180712,-0.053351
3,61,411.0823,,-0.015279,0.051773,0.175112,-0.067815
3,62,393.1855,,-0.043536,-0.033076,0.176915,-0.108398
3,63,372.5380,,-0.052513,-0.100931,0.182205,-0.155219
3,64,392.2570,,0.052932,0.022983,0.175521,-0.110503
3,65,456.8624,,0.164702,0.117421,0.232530,0.000000
3,66,494.5372,,0.082464,0.121431,0.233782,0.000000
3,67,530.4188,,0.072556,0.285025,0.225348,0.000000
3,68,503.7636,,-0.050253,0.223989,0.236003,-0.050253
3,69,515.8051,,0.023903,0.212732,0.235562,-0.027551
3,70,515.6656,,-0.000270,0.283863,0.222773,-0.027814
3,71,489.9725,,-0.049825,0.170605,0.232844,-0.076253
3,72,482.5187,,-0.015213,0.155844,0.234229,-0.090306
4,2,94.1875,,-0.062214,,,0.000000
4,3,97.4860,,0.035021,,,0.000000
4,5,122.1185,,-0.012785,,,-0.012785
4,6,137.9410,,0.129567,,,0.000000
4,7,158.2340,,0.147114,,,0.000000
4,8,172.5480,,0.090461,,,0.000000
4,9,157.4365,,-0.087579,,,-0.087579
4,10,151.8075,,-0.035754,,,-0.120202
4,11,158.4020,,0.043440,,,-0.081983
4,12,162.8465,,0.028058,,,-0.056226
4,13,160.3100,,-0.015576,0.596141,0.350724,-0.070926
4,14,154.6465,,-0.035328,0.641902,0.342778,-0.103748
4,15,154.7040,,0.000372,0.586936,0.345759,-0.103415
4,16,173.3710,,0.120663,0.401545,0.261904,0.000000
4,17,161.1535,,-0.070470,0.319650,0.278278,-0.070470
4,18,172.0080,,0.067355,0.246969,0.259393,-0.007862
4,19,166.3795,,-0.032722,0.051478,0.223980,-0.040326
4,20,173.5395,,0.043034,0.005747,0.209009,0.000000
4,21,164.2520,,-0.053518,0.043292,0.195393,-0.053518
4,22,168.6215,,0.026602,0.110760,0.191121,-0.028340
4,23,175.3535,,0.039924,0.107017,0.190485,0.000000
4,24,166.7170,,-0.049252,0.023769,0.197971,-0.049252
4,25,149.5735,,-0.102830,-0.066972,0.224551,-0.147017
4,26,153.5630,,0.026673,-0.007005,0.223626,-0.124266
4,27,162.9975,,0.061437,0.053610,0.231541,-0.070463
4,28,124.2815,,-0.237525,-0.283147,0.304335,-0.291252
4,29,120.2095,,-0.032764,-0.254068,0.300287,-0.314473
4,30,106.2100,,-0.116459,-0.382528,0.298004,-0.394309
4,31,134.9500,,0.270596,-0.188902,0.427462,-0.230411
4,32,126.7700,,-0.060615,-0.269503,0.425907,-0.277060
4,33,113.0000,,-0.108622,-0.312032,0.434265,-0.355587
4,34,102.4400,,-0.093451,-0.392485,0.435726,-0.415808
4,35,96.5400,,-0.057595,-0.449455,0.428636,-0.449455
4,36,84.0000,,-0.129894,-0.496152,0.437676,-0.520967
4,37,103.1300,,0.227738,-0.310505,0.511462,-0.411873
4,38,94.2300,,-0.086299,-0.386375,0.512481,-0.462628
4,39,103.2900,,0.096148,-0.366309,0.520373,-0.410961
4,40,105.4500,,0.020912,-0.151522,0.468075,-0.398643
4,41,120.5800,,0.143480,0.003082,0.489704,-0.312360
4,42,130.3600,,0.081108,0.227380,0.474170,-0.256587
4,43,133.6800,,0.025468,-0.009411,0.392084,-0.237654
4,44,138.0100,,0.032391,0.088665,0.386125,-0.212960
4,45,127.1200,,-0.078907,0.124957,0.376982,-0.275063
4,46,133.0900,,0.046963,0.299199,0.358579,-0.241018
4,47,146.0900,,0.097678,0.513259,0.352278,-0.166882
4,48,151.9400,,0.040044,0.808809,0.300143,-0.133521
4,49,155.2000,,0.021456,0.504897,0.233230,-0.114930
4,50,176.7600,,0.138918,0.875837,0.211370,0.000000
4,51,180.3800,,0.020480,0.746346,0.209016,0.000000
4,52,175.0000,,-0.029826,0.659555,0.222238,-0.029826
4,53,176.4400,,0.008229,0.463263,0.196478,-0.021842
4,54,193.2500,,0.095273,0.482435,0.200675,0.000000
4,55,186.9800,,-0.032445,0.398715,0.211682,-0.032445
4,56,178.5000,,-0.045352,0.293386,0.224614,-0.076326
4,57,186.3300,,0.043866,0.465782,0.195145,-0.035808
4,58,186.4000,,0.000376,0.400559,0.197259,-0.035445
4,59,207.8900,,0.115290,0.423031,0.204515,0.000000
4,60,219.3900,,0.055318,0.443929,0.205789,0.000000
4,61,237.6800,,0.083368,0.531448,0.211358,0.000000
4,62,212.2800,,-0.106866,0.200954,0.225505,-0.106866
4,63,190.2600,,-0.103731,0.054776,0.255776,-0.199512
4,64,184.4200,,-0.030695,0.053831,0.255914,-0.224083
4,65,205.0100,,0.111647,0.161927,0.276569,-0.137454
4,66,219.3900,,0.070143,0.135268,0.269719,-0.076952
4,67,234.1100,,0.067095,0.252062,0.269625,-0.015020
4,68,229.0000,,-0.021827,0.282916,0.264214,-0.036520
4,69,219.5700,,-0.041179,0.178395,0.270728,-0.076195
4,70,244.2200,,0.112265,0.310195,0.286107,0.000000
4,71,233.2200,,-0.045041,0.121845,0.276215,-0.045041
4,72,230.8200,,-0.010291,0.052100,0.272902,-0.054868
5,2,66.4136,,-0.065279,,,0.000000
5,3,57.6213,,-0.132387,,,-0.132387
5,4,66.7830,,0.158998,,,0.000000
5,5,71.0885,,0.064470,,,0.000000
5,6,70.3213,,-0.010792,,,-0.010792
5,7,73.7876,,0.049292,,,0.000000
5,8,80.8086,,0.095151,,,0.000000
5,9,72.6793,,-0.100599,,,-0.100599
5,10,80.1431,,0.102695,,,-0.008235
5,11,87.0009,,0.085569,,,0.000000
5,12,86.9137,,-0.001002,,,-0.001002
5,13,90.6190,,0.042632,0.275393,0.305733,0.000000
5,14,100.2668,,0.106466,0.509733,0.299151,0.000000
5,15,102.2807,,0.020085,0.775049,0.236501,0.000000
5,16,116.7104,,0.141079,0.747606,0.228111,0.000000
5,17,116.8765,,0.001423,0.644097,0.232298,0.000000
5,18,121.0887,,0.036040,0.721934,0.224773,0.000000
5,19,133.6221,,0.103506,0.810901,0.231488,0.000000
5,20,143.5114,,0.074009,0.775942,0.228206,0.000000
5,21,132.5802,,-0.076170,0.824179,0.211176,-0.076170
5,22,146.8324,,0.107499,0.832126,0.212459,0.000000
5,23,140.7343,,-0.041531,0.617618,0.228867,-0.041531
5,24,143.6646,,0.020822,0.652956,0.225320,-0.021574
5,25,134.1944,,-0.065919,0.480863,0.251061,-0.086071
5,26,133.9499,,-0.001822,0.335933,0.240867,-0.087736
5,27,137.9275,,0.029695,0.348519,0.240776,-0.060646
5,28,113.1741,,-0.179467,-0.030300,0.284972,-0.229229
5,29,112.8295,,-0.003045,-0.034626,0.284994,-0.231576
5,30,108.0698,,-0.042185,-0.107516,0.285028,-0.263992
5,31,115.3665,,0.067518,-0.136622,0.271884,-0.214298
5,32,107.3329,,-0.069635,-0.252095,0.261670,-0.269011
5,33,94.8659,,-0.116153,-0.284464,0.273617,-0.353917
5,34,93.7353,,-0.011918,-0.361617,0.233944,-0.361617
5,35,100.1622,,0.068564,-0.288289,0.255254,-0.317847
5,36,87.5068,,-0.126349,-0.390896,0.268339,-0.404037
5,37,98.0298,,0.120254,-0.269494,0.308459,-0.332370
5,38,89.3217,,-0.088831,-0.333171,0.314449,-0.391676
5,39,102.8797,,0.151788,-0.254104,0.359860,-0.299340
5,40,106.4601,,0.034802,-0.059325,0.316938,-0.274955
5,41,121.8628,,0.144680,0.080061,0.348853,-0.170056
5,42,118.7188,,-0.025800,0.098537,0.346503,-0.191468
5,43,131.6320,,0.108771,0.140989,0.355986,-0.103523
5,44,135.0538,,0.025995,0.258268,0.343563,-0.080219
5,45,129.7873,,-0.038996,0.368111,0.316900,-0.116087
5,46,123.0629,,-0.051811,0.312874,0.325096,-0.161884
5,47,131.4436,,0.068101,0.312306,0.325031,-0.104807
5,48,138.5449,,0.054025,0.583244,0.279064,-0.056444
5,49,138.9516,,0.002936,0.417440,0.267559,-0.053674
5,50,137.3250,,-0.011706,0.537418,0.239124,-0.064752
5,51,149.6928,,0.090062,0.455025,0.213874,0.000000
5,52,161.4457,,0.078513,0.516487,0.218597,0.000000
5,53,171.0860,,0.059712,0.403920,0.187226,0.000000
5,54,180.6569,,0.055942,0.521719,0.178288,0.000000
5,55,170.3291,,-0.057168,0.293978,0.182383,-0.057168
5,56,162.2267,,-0.047569,0.201199,0.195421,-0.102018
5,57,164.6793,,0.015118,0.268839,0.185811,-0.088442
5,58,170.1276,,0.033084,0.382443,0.167876,-0.058284
5,59,167.9800,,-0.012623,0.277962,0.166463,-0.070171
5,60,188.2132,,0.120450,0.358499,0.191854,0.000000
5,61,203.0811,,0.078995,0.461523,0.196371,0.000000
5,62,169.4964,,-0.165376,0.234270,0.278128,-0.165376
5,63,153.9284,,-0.091849,0.028294,0.287996,-0.242035
5,64,158.2513,,0.028084,-0.019787,0.278321,-0.220749
5,65,171.1466,,0.081486,0.000353,0.284090,-0.157251
5,66,175.6210,,0.026144,-0.027876,0.279584,-0.135218
5,67,191.4684,,0.090236,0.124108,0.285086,-0.057183
5,68,212.4312,,0.109484,0.309470,0.291856,0.000000
5,69,242.5533,,0.141797,0.472881,0.313355,0.000000
5,70,280.8085,,0.157719,0.650575,0.335787,0.000000
5,71,319.7456,,0.138661,0.903473,0.340507,0.000000
5,72,312.5753,,-0.022425,0.660750,0.342645,-0.022425
6,2,23.4047,,-0.106633,,,0.000000
6,3,20.3553,,-0.130290,,,-0.130290
6,4,23.7152,,0.165063,,,0.000000
6,5,25.4309,,0.072346,,,0.000000
6,6,27.5560,,0.083564,,,0.000000
6,7,27.9404,,0.013950,,,0.000000
6,8,30.6220,,0.095976,,,0.000000
6,9,32.1366,,0.049461,,,0.000000
6,10,31.1220,,-0.031571,,,-0.031571
6,11,35.7462,,0.148583,,,0.000000
6,12,38.9748,,0.090320,,,0.000000
6,13,40.4425,,0.037658,0.543709,0.317543,0.000000
6,14,42.1814,,0.042997,0.802265,0.274085,0.000000
6,15,41.6239,,-0.013217,1.044871,0.204858,-0.013217
6,16,41.2743,,-0.008399,0.740418,0.182760,-0.021505
6,17,42.7337,,0.035359,0.680388,0.181226,0.000000
6,18,43.1417,,0.009547,0.565602,0.179322,0.000000
6,19,44.2599,,0.025919,0.584083,0.177876,0.000000
6,20,45.3368,,0.024331,0.480530,0.167503,0.000000
6,21,44.2171,,-0.024697,0.375912,0.176339,-0.024697
6,22,48.8342,,0.104419,0.569122,0.178586,0.000000
6,23,50.8558,,0.041397,0.422691,0.133599,0.000000
6,24,61.1183,,0.201796,0.568149,0.211737,0.000000
6,25,54.1577,,-0.113887,0.339128,0.261712,-0.113887
6,26,54.3019,,0.002663,0.287343,0.262152,-0.111527
6,27,58.2065,,0.071905,0.398391,0.262869,-0.047642
6,28,51.5933,,-0.113616,0.250011,0.298637,-0.155845
6,29,53.9888,,0.046430,0.263377,0.299378,-0.116651
6,30,45.2111,,-0.162584,0.047967,0.352583,-0.260269
6,31,50.2467,,0.111380,0.135265,0.367198,-0.177878
6,32,46.8339,,-0.067921,0.033022,0.376333,-0.233717
6,33,41.6636,,-0.110397,-0.057750,0.393833,-0.318313
6,34,44.4835,,0.067683,-0.089092,0.384919,-0.272174
6,35,52.1394,,0.172107,0.025240,0.421487,-0.146910
6,36,52.9058,,0.014699,-0.134370,0.365885,-0.134370
6,37,55.8165,,0.055017,0.030629,0.350621,-0.086746
6,38,56.7019,,0.015863,0.044197,0.350679,-0.072259
6,39,61.2100,,0.079505,0.051601,0.352260,0.000000
6,40,60.2053,,-0.016414,0.166921,0.327915,-0.016414
6,41,77.6432,,0.289641,0.438136,0.426891,0.000000
6,42,83.3581,,0.073605,0.843755,0.367389,0.000000
6,43,86.8184,,0.041511,0.727844,0.362735,0.000000
6,44,89.1602,,0.026974,0.903756,0.340455,0.000000
6,45,80.2422,,-0.100022,0.925959,0.334932,-0.100022
6,46,81.7273,,0.018508,0.837254,0.337305,-0.083365
6,47,89.9217,,0.100265,0.724643,0.317370,0.000000
6,48,108.4280,,0.205805,1.049458,0.350080,0.000000
6,49,115.1475,,0.061972,1.062968,0.349914,0.000000
6,50,126.9052,,0.102110,1.238115,0.346932,0.000000
6,51,129.3370,,0.019162,1.113007,0.351039,0.000000
6,52,127.4241,,-0.014790,1.116496,0.350614,-0.014790
6,53,130.1955,,0.021749,0.676845,0.256075,0.000000
6,54,157.3391,,0.208483,0.887508,0.302938,0.000000
6,55,157.9635,,0.003968,0.819470,0.307412,0.000000
6,56,160.0674,,0.013319,0.795277,0.309046,0.000000
6,57,169.5837,,0.059452,1.113396,0.259936,0.000000
6,58,167.4488,,-0.012589,1.048870,0.267958,-0.012589
6,59,159.8639,,-0.045297,0.777811,0.285476,-0.057316
6,60,228.6701,,0.430405,1.108956,0.455344,0.000000
6,61,218.8294,,-0.043034,0.900426,0.469420,-0.043034
6,62,197.2303,,-0.098703,0.554153,0.493020,-0.137489
6,63,165.5832,,-0.160458,0.280245,0.534348,-0.275886
6,64,190.9230,,0.153034,0.498326,0.545175,-0.165072
6,65,240.1244,,0.257703,0.844337,0.584239,0.000000
6,66,273.4344,,0.138720,0.737867,0.569375,0.000000
6,67,292.0251,,0.067990,0.848689,0.566333,0.000000
6,68,295.6941,,0.012564,0.847312,0.566407,0.000000
6,69,328.0287,,0.109352,0.934320,0.568231,0.000000
6,70,368.1518,,0.122316,1.198596,0.563489,0.000000
6,71,401.3485,,0.090171,1.510567,0.547008,0.000000
6,72,344.7159,,-0.141106,0.507483,0.448761,-0.141106
7,2,66.4212,,-0.066167,,,0.000000
7,3,57.6671,,-0.131797,,,-0.131797
7,4,66.8839,,0.159828,,,0.000000
7,5,70.8642,,0.059511,,,0.000000
7,6,70.1049,,-0.010715,,,-0.010715
7,7,73.5442,,0.049059,,,0.000000
7,8,81.0436,,0.101971,,,0.000000
7,9,72.8817,,-0.100710,,,-0.100710
7,10,80.3905,,0.103027,,,-0.008059
7,11,87.3201,,0.086199,,,0.000000
7,12,86.8807,,-0.005032,,,-0.005032
7,13,91.0396,,0.047869,0.279948,0.308255,0.000000
7,14,101.0137,,0.109558,0.520804,0.301942,0.000000
7,15,102.5892,,0.015597,0.778990,0.240723,0.000000
7,16,119.5247,,0.165081,0.787047,0.243348,0.000000
7,17,119.5961,,0.000597,0.687678,0.248387,0.000000
7,18,124.2955,,0.039294,0.772991,0.240652,0.000000
7,19,134.1199,,0.079041,0.823663,0.242245,0.000000
7,20,144.2775,,0.075735,0.780245,0.237905,0.000000
7,21,132.1803,,-0.083847,0.813627,0.226469,-0.083847
7,22,147.0631,,0.112595,0.829359,0.228974,0.000000
7,23,141.2920,,-0.039242,0.618094,0.243374,-0.039242
7,24,143.5014,,0.015637,0.651707,0.239765,-0.024219
7,25,134.5935,,-0.062075,0.478407,0.262384,-0.084790
7,26,133.7926,,-0.005951,0.324500,0.252121,-0.090237
7,27,138.5123,,0.035276,0.350164,0.251999,-0.058144
7,28,114.0303,,-0.176750,-0.045969,0.279062,-0.224617
7,29,113.1104,,-0.008067,-0.054230,0.279149,-0.230872
7,30,108.4819,,-0.040920,-0.127226,0.277874,-0.262345
7,31,115.6902,,0.066447,-0.137412,0.273815,-0.213330
7,32,108.2612,,-0.064215,-0.249633,0.261929,-0.263846
7,33,95.3670,,-0.119103,-0.278509,0.273294,-0.351524
7,34,93.8892,,-0.015496,-0.361573,0.230132,-0.361573
7,35,100.6239,,0.071730,-0.287831,0.253252,-0.315778
7,36,88.0075,,-0.125382,-0.386714,0.267265,-0.401567
7,37,99.0568,,0.125550,-0.264031,0.310461,-0.326434
7,38,89.5647,,-0.095825,-0.330572,0.318485,-0.390979
7,39,103.1531,,0.151716,-0.255279,0.362345,-0.298580
7,40,107.3388,,0.040578,-0.058682,0.322206,-0.270118
7,41,122.3654,,0.139992,0.081822,0.351400,-0.167940
7,42,119.9849,,-0.019454,0.106035,0.348567,-0.184127
7,43,132.0261,,0.100356,0.141203,0.355808,-0.102250
7,44,136.2316,,0.031854,0.258360,0.345025,-0.073653
7,45,130.7763,,-0.040044,0.371296,0.317222,-0.110747
7,46,124.2797,,-0.049677,0.323686,0.324385,-0.154923
7,47,132.8295,,0.068795,0.320061,0.323963,-0.096786
7,48,139.7824,,0.052345,0.588304,0.278040,-0.049507
7,49,140.6453,,0.006173,0.419847,0.264278,-0.043640
7,50,138.6417,,-0.014246,0.547952,0.231743,-0.057264
7,51,151.0201,,0.089283,0.464040,0.205556,0.000000
7,52,163.2993,,0.081308,0.521345,0.210978,0.000000
7,53,172.5434,,0.056608,0.410067,0.181020,0.000000
7,54,181.9264,,0.054381,0.516245,0.173807,0.000000
7,55,171.9355,,-0.054917,0.302285,0.180724,-0.054917
7,56,163.9519,,-0.046434,0.203479,0.193290,-0.098801
7,57,166.0173,,0.012598,0.269476,0.183261,-0.087448
7,58,171.7044,,0.034256,0.381596,0.166199,-0.056187
7,59,169.5170,,-0.012739,0.276200,0.164543,-0.068211
7,60,189.3531,,0.117015,0.354627,0.188684,0.000000
7,61,204.6585,,0.080830,0.455139,0.194403,0.000000
7,62,171.4314,,-0.162354,0.236506,0.273949,-0.162354
7,63,155.5146,,-0.092846,0.029761,0.284629,-0.240126
7,64,160.3357,,0.031001,-0.018147,0.274298,-0.216569
7,65,172.2545,,0.074337,-0.001673,0.278724,-0.158331
7,66,176.7789,,0.026266,-0.028293,0.274447,-0.136224
7,67,192.4266,,0.088516,0.119181,0.280224,-0.059766
7,68,213.0501,,0.107176,0.299469,0.286980,0.000000
7,69,243.0027,,0.140589,0.463721,0.308515,0.000000
7,70,281.4380,,0.158168,0.639086,0.331757,0.000000
7,71,319.6861,,0.135902,0.885865,0.336156,0.000000
7,72,313.3746,,-0.019743,0.654975,0.338095,-0.019743
8,2,190.9714,,-0.046754,,,0.000000
8,3,165.5013,,-0.133371,,,-0.133371
8,4,203.1161,,0.227278,,,0.000000
8,5,223.3374,,0.099555,,,0.000000
8,6,225.3020,,0.008797,,,0.000000
8,7,251.6948,,0.117144,,,0.000000
8,8,290.9171,,0.155833,,,0.000000
8,9,259.8608,,-0.106753,,,-0.106753
8,10,261.0613,,0.004620,,,-0.102626
8,11,274.8134,,0.052678,,,-0.055354
8,12,271.0331,,-0.013756,,,-0.068349
8,13,256.3185,,-0.054291,0.279431,0.374983,-0.118929
8,14,255.6141,,-0.002748,0.338495,0.368200,-0.121350
8,15,292.2367,,0.143273,0.765768,0.337264,0.000000
8,16,322.5488,,0.103724,0.588002,0.286241,0.000000
8,17,326.1704,,0.011228,0.460439,0.280552,0.000000
8,18,345.0026,,0.057737,0.531289,0.279837,0.000000
8,19,353.5257,,0.024704,0.404580,0.266655,0.000000
8,20,376.4260,,0.064777,0.293928,0.233808,0.000000
8,21,336.7474,,-0.105409,0.295875,0.232992,-0.105409
8,22,321.0506,,-0.046613,0.229788,0.243028,-0.147109
8,23,321.9336,,0.002750,0.171460,0.240735,-0.144763
8,24,333.7310,,0.036645,0.231326,0.239337,-0.113423
8,25,310.8209,,-0.068648,0.212633,0.244549,-0.174285
8,26,209.3868,,-0.326343,-0.180850,0.423657,-0.443751
8,27,220.6286,,0.053689,-0.245036,0.397295,-0.413887
8,28,198.9091,,-0.098444,-0.383322,0.381987,-0.471586
8,29,192.1322,,-0.034070,-0.410946,0.378962,-0.489589
8,30,159.9944,,-0.167269,-0.536252,0.384612,-0.574965
8,31,157.8612,,-0.013333,-0.553467,0.377796,-0.580632
8,32,161.6614,,0.024073,-0.570537,0.365289,-0.570537
8,33,134.6236,,-0.167250,-0.600224,0.378324,-0.642364
8,34,92.4346,,-0.313385,-0.712088,0.449879,-0.754442
8,35,117.1804,,0.267711,-0.636011,0.570796,-0.688703
8,36,119.4030,,0.018967,-0.642218,0.567552,-0.682799
8,37,147.8100,,0.237909,-0.524454,0.645075,-0.607334
8,38,173.5778,,0.174331,-0.171019,0.597860,-0.538880
8,39,210.2898,,0.211502,-0.046861,0.633496,-0.441352
8,40,238.4488,,0.133906,0.198783,0.632022,-0.366546
8,41,262.6588,,0.101531,0.367073,0.631317,-0.302231
8,42,284.7455,,0.084089,0.779721,0.588864,-0.243556
8,43,316.1192,,0.110182,1.002514,0.584256,-0.160210
8,44,293.5861,,-0.071280,0.816057,0.600631,-0.220070
8,45,297.8725,,0.014600,1.212634,0.549006,-0.208683
8,46,298.9242,,0.003531,2.233904,0.359522,-0.205889
8,47,324.6026,,0.085903,1.770116,0.314100,-0.137672
8,48,351.2039,,0.081950,1.941338,0.304264,-0.067005
8,49,387.1022,,0.102215,1.618922,0.263390,0.000000
8,50,486.3137,,0.256293,1.801709,0.303119,0.000000
8,51,482.3103,,-0.008232,1.293554,0.288598,-0.008232
8,52,427.2734,,-0.114111,0.791889,0.335688,-0.121404
8,53,463.6865,,0.085222,0.765359,0.333552,-0.046528
8,54,500.8248,,0.080094,0.758853,0.333163,0.000000
8,55,472.1009,,-0.057353,0.493429,0.343323,-0.057353
8,56,518.3138,,0.097888,0.765460,0.325679,0.000000
8,57,569.1500,,0.098080,0.910719,0.325826,0.000000
8,58,564.8562,,-0.007544,0.889633,0.328075,-0.007544
8,59,571.5638,,0.011875,0.760813,0.329645,0.000000
8,60,582.7002,,0.019484,0.659153,0.329413,0.000000
8,61,686.4260,,0.178009,0.773245,0.351268,0.000000
8,62,665.5298,,-0.030442,0.368521,0.280390,-0.030442
8,63,574.0568,,-0.137444,0.190224,0.325465,-0.163702
8,64,547.2926,,-0.046623,0.280897,0.301553,-0.202693
8,65,645.4763,,0.179399,0.392055,0.335153,-0.059657
8,66,735.7946,,0.139925,0.469167,0.349528,0.000000
8,67,771.6278,,0.048700,0.634456,0.334007,0.000000
8,68,736.9692,,-0.044916,0.421860,0.340249,-0.044916
8,69,732.6594,,-0.005848,0.287288,0.334738,-0.050501
8,70,647.2675,,-0.116551,0.145898,0.362991,-0.161166
8,71,646.8682,,-0.000617,0.131751,0.363372,-0.161684
8,72,658.9879,,0.018736,0.130921,0.363363,-0.145977
9,2,44.5327,,0.026778,,,0.000000
9,3,34.9333,,-0.215558,,,-0.215558
9,4,52.1253,,0.492138,,,0.000000
9,5,55.6667,,0.067940,,,0.000000
9,6,71.9873,,0.293184,,,0.000000
9,7,95.3840,,0.325011,,,0.000000
9,8,166.1067,,0.741452,,,0.000000
9,9,143.0033,,-0.139088,,,-0.139088
9,10,129.3467,,-0.095498,,,-0.221303
9,11,189.2000,,0.462735,,,0.000000
9,12,235.2233,,0.243252,,,0.000000
9,13,264.5100,,0.124506,5.098730,0.991645,0.000000
9,14,225.1667,,-0.148740,4.056210,1.038349,-0.148740
9,15,222.6433,,-0.011207,5.373378,0.971538,-0.158280
9,16,236.4800,,0.062147,3.536755,0.922628,-0.105970
9,17,208.4067,,-0.118713,2.743827,0.961127,-0.212103
9,18,226.5667,,0.087137,2.147312,0.948455,-0.143448
9,19,229.0667,,0.011034,1.401519,0.928987,-0.133997
9,20,245.2400,,0.070605,0.476399,0.613596,-0.072852
9,21,258.4933,,0.054042,0.807603,0.579606,-0.022747
9,22,371.3333,,0.436530,1.870834,0.660633,0.000000
9,23,381.5867,,0.027612,1.016841,0.535913,0.000000
9,24,352.2600,,-0.076855,0.497554,0.518233,-0.076855
9,25,312.2400,,-0.113609,0.180446,0.531987,-0.181733
9,26,290.1433,,-0.070768,0.288570,0.509723,-0.239640
9,27,359.2000,,0.238009,0.613341,0.547369,-0.058667
9,28,290.2533,,-0.191945,0.227390,0.598141,-0.239351
9,29,252.7533,,-0.129197,0.212789,0.601058,-0.337625
9,30,224.4733,,-0.111888,-0.009240,0.612732,-0.411737
9,31,297.1500,,0.323765,0.297220,0.687464,-0.221278
9,32,275.6100,,-0.072489,0.123838,0.694918,-0.277726
9,33,265.2500,,-0.037589,0.026139,0.696937,-0.304876
9,34,227.5400,,-0.142168,-0.387235,0.541071,-0.403700
9,35,194.7000,,-0.144326,-0.489762,0.548451,-0.489762
9,36,123.1800,,-0.367334,-0.650315,0.637136,-0.677190
9,37,173.2200,,0.406235,-0.445234,0.790433,-0.546053
9,38,205.7100,,0.187565,-0.291005,0.815911,-0.460908
9,39,207.4600,,0.008507,-0.422438,0.772966,-0.456322
9,40,164.3100,,-0.207992,-0.433908,0.776958,-0.569403
9,41,203.9300,,0.241130,-0.193166,0.809775,-0.465573
9,42,261.7700,,0.283627,0.166153,0.842387,-0.313995
9,43,267.4300,,0.021622,-0.100016,0.783444,-0.299162
9,44,258.0800,,-0.034962,-0.063603,0.779776,-0.323665
9,45,250.2200,,-0.030456,-0.056662,0.779255,-0.344263
9,46,200.8400,,-0.197346,-0.117340,0.793486,-0.473670
9,47,240.0800,,0.195379,0.233078,0.792325,-0.370837
9,48,248.4800,,0.034988,1.017211,0.655887,-0.348823
9,49,187.2900,,-0.246257,0.081227,0.620778,-0.509180
9,50,201.8800,,0.077901,-0.018618,0.598008,-0.470945
9,51,175.7900,,-0.129235,-0.152655,0.614565,-0.539317
9,52,183.2800,,0.042608,0.115454,0.571301,-0.519689
9,53,178.0800,,-0.028372,-0.126758,0.519540,-0.533316
9,54,197.8800,,0.111186,-0.244068,0.438883,-0.481427
9,55,232.0700,,0.172781,-0.132221,0.477102,-0.391828
9,56,214.1100,,-0.077390,-0.170373,0.482097,-0.438894
9,57,261.6300,,0.221942,0.045601,0.531748,-0.314361
9,58,249.8500,,-0.045025,0.244026,0.485219,-0.345232
9,59,345.1600,,0.381469,0.437689,0.581559,-0.095458
9,60,403.8400,,0.170008,0.625244,0.595035,0.000000
9,61,404.6000,,0.001882,1.160289,0.502911,0.000000
9,62,292.9800,,-0.275877,0.451260,0.613044,-0.275877
9,63,259.1600,,-0.115435,0.474260,0.608894,-0.359466
9,64,282.1600,,0.088748,0.539503,0.610307,-0.302620
9,65,346.4600,,0.227885,0.945531,0.627733,-0.143698
9,66,317.6600,,-0.083126,0.605318,0.644304,-0.214879
9,67,308.2700,,-0.029560,0.328351,0.635895,-0.238087
9,68,333.8700,,0.083044,0.559340,0.624045,-0.174814
9,69,444.7200,,0.332015,0.699806,0.665073,0.000000
9,70,456.5600,,0.026623,0.827335,0.656376,0.000000
9,71,430.1700,,-0.057802,0.246291,0.568060,-0.057802
9,72,449.7200,,0.045447,0.113608,0.548040,-0.014982
10,2,206.3400,,-0.080604,,,0.000000
10,3,182.8300,,-0.113938,,,-0.113938
10,4,187.3600,,0.024777,,,-0.091984
10,5,185.5800,,-0.009500,,,-0.100610
10,6,178.5100,,-0.038097,,,-0.134874
10,7,195.7800,,0.096745,,,-0.051178
10,8,218.0400,,0.113699,,,0.000000
10,9,212.9400,,-0.023390,,,-0.023390
10,10,201.9000,,-0.051846,,,-0.074023
10,11,228.9100,,0.133779,,,0.000000
10,12,231.8700,,0.012931,,,0.000000
10,13,227.8700,,-0.017251,0.015328,0.266966,-0.017251
10,14,240.5100,,0.055470,0.165600,0.254335,0.000000
10,15,255.4700,,0.062201,0.397308,0.214597,0.000000
10,16,274.9500,,0.076252,0.467495,0.219361,0.000000
10,17,289.4400,,0.052700,0.559649,0.214595,0.000000
10,18,277.9200,,-0.039801,0.556886,0.215272,-0.039801
10,19,278.2900,,0.001331,0.421441,0.208531,-0.038523
10,20,285.7700,,0.026878,0.310629,0.188208,-0.012680
10,21,272.9400,,-0.044896,0.281768,0.195226,-0.057007
10,22,287.0100,,0.051550,0.421544,0.179093,-0.008396
10,23,276.6900,,-0.035957,0.208728,0.150983,-0.044051
10,24,299.0000,,0.080632,0.289515,0.163738,0.000000
10,25,313.0200,,0.046890,0.373678,0.159285,0.000000
10,26,321.4500,,0.026931,0.336535,0.156401,0.000000
10,27,352.9100,,0.097869,0.381415,0.169110,0.000000
10,28,322.8300,,-0.085234,0.174140,0.194432,-0.085234
10,29,315.9800,,-0.021219,0.091694,0.192802,-0.104644
10,30,273.0200,,-0.135958,-0.017631,0.237916,-0.226375
10,31,300.6000,,0.101018,0.080168,0.258208,-0.148225
10,32,280.8000,,-0.065868,-0.017391,0.267701,-0.204330
10,33,267.0200,,-0.049074,-0.021689,0.268519,-0.243377
10,34,295.0900,,0.105123,0.028152,0.284404,-0.163838
10,35,318.6000,,0.079671,0.151470,0.289507,-0.097220
10,36,308.9000,,-0.030446,0.033110,0.283306,-0.124706
10,37,311.5200,,0.008482,-0.004792,0.279812,-0.117282
10,38,305.1800,,-0.020352,-0.050615,0.279323,-0.135247
10,39,308.7700,,0.011764,-0.125074,0.258455,-0.125074
10,40,328.5500,,0.064061,0.017719,0.253171,-0.069025
10,41,321.0800,,-0.022736,0.016141,0.253340,-0.090192
10,42,341.0000,,0.062041,0.248995,0.207380,-0.033747
10,43,351.9600,,0.032141,0.170861,0.188737,-0.002690
10,44,360.2000,,0.023412,0.282766,0.167106,0.000000
10,45,350.3000,,-0.027485,0.311889,0.158247,-0.027485
10,46,341.3300,,-0.025607,0.156700,0.137618,-0.052388
10,47,360.0000,,0.054698,0.129945,0.126194,-0.000556
10,48,356.6600,,-0.009278,0.154615,0.120277,-0.009829
10,49,383.7400,,0.075927,0.231833,0.135684,0.000000
10,50,409.4000,,0.066868,0.341505,0.136668,0.000000
10,51,420.5200,,0.027162,0.361922,0.135847,0.000000
10,52,396.7300,,-0.056573,0.207519,0.152286,-0.056573
10,53,414.4000,,0.044539,0.290644,0.148076,-0.014554
10,54,406.8000,,-0.018340,0.192961,0.146361,-0.032627
10,55,438.5000,,0.077925,0.245879,0.158643,0.000000
10,56,475.9200,,0.085336,0.321264,0.171870,0.000000
10,57,460.2600,,-0.032905,0.313900,0.173737,-0.032905
10,58,450.9200,,-0.020293,0.321066,0.172151,-0.052530
10,59,483.0200,,0.071188,0.341721,0.176043,0.000000
10,60,453.2800,,-0.061571,0.270901,0.194285,-0.061571
10,61,468.6700,,0.033953,0.221321,0.185832,-0.029709
10,62,513.8300,,0.096358,0.255080,0.196317,0.000000
10,63,532.5800,,0.036491,0.266479,0.196880,0.000000
10,64,533.2500,,0.001258,0.344113,0.179653,0.000000
10,65,503.9600,,-0.054927,0.216120,0.195398,-0.054927
10,66,485.7700,,-0.036094,0.194126,0.199746,-0.089038
10,67,471.8800,,-0.028594,0.076124,0.192209,-0.115086
10,68,502.9800,,0.065907,0.056860,0.184453,-0.056765
10,69,502.7400,,-0.000477,0.092298,0.179804,-0.057214
10,70,477.5400,,-0.050125,0.059037,0.187350,-0.104472
10,71,513.8100,,0.075952,0.063747,0.189206,-0.036454
10,72,502.6500,,-0.021720,0.108920,0.177391,-0.057383
11,2,51.2611,,-0.009983,,,0.000000
11,3,41.0206,,-0.199771,,,-0.199771
11,4,46.7065,,0.138611,,,-0.088850
11,5,46.7260,,0.000418,,,-0.088470
11,6,50.2468,,0.075350,,,-0.019786
11,7,48.8229,,-0.028338,,,-0.047563
11,8,44.3853,,-0.090892,,,-0.134132
11,9,45.7995,,0.031862,,,-0.106544
11,10,49.0960,,0.071977,,,-0.042235
11,11,62.5061,,0.273140,,,0.000000
11,12,73.3221,,0.173039,,,0.000000
11,13,76.3357,,0.041101,0.474290,0.427433,0.000000
11,14,89.2680,,0.169414,0.741440,0.442077,0.000000
11,15,86.0301,,-0.036272,1.097243,0.362495,-0.036272
11,16,83.9430,,-0.024260,0.797246,0.364607,-0.059652
11,17,82.0607,,-0.022424,0.756210,0.369007,-0.080738
11,18,82.8799,,0.009983,0.649456,0.370438,-0.071561
11,19,75.6628,,-0.087079,0.549740,0.387784,-0.152409
11,20,71.8787,,-0.050013,0.619425,0.374370,-0.194799
11,21,69.2259,,-0.036907,0.511498,0.383386,-0.224517
11,22,67.4865,,-0.025126,0.374582,0.386870,-0.244002
11,23,82.0386,,0.215630,0.312489,0.350321,-0.080986
11,24,90.9750,,0.108929,0.240758,0.326257,0.000000
11,25,80.4347,,-0.115859,0.053697,0.352859,-0.115859
11,26,86.8777,,0.080102,-0.026777,0.318112,-0.045038
11,27,76.1524,,-0.123453,-0.114817,0.340529,-0.162931
11,28,66.6688,,-0.124534,-0.205785,0.360607,-0.267174
11,29,72.2914,,0.084336,-0.119050,0.373532,-0.205371
11,30,54.1207,,-0.251354,-0.346999,0.446196,-0.405104
11,31,60.5627,,0.119030,-0.199572,0.463254,-0.334293
11,32,55.4528,,-0.084374,-0.228523,0.467750,-0.390462
11,33,49.1453,,-0.113745,-0.290074,0.478263,-0.459794
11,34,53.0691,,0.079841,-0.213634,0.488259,-0.416663
11,35,56.6708,,0.067868,-0.309218,0.432831,-0.377073
11,36,49.1311,,-0.133044,-0.459950,0.419959,-0.459950
11,37,59.4107,,0.209228,-0.261380,0.479919,-0.346956
11,38,56.9672,,-0.041129,-0.344283,0.468659,-0.373815
11,39,59.4501,,0.043585,-0.219328,0.460441,-0.346523
11,40,63.4108,,0.066622,-0.048869,0.449024,-0.302987
11,41,67.3299,,0.061805,-0.068633,0.445170,-0.259908
11,42,62.3049,,-0.074633,0.151220,0.362918,-0.315143
11,43,70.4792,,0.131198,0.163739,0.366842,-0.225292
11,44,69.1777,,-0.018466,0.247506,0.352461,-0.239597
11,45,67.2885,,-0.027309,0.369175,0.325365,-0.260363
11,46,66.1411,,-0.017052,0.246320,0.323747,-0.272975
11,47,75.4159,,0.140227,0.330771,0.342386,-0.171027
11,48,84.5506,,0.121124,0.720917,0.303793,-0.070618
11,49,85.0706,,0.006150,0.431906,0.250605,-0.064903
11,50,89.8921,,0.056676,0.577960,0.237948,-0.011905
11,51,116.9559,,0.301070,0.967293,0.352799,0.000000
11,52,112.1732,,-0.040893,0.768990,0.367435,-0.040893
11,53,124.1293,,0.106586,0.843596,0.371272,0.000000
11,54,130.6138,,0.052240,1.096364,0.342762,0.000000
11,55,109.0550,,-0.165058,0.547335,0.405172,-0.165058
11,56,95.6532,,-0.122890,0.382716,0.434809,-0.267664
11,57,103.0777,,0.077619,0.531875,0.431252,-0.210821
11,58,99.0424,,-0.039148,0.497440,0.435157,-0.241716
11,59,97.4624,,-0.015953,0.292331,0.424252,-0.253813
11,60,83.7411,,-0.140786,-0.009575,0.442091,-0.358865
11,61,90.9038,,0.085534,0.068568,0.449132,-0.304026
11,62,93.2850,,0.026195,0.037744,0.446921,-0.285795
11,63,86.5698,,-0.071986,-0.259808,0.319847,-0.337208
11,64,76.7662,,-0.113245,-0.315646,0.332750,-0.412266
11,65,94.2344,,0.227551,-0.240837,0.400679,-0.278527
11,66,122.9557,,0.304786,-0.058632,0.512140,-0.058632
11,67,108.8794,,-0.114483,-0.001610,0.496133,-0.166402
11,68,118.8376,,0.091461,0.242380,0.480209,-0.090161
11,69,167.0776,,0.405932,0.620890,0.612401,0.000000
11,70,223.4458,,0.337377,1.256061,0.663649,0.000000
11,71,236.2852,,0.057461,1.424372,0.655452,0.000000
11,72,285.1750,,0.206910,2.405437,0.611911,0.000000
12,2,98.0879,,-0.117140,,,0.000000
12,3,76.0559,,-0.224615,,,-0.224615
12,4,80.8966,,0.063647,,,-0.175264
12,5,83.0602,,0.026745,,,-0.153207
12,6,80.2861,,-0.033399,,,-0.181489
12,7,82.4883,,0.027429,,,-0.159038
12,8,86.3518,,0.046837,,,-0.119649
12,9,82.9732,,-0.039126,,,-0.154094
12,10,84.4988,,0.018387,,,-0.138540
12,11,102.5412,,0.213523,,,0.000000
12,12,110.5354,,0.077961,,,0.000000
12,13,111.9272,,0.012591,0.007423,0.371126,0.000000
12,14,128.9419,,0.152016,0.314554,0.371247,0.000000
12,15,133.3752,,0.034382,0.753647,0.248743,0.000000
12,16,134.7595,,0.010379,0.665823,0.251265,0.000000
12,17,144.7452,,0.074100,0.742653,0.251841,0.000000
12,18,137.0779,,-0.052971,0.707368,0.259520,-0.052971
12,19,133.7642,,-0.024174,0.621615,0.268933,-0.075864
12,20,141.7767,,0.059900,0.641850,0.269418,-0.020509
12,21,145.0918,,0.023383,0.748659,0.255058,0.000000
12,22,150.5874,,0.037877,0.782125,0.253164,0.000000
12,23,141.6323,,-0.059468,0.381223,0.205330,-0.059468
12,24,141.2043,,-0.003022,0.277457,0.200095,-0.062310
12,25,132.5100,,-0.061572,0.183895,0.216966,-0.120046
12,26,127.2042,,-0.040041,-0.013477,0.164085,-0.155280
12,27,122.2883,,-0.038646,-0.083126,0.163592,-0.187925
12,28,107.0740,,-0.124413,-0.205443,0.200148,-0.288958
12,29,119.4985,,0.116037,-0.174421,0.224036,-0.206450
12,30,101.7676,,-0.148378,-0.257593,0.259658,-0.324196
12,31,104.2528,,0.024420,-0.220622,0.263704,-0.307693
12,32,103.6889,,-0.005409,-0.268646,0.250459,-0.311437
12,33,95.2738,,-0.081157,-0.343355,0.251033,-0.367319
12,34,114.7662,,0.204593,-0.237877,0.340914,-0.237877
12,35,127.1074,,0.107533,-0.102554,0.359213,-0.155924
12,36,123.3544,,-0.029526,-0.126412,0.360097,-0.180846
12,37,128.7448,,0.043698,-0.028416,0.357876,-0.145050
12,38,132.8371,,0.031786,0.044281,0.355787,-0.117875
12,39,120.7535,,-0.090966,-0.012552,0.367001,-0.198118
12,40,128.1019,,0.060855,0.196385,0.342198,-0.149320
12,41,126.7444,,-0.010597,0.060634,0.326269,-0.158334
12,42,135.8316,,0.071697,0.334722,0.281715,-0.097990
12,43,147.5244,,0.086083,0.415063,0.287725,-0.020342
12,44,137.6014,,-0.067263,0.327059,0.302839,-0.086237
12,45,136.3695,,-0.008953,0.431341,0.282578,-0.094417
12,46,130.7650,,-0.041098,0.139402,0.219915,-0.131635
12,47,147.8527,,0.130675,0.163210,0.231696,-0.018161
12,48,161.1337,,0.089826,0.306266,0.237511,0.000000
12,49,165.1692,,0.025044,0.282919,0.236610,0.000000
12,50,177.3393,,0.073683,0.335013,0.241939,0.000000
12,51,190.9118,,0.076534,0.581005,0.208883,0.000000
12,52,182.7530,,-0.042736,0.426622,0.223096,-0.042736
12,53,194.2592,,0.062960,0.532684,0.219911,0.000000
12,54,193.9045,,-0.001826,0.427535,0.219925,-0.001826
12,55,204.0091,,0.052111,0.382883,0.213321,0.000000
12,56,216.7075,,0.062244,0.574891,0.187230,0.000000
12,57,203.2693,,-0.062011,0.490576,0.208620,-0.062011
12,58,213.9312,,0.052452,0.635995,0.191441,-0.012812
12,59,242.2056,,0.132166,0.638153,0.192189,0.000000
12,60,232.4968,,-0.040085,0.442879,0.201608,-0.040085
12,61,259.2567,,0.115098,0.569642,0.217444,0.000000
12,62,258.0120,,-0.004801,0.454904,0.218363,-0.004801
12,63,239.1474,,-0.073115,0.252658,0.236705,-0.077565
12,64,238.4844,,-0.002772,0.304954,0.228179,-0.080122
12,65,258.9637,,0.085873,0.333083,0.233495,-0.001129
12,66,284.3794,,0.098144,0.466596,0.241627,0.000000
12,67,290.5886,,0.021834,0.424391,0.241131,0.000000
12,68,297.0942,,0.022388,0.370947,0.238978,0.000000
12,69,310.9032,,0.046480,0.529515,0.217700,0.000000
12,70,306.6550,,-0.013664,0.433430,0.222827,-0.013664
12,71,310.0872,,0.011192,0.280265,0.194747,-0.002625
12,72,319.1398,,0.029194,0.372664,0.182508,0.000000
13,2,116.9449,,-0.096748,,,0.000000
13,3,129.2847,,0.105518,,,0.000000
13,4,144.1219,,0.114764,,,0.000000
13,5,142.5468,,-0.010929,,,-0.010929
13,6,153.7333,,0.078476,,,0.000000
13,7,140.7271,,-0.084602,,,-0.084602
13,8,138.9480,,-0.012642,,,-0.096174
13,9,139.2771,,0.002369,,,-0.094033
13,10,122.7544,,-0.118632,,,-0.201510
13,11,137.0472,,0.116434,,,-0.108539
13,12,159.6837,,0.165173,,,0.000000
13,13,196.6917,,0.231758,0.519197,0.384904,0.000000
13,14,193.7787,,-0.014810,0.657010,0.360908,-0.014810
13,15,177.4265,,-0.084386,0.372371,0.377331,-0.097946
13,16,173.5802,,-0.021678,0.204399,0.369231,-0.117501
13,17,189.6969,,0.092849,0.330771,0.374133,-0.035562
13,18,218.9428,,0.154172,0.424175,0.392230,0.000000
13,19,232.2785,,0.060910,0.650562,0.369984,0.000000
13,20,246.3870,,0.060740,0.773235,0.364175,0.000000
13,21,221.1140,,-0.102574,0.587586,0.394207,-0.102574
13,22,243.8043,,0.102618,0.986118,0.354066,-0.010482
13,23,237.3733,,-0.026378,0.732058,0.359505,-0.036583
13,24,265.1998,,0.117227,0.660785,0.345912,0.000000
13,25,235.5998,,-0.111614,0.197815,0.315509,-0.111614
13,26,239.9779,,0.018583,0.238415,0.313374,-0.095105
13,27,276.0926,,0.150492,0.556099,0.314647,0.000000
13,28,281.6458,,0.020114,0.622573,0.308235,0.000000
13,29,302.1910,,0.072947,0.593024,0.305478,0.000000
13,30,313.6473,,0.037911,0.432557,0.280463,0.000000
13,31,318.9290,,0.016840,0.373049,0.279210,0.000000
13,32,291.3979,,-0.086324,0.182685,0.299399,-0.086324
13,33,313.8170,,0.076936,0.419255,0.273570,-0.016029
13,34,351.4149,,0.119808,0.441381,0.278869,0.000000
13,35,360.1399,,0.024828,0.517188,0.271400,0.000000
13,36,356.0448,,-0.011371,0.342553,0.260782,-0.011371
13,37,334.9356,,-0.059288,0.421630,0.234246,-0.069985
13,38,302.8872,,-0.095685,0.262146,0.266872,-0.158973
13,39,335.3064,,0.107034,0.214471,0.246884,-0.068955
13,40,386.5075,,0.152699,0.372317,0.280989,0.000000
13,41,419.3137,,0.084879,0.387578,0.283237,0.000000
13,42,459.0911,,0.094863,0.463717,0.290456,0.000000
13,43,444.9653,,-0.030769,0.395185,0.297595,-0.030769
13,44,542.5141,,0.219228,0.861763,0.321555,0.000000
13,45,526.9313,,-0.028723,0.679104,0.331587,-0.028723
13,46,543.4122,,0.031277,0.546356,0.322399,0.000000
13,47,579.8175,,0.066994,0.609980,0.322885,0.000000
13,48,572.9083,,-0.011916,0.609092,0.322988,-0.011916
13,49,634.5216,,0.107545,0.894461,0.307374,0.000000
13,50,740.7355,,0.167392,1.445584,0.274604,0.000000
13,51,765.9387,,0.034025,1.284297,0.276474,0.000000
13,52,769.0302,,0.004036,0.989693,0.270182,0.000000
13,53,807.6639,,0.050237,0.926158,0.269141,0.000000
13,54,892.9092,,0.105546,0.944953,0.270914,0.000000
13,55,793.1919,,-0.111677,0.782595,0.309658,-0.111677
13,56,946.7965,,0.193654,0.745204,0.295394,0.000000
13,57,874.9578,,-0.075876,0.660479,0.312493,-0.075876
13,58,819.4543,,-0.063436,0.507980,0.331397,-0.134499
13,59,785.4907,,-0.041447,0.354720,0.339014,-0.170371
13,60,763.6930,,-0.027750,0.333011,0.341503,-0.193393
13,61,802.3524,,0.050622,0.264500,0.331738,-0.152561
13,62,910.7237,,0.135067,0.229486,0.317751,-0.038100
13,63,818.4309,,-0.101340,0.068533,0.339805,-0.135579
13,64,890.8095,,0.088436,0.158355,0.348610,-0.059133
13,65,730.9900,,-0.179409,-0.094932,0.396902,-0.227933
13,66,774.0544,,0.058912,-0.133110,0.385658,-0.182449
13,67,734.8715,,-0.050620,-0.073526,0.372032,-0.223834
13,68,727.4341,,-0.010121,-0.231689,0.305524,-0.231689
13,69,759.3046,,0.043812,-0.132181,0.304265,-0.198028
13,70,858.6809,,0.130878,0.047870,0.326921,-0.093068
13,71,1070.2610,,0.246401,0.362539,0.398278,0.000000
13,72,1071.0457,,0.000733,0.402456,0.394612,0.000000
14,2,45.4800,,-0.032340,,,0.000000
14,3,45.4800,,0.000000,,,0.000000
14,4,52.3900,,0.151935,,,0.000000
14,5,53.8000,,0.026914,,,0.000000
14,6,52.6100,,-0.022119,,,-0.022119
14,7,77.4300,,0.471773,,,0.000000
14,8,90.8200,,0.172930,,,0.000000
14,9,81.9900,,-0.097225,,,-0.097225
14,10,75.2900,,-0.081717,,,-0.170997
14,11,92.6600,,0.230708,,,0.000000
14,12,91.7100,,-0.010253,,,-0.010253
14,13,85.6400,,-0.066187,0.822128,0.577280,-0.075761
14,14,84.5100,,-0.013195,0.858179,0.574174,-0.087957
14,15,78.5000,,-0.071116,0.726033,0.587032,-0.152818
14,16,81.6200,,0.039745,0.557930,0.578038,-0.119146
14,17,80.0800,,-0.018868,0.488474,0.581692,-0.135766
14,18,93.9300,,0.172952,0.785400,0.589955,0.000000
14,19,106.1900,,0.130523,0.371431,0.398130,0.000000
14,20,110.7200,,0.042659,0.219114,0.368135,0.000000
14,21,102.9000,,-0.070629,0.255029,0.359641,-0.070629
14,22,120.2300,,0.168416,0.596889,0.366561,0.000000
14,23,158.3700,,0.317225,0.709148,0.420702,0.000000
14,24,143.9000,,-0.091368,0.569074,0.441075,-0.091368
14,25,114.2500,,-0.206046,0.334071,0.498036,-0.278588
14,26,123.3400,,0.079562,0.459470,0.497214,-0.221191
14,27,109.3400,,-0.113507,0.392865,0.509310,-0.309591
14,28,85.5200,,-0.217853,0.047781,0.569669,-0.459999
14,29,101.8600,,0.191066,0.271976,0.593787,-0.356823
14,30,76.4700,,-0.249264,-0.185885,0.634400,-0.517144
14,31,94.4700,,0.235386,-0.110370,0.666100,-0.403486
14,32,84.8700,,-0.101620,-0.233474,0.673293,-0.464104
14,33,63.3600,,-0.253446,-0.384257,0.716218,-0.599925
14,34,60.0600,,-0.052083,-0.500458,0.686211,-0.620762
14,35,77.6300,,0.292541,-0.509819,0.672560,-0.509819
14,36,64.7700,,-0.165658,-0.549896,0.682710,-0.591022
14,37,75.1500,,0.160259,-0.342233,0.687718,-0.525479
14,38,78.5800,,0.045642,-0.362900,0.683387,-0.503821
14,39,98.0100,,0.247264,-0.103623,0.723062,-0.381134
14,40,89.3700,,-0.088154,0.045018,0.689111,-0.435689
14,41,118.2100,,0.322703,0.160513,0.735397,-0.253585
14,42,113.9100,,-0.036376,0.489603,0.674624,-0.280736
14,43,114.4000,,0.004302,0.210967,0.644454,-0.277642
14,44,105.7200,,-0.075874,0.245671,0.639154,-0.332450
14,45,102.8200,,-0.027431,0.622791,0.564036,-0.350762
14,46,98.5000,,-0.042015,0.640027,0.562091,-0.378039
14,47,121.1600,,0.230051,0.560737,0.535916,-0.234957
14,48,147.4100,,0.216656,1.275901,0.505211,-0.069205
14,49,167.6900,,0.137575,1.231405,0.501765,0.000000
14,50,192.5300,,0.148130,1.450115,0.505042,0.000000
14,51,180.4900,,-0.062536,0.841547,0.492253,-0.062536
14,52,158.3800,,-0.122500,0.772182,0.504617,-0.177375
14,53,166.9000,,0.053795,0.411894,0.414107,-0.133122
14,54,162.2100,,-0.028101,0.424019,0.412624,-0.157482
14,55,144.4800,,-0.109303,0.262936,0.437062,-0.249572
14,56,148.5600,,0.028239,0.405220,0.422610,-0.228381
14,57,164.0800,,0.104470,0.595797,0.421864,-0.147770
14,58,144.0700,,-0.121953,0.462638,0.446929,-0.251702
14,59,137.1800,,-0.047824,0.132220,0.401821,-0.287488
14,60,120.7900,,-0.119478,-0.180586,0.357173,-0.372618
14,61,115.9500,,-0.040070,-0.308547,0.318281,-0.397757
14,62,99.8600,,-0.138767,-0.481328,0.272667,-0.481328
14,63,102.7400,,0.028840,-0.430773,0.283310,-0.466370
14,64,97.3500,,-0.052463,-0.385340,0.270146,-0.494366
14,65,110.7300,,0.137442,-0.336551,0.310684,-0.424870
14,66,141.9000,,0.281496,-0.125210,0.440000,-0.262974
14,67,176.3100,,0.242495,0.220306,0.486439,-0.084249
14,68,162.6300,,-0.077591,0.094707,0.497113,-0.155303
14,69,161.7900,,-0.005165,-0.013958,0.487925,-0.159666
14,70,256.1200,,0.583040,0.777744,0.732363,0.000000
14,71,217.5300,,-0.150672,0.585724,0.756620,-0.150672
14,72,214.1600,,-0.015492,0.772991,0.736988,-0.163830
15,2,38.4146,,-0.171926,,,0.000000
15,3,28.7625,,-0.251261,,,-0.251261
15,4,35.2013,,0.223861,,,-0.083648
15,5,34.4438,,-0.021519,,,-0.103367
15,6,34.5325,,0.002575,,,-0.101058
15,7,32.4939,,-0.059034,,,-0.154126
15,8,30.8414,,-0.050856,,,-0.197144
15,9,27.0324,,-0.123503,,,-0.296299
15,10,25.6859,,-0.049811,,,-0.331351
15,11,30.0246,,0.168914,,,-0.218407
15,12,33.2408,,0.107119,,,-0.134683
15,13,36.1601,,0.087823,-0.220524,0.482291,-0.058688
15,14,43.8453,,0.212533,0.141371,0.495800,0.000000
15,15,45.7873,,0.044292,0.591910,0.397343,0.000000
15,16,46.9437,,0.025256,0.333579,0.346277,0.000000
15,17,47.8704,,0.019741,0.389812,0.342189,0.000000
15,18,52.4868,,0.096435,0.519925,0.346207,0.000000
15,19,47.9021,,-0.087350,0.474187,0.356054,-0.087350
15,20,45.3643,,-0.052979,0.470889,0.356634,-0.135701
15,21,49.6830,,0.095200,0.837905,0.313455,-0.053420
15,22,54.4553,,0.096055,1.120046,0.293231,0.000000
15,23,50.5445,,-0.071817,0.683435,0.301335,-0.071817
15,24,52.3794,,0.036303,0.575756,0.294340,-0.038121
15,25,65.0227,,0.241379,0.798188,0.354454,0.000000
15,26,67.1285,,0.032386,0.531029,0.309855,0.000000
15,27,71.4819,,0.064852,0.561172,0.310877,0.000000
15,28,73.7841,,0.032207,0.571757,0.310564,0.000000
15,29,83.0883,,0.126100,0.735691,0.320355,0.000000
15,30,74.8809,,-0.098779,0.426661,0.348238,-0.098779
15,31,84.7525,,0.131831,0.769286,0.333253,0.000000
15,32,83.5809,,-0.013824,0.842438,0.321807,-0.013824
15,33,77.0828,,-0.077746,0.551494,0.344493,-0.090495
15,34,97.8301,,0.269156,0.796523,0.411356,0.000000
15,35,98.2980,,0.004783,0.944784,0.392070,0.000000
15,36,98.1638,,-0.001365,0.874094,0.396587,-0.001365
15,37,103.2455,,0.051768,0.587841,0.343346,0.000000
15,38,97.8167,,-0.052581,0.457159,0.356590,-0.052581
15,39,98.3452,,0.005403,0.375808,0.356365,-0.047462
15,40,106.1296,,0.079154,0.438383,0.359557,0.000000
15,41,91.6370,,-0.136556,0.102889,0.382426,-0.136556
15,42,97.0185,,0.058726,0.295639,0.363998,-0.085849
15,43,97.0094,,-0.000094,0.144621,0.345830,-0.085935
15,44,100.5826,,0.036834,0.203418,0.344842,-0.052267
15,45,107.2349,,0.066138,0.391167,0.330151,0.000000
15,46,96.5370,,-0.099761,-0.013216,0.232451,-0.099761
15,47,93.7006,,-0.029381,-0.046768,0.234353,-0.126211
15,48,92.0173,,-0.017965,-0.062613,0.234906,-0.141909
15,49,94.6219,,0.028306,-0.083524,0.230039,-0.117619
15,50,96.1957,,0.016633,-0.016570,0.224823,-0.102943
15,51,107.9765,,0.122467,0.097935,0.255873,0.000000
15,52,109.8622,,0.017464,0.035172,0.244989,0.000000
15,53,108.9240,,-0.008540,0.188648,0.191845,-0.008540
15,54,107.8047,,-0.010276,0.111179,0.187399,-0.018728
15,55,111.0542,,0.030142,0.144779,0.188034,0.000000
15,56,110.4455,,-0.005481,0.098059,0.186860,-0.005481
15,57,110.6550,,0.001897,0.031895,0.176225,-0.003594
15,58,110.2396,,-0.003754,0.141942,0.136314,-0.007335
15,59,111.3536,,0.010105,0.188398,0.128816,0.000000
15,60,102.3799,,-0.080587,0.112617,0.158210,-0.080587
15,61,101.6756,,-0.006879,0.074547,0.157647,-0.086912
15,62,105.9585,,0.042123,0.101489,0.161375,-0.048450
15,63,114.2042,,0.077820,0.057676,0.130337,0.000000
15,64,101.4327,,-0.111830,-0.076728,0.174021,-0.111830
15,65,98.2350,,-0.031525,-0.098132,0.175975,-0.139830
15,66,104.4699,,0.063469,-0.030933,0.189566,-0.085235
15,67,108.1913,,0.035622,-0.025778,0.190631,-0.052650
15,68,110.7594,,0.023737,0.002844,0.192074,-0.030162
15,69,110.2838,,-0.004294,-0.003353,0.192167,-0.034327
15,70,111.8585,,0.014279,0.014687,0.192509,-0.020538
15,71,113.3844,,0.013641,0.018239,0.192690,-0.007177
15,72,118.7373,,0.047210,0.159773,0.173680,0.000000
16,2,32.8544,,-0.059481,,,0.000000
16,3,34.6668,,0.055165,,,0.000000
16,4,37.2504,,0.074527,,,0.000000
16,5,38.0196,,0.020649,,,0.000000
16,6,36.8694,,-0.030253,,,-0.030253
16,7,39.8306,,0.080316,,,0.000000
16,8,42.7394,,0.073029,,,0.000000
16,9,43.2427,,0.011776,,,0.000000
16,10,42.8842,,-0.008290,,,-0.008290
16,11,47.2236,,0.101189,,,0.000000
16,12,44.5532,,-0.056548,,,-0.056548
16,13,43.5807,,-0.021828,0.247580,0.194202,-0.077142
16,14,40.3018,,-0.075237,0.226680,0.201732,-0.146575
16,15,42.1351,,0.045489,0.215431,0.200049,-0.107753
16,16,43.5820,,0.034340,0.169974,0.191494,-0.077114
16,17,44.2423,,0.015151,0.163672,0.191382,-0.063131
16,18,44.1002,,-0.003212,0.196120,0.186391,-0.066140
16,19,44.5787,,0.010850,0.119208,0.172835,-0.056008
16,20,46.3143,,0.038933,0.083645,0.162442,-0.019255
16,21,43.7478,,-0.055415,0.011681,0.174089,-0.073603
16,22,46.8991,,0.072033,0.093621,0.186908,-0.006872
16,23,44.1401,,-0.058828,-0.065296,0.168193,-0.065296
16,24,45.4144,,0.028869,0.019329,0.160901,-0.038312
16,25,44.0594,,-0.029836,0.010984,0.162420,-0.067005
16,26,42.5940,,-0.033260,0.056875,0.145172,-0.098036
16,27,46.9303,,0.101805,0.113804,0.170789,-0.006212
16,28,48.3994,,0.031304,0.110535,0.170346,0.000000
16,29,40.6930,,-0.159225,-0.080225,0.239612,-0.159225
16,30,38.6025,,-0.051372,-0.124664,0.244092,-0.202417
16,31,41.9267,,0.086114,-0.059490,0.261634,-0.133734
16,32,42.0855,,0.003788,-0.091306,0.257910,-0.130453
16,33,41.3600,,-0.017239,-0.054580,0.252594,-0.145443
16,34,45.3875,,0.097377,-0.032230,0.261817,-0.062229
16,35,48.6051,,0.070892,0.101156,0.262178,0.000000
16,36,45.2153,,-0.069742,-0.004383,0.273070,-0.069742
16,37,46.0516,,0.018496,0.045217,0.271087,-0.052536
16,38,45.4946,,-0.012095,0.068100,0.268508,-0.063996
16,39,47.1975,,0.037431,0.005695,0.251223,-0.028960
16,40,48.5223,,0.028069,0.002541,0.250846,-0.001704
16,41,47.2045,,-0.027159,0.160016,0.183590,-0.028817
16,42,50.7101,,0.074264,0.313648,0.177901,0.000000
16,43,51.5747,,0.017050,0.230116,0.164580,0.000000
16,44,52.4620,,0.017204,0.246557,0.163823,0.000000
16,45,51.7808,,-0.012985,0.251953,0.162833,-0.012985
16,46,52.9075,,0.021759,0.165683,0.139464,0.000000
16,47,50.4080,,-0.047243,0.037091,0.136524,-0.047243
16,48,51.0426,,0.012589,0.128878,0.110521,-0.035249
16,49,53.7019,,0.052100,0.166123,0.117992,0.000000
16,50,57.1402,,0.064026,0.255977,0.124417,0.000000
16,51,58.6610,,0.026615,0.242882,0.123205,0.000000
16,52,58.0587,,-0.010267,0.196536,0.126011,-0.010267
16,53,64.3292,,0.108003,0.362777,0.146695,0.000000
16,54,66.4660,,0.033217,0.310706,0.137713,0.000000
16,55,67.3790,,0.013736,0.306435,0.137922,0.000000
16,56,75.8111,,0.125144,0.445067,0.171040,0.000000
16,57,79.4924,,0.048559,0.535172,0.164230,0.000000
16,58,80.6737,,0.014861,0.524808,0.165087,0.000000
16,59,91.0594,,0.128737,0.806449,0.161128,0.000000
16,60,88.9429,,-0.023243,0.742525,0.174022,-0.023243
16,61,96.8454,,0.088849,0.803390,0.178679,0.000000
16,62,97.2893,,0.004584,0.702644,0.183950,0.000000
16,63,86.6143,,-0.109724,0.476525,0.241580,-0.109724
16,64,96.2110,,0.110798,0.657135,0.246995,-0.011083
16,65,97.6653,,0.015116,0.518213,0.238591,0.000000
16,66,96.9693,,-0.007126,0.458932,0.242765,-0.007126
16,67,97.1676,,0.002045,0.442107,0.244118,-0.005096
16,68,96.1759,,-0.010206,0.268628,0.225313,-0.015250
16,69,102.4442,,0.065175,0.288731,0.228051,0.000000
16,70,100.5754,,-0.018242,0.246695,0.231763,-0.018242
16,71,109.8497,,0.092212,0.206353,0.215471,0.000000
16,72,110.7443,,0.008144,0.245118,0.211238,0.000000
17,2,112.9848,,-0.096661,,,0.000000
17,3,110.8728,,-0.018693,,,-0.018693
17,4,126.8615,,0.144208,,,0.000000
17,5,125.7708,,-0.008598,,,-0.008598
17,6,119.7295,,-0.048034,,,-0.056219
17,7,124.0970,,0.036478,,,-0.021792
17,8,130.6101,,0.052484,,,0.000000
17,9,127.5970,,-0.023069,,,-0.023069
17,10,117.5095,,-0.079058,,,-0.100303
17,11,123.9974,,0.055212,,,-0.050629
17,12,135.8191,,0.095338,,,0.000000
17,13,140.7814,,0.036536,0.125579,0.245905,0.000000
17,14,136.7511,,-0.028628,0.210349,0.221229,-0.028628
17,15,142.7187,,0.043638,0.287229,0.218765,0.000000
17,16,141.3119,,-0.009857,0.113906,0.175685,-0.009857
17,17,146.9738,,0.040067,0.168585,0.176740,0.000000
17,18,143.9498,,-0.020575,0.202292,0.168104,-0.020575
17,19,150.4684,,0.045284,0.212507,0.169468,0.000000
17,20,151.2810,,0.005400,0.158264,0.165288,0.000000
17,21,141.9573,,-0.061632,0.112543,0.178527,-0.061632
17,22,143.1703,,0.008545,0.218372,0.149989,-0.053614
17,23,137.0613,,-0.042669,0.105356,0.154957,-0.093995
17,24,151.3542,,0.104281,0.114381,0.160533,0.000000
17,25,152.4336,,0.007132,0.082769,0.157909,0.000000
17,26,145.6033,,-0.044808,0.064733,0.162712,-0.044808
17,27,157.8108,,0.083841,0.105749,0.177123,0.000000
17,28,160.6869,,0.018225,0.137109,0.175982,0.000000
17,29,159.8588,,-0.005154,0.087669,0.173891,-0.005154
17,30,159.0758,,-0.004898,0.105079,0.171759,-0.010027
17,31,156.3963,,-0.016844,0.039397,0.168835,-0.026702
17,32,144.5851,,-0.075521,-0.044260,0.186699,-0.100206
17,33,147.3789,,0.019323,0.038193,0.175951,-0.082820
17,34,156.9509,,0.064948,0.096254,0.186182,-0.023251
17,35,160.5867,,0.023165,0.171642,0.177702,-0.000624
17,36,160.3974,,-0.001179,0.059749,0.148445,-0.001802
17,37,148.3846,,-0.074894,-0.026563,0.168835,-0.076561
17,38,139.1594,,-0.062171,-0.044257,0.174530,-0.133973
17,39,141.7516,,0.018628,-0.101763,0.149716,-0.117840
17,40,149.7080,,0.056129,-0.068325,0.161316,-0.068325
17,41,141.8065,,-0.052779,-0.112926,0.168286,-0.117498
17,42,152.5145,,0.075511,-0.041247,0.188355,-0.050860
17,43,154.3666,,0.012144,-0.012978,0.188117,-0.039333
17,44,148.9762,,-0.034919,0.030371,0.174132,-0.072879
17,45,144.5541,,-0.029683,-0.019166,0.176206,-0.100399
17,46,137.6768,,-0.047576,-0.122803,0.166315,-0.143198
17,47,143.5425,,0.042605,-0.106136,0.171572,-0.106694
17,48,146.6380,,0.021565,-0.085782,0.174074,-0.087430
17,49,148.6587,,0.013780,0.001848,0.157770,-0.074855
17,50,150.9789,,0.015608,0.084937,0.142139,-0.060415
17,51,149.1182,,-0.012324,0.051970,0.142883,-0.071994
17,52,136.2981,,-0.085973,-0.089572,0.157347,-0.151778
17,53,138.2588,,0.014385,-0.025017,0.150123,-0.139576
17,54,138.8918,,0.004578,-0.089320,0.125260,-0.135637
17,55,150.0005,,0.079981,-0.028284,0.152144,-0.066505
17,56,157.6121,,0.050744,0.057968,0.155690,-0.019135
17,57,155.1700,,-0.015494,0.073439,0.152798,-0.034333
17,58,153.0635,,-0.013575,0.111760,0.143066,-0.047442
17,59,148.4197,,-0.030339,0.033978,0.143335,-0.076341
17,60,139.5825,,-0.059542,-0.048115,0.154726,-0.131338
17,61,146.8503,,0.052068,-0.012164,0.163777,-0.086108
17,62,159.2719,,0.084587,0.054928,0.184197,-0.008805
17,63,161.3446,,0.013014,0.081992,0.183224,0.000000
17,64,152.0730,,-0.057465,0.115739,0.168958,-0.057465
17,65,151.0028,,-0.007037,0.092176,0.169742,-0.064098
17,66,149.8835,,-0.007412,0.079141,0.170463,-0.071035
17,67,161.6485,,0.078494,0.077655,0.169778,0.000000
17,68,173.8452,,0.075452,0.102996,0.178255,0.000000
17,69,183.2758,,0.054247,0.181130,0.181250,0.000000
17,70,186.6859,,0.018606,0.219663,0.178511,0.000000
17,71,204.5272,,0.095569,0.378033,0.185662,0.000000
17,72,205.8557,,0.006495,0.474796,0.161750,0.000000
18,2,48.9737,,-0.131550,,,0.000000
18,3,47.9739,,-0.020415,,,-0.020415
18,4,53.1684,,0.108278,,,0.000000
18,5,55.7834,,0.049183,,,0.000000
18,6,53.3350,,-0.043891,,,-0.043891
18,7,42.5486,,-0.202239,,,-0.237254
18,8,45.4190,,0.067462,,,-0.185797
18,9,46.4724,,0.023193,,,-0.166913
18,10,39.7412,,-0.144843,,,-0.287580
18,11,43.3940,,0.091915,,,-0.222098
18,12,45.0385,,0.037897,,,-0.192618
18,13,50.1824,,0.114211,-0.110116,0.367014,-0.100406
18,14,54.9467,,0.094940,0.121964,0.350831,-0.014998
18,15,58.2088,,0.059368,0.213343,0.351206,0.000000
18,16,52.3243,,-0.101093,-0.015876,0.356994,-0.101093
18,17,51.9514,,-0.007127,-0.068694,0.353617,-0.107500
18,18,51.3745,,-0.011105,-0.036759,0.350772,-0.117411
18,19,49.1599,,-0.043107,0.155382,0.278377,-0.155457
18,20,49.4711,,0.006330,0.089215,0.272493,-0.150111
18,21,49.0741,,-0.008025,0.055983,0.272639,-0.156931
18,22,45.1320,,-0.080330,0.135646,0.238868,-0.224655
18,23,45.3162,,0.004081,0.044294,0.222746,-0.221490
18,24,47.7645,,0.054027,0.060523,0.225867,-0.179430
18,25,45.2789,,-0.052039,-0.097716,0.199277,-0.222132
18,26,44.2401,,-0.022942,-0.194856,0.165491,-0.239977
18,27,46.3154,,0.046910,-0.204325,0.159597,-0.204325
18,28,40.7362,,-0.120461,-0.221469,0.171357,-0.300173
18,29,41.5119,,0.019042,-0.200949,0.175367,-0.286846
18,30,35.2372,,-0.151154,-0.314112,0.220168,-0.394642
18,31,34.2011,,-0.029404,-0.304290,0.219634,-0.412442
18,32,30.0660,,-0.120905,-0.392252,0.234403,-0.483481
18,33,24.5183,,-0.184517,-0.500382,0.272736,-0.578788
18,34,27.0491,,0.103221,-0.400667,0.311749,-0.535310
18,35,28.6094,,0.057684,-0.368671,0.323981,-0.508504
18,36,25.4859,,-0.109177,-0.466425,0.316979,-0.562164
18,37,27.2505,,0.069238,-0.398162,0.337409,-0.531850
18,38,24.0394,,-0.117836,-0.456614,0.346361,-0.587015
18,39,31.8868,,0.326439,-0.311528,0.504006,-0.452200
18,40,30.3154,,-0.049281,-0.255811,0.493678,-0.479196
18,41,30.6863,,0.012235,-0.260782,0.493204,-0.472824
18,42,32.7720,,0.067968,-0.069960,0.476138,-0.436993
18,43,35.0555,,0.069678,0.024982,0.479277,-0.397764
18,44,34.4380,,-0.017615,0.145414,0.459113,-0.408372
18,45,34.9652,,0.015309,0.426086,0.402472,-0.399315
18,46,35.8996,,0.026724,0.327201,0.395675,-0.383262
18,47,43.9647,,0.224657,0.536722,0.441346,-0.244708
18,48,49.5859,,0.127857,0.945620,0.414934,-0.148138
18,49,42.5107,,-0.142686,0.559996,0.462789,-0.269687
18,50,42.4811,,-0.000696,0.767144,0.431514,-0.270195
18,51,43.7140,,0.029022,0.370911,0.313933,-0.249015
18,52,30.1554,,-0.310166,-0.005278,0.460317,-0.481945
18,53,30.5315,,0.012472,-0.005045,0.460320,-0.475484
18,54,30.7748,,0.007969,-0.060942,0.455758,-0.471304
18,55,30.5462,,-0.007428,-0.128633,0.450038,-0.475231
18,56,21.9011,,-0.283017,-0.364042,0.530570,-0.623750
18,57,23.4600,,0.071179,-0.329047,0.538088,-0.596969
18,58,21.5200,,-0.082694,-0.400550,0.538772,-0.630297
18,59,24.0500,,0.117565,-0.452970,0.492309,-0.586833
18,60,20.0500,,-0.166320,-0.595651,0.471388,-0.655551
18,61,19.4300,,-0.030923,-0.542938,0.463942,-0.666202
18,62,23.7300,,0.221307,-0.441399,0.538652,-0.592330
18,63,22.7100,,-0.042984,-0.480487,0.534097,-0.609854
18,64,20.1000,,-0.114927,-0.333453,0.456898,-0.654692
18,65,19.5500,,-0.027363,-0.359678,0.455085,-0.664141
18,66,22.4000,,0.145780,-0.272132,0.486775,-0.615179
18,67,19.8000,,-0.116071,-0.351801,0.496555,-0.659846
18,68,24.3500,,0.229798,0.111816,0.470796,-0.581679
18,69,33.5500,,0.377823,0.430094,0.593218,-0.423627
18,70,39.9900,,0.191952,0.858271,0.593522,-0.312991
18,71,40.5600,,0.014254,0.686487,0.592621,-0.303199
18,72,36.9000,,-0.090237,0.840398,0.565633,-0.366076
19,2,173.4966,,-0.086496,,,0.000000
19,3,154.0177,,-0.112273,,,-0.112273
19,4,170.8419,,0.109235,,,-0.015302
19,5,186.6337,,0.092435,,,0.000000
19,6,184.9641,,-0.008946,,,-0.008946
19,7,182.3118,,-0.014340,,,-0.023158
19,8,202.9846,,0.113393,,,0.000000
19,9,191.7647,,-0.055275,,,-0.055275
19,10,174.2540,,-0.091313,,,-0.141541
19,11,201.7188,,0.157614,,,-0.006235
19,12,210.0710,,0.041405,,,0.000000
19,13,185.5997,,-0.116491,-0.022772,0.338699,-0.116491
19,14,203.9819,,0.099042,0.175709,0.336378,-0.028987
19,15,203.6638,,-0.001559,0.322339,0.306545,-0.030500
19,16,224.6621,,0.103103,0.315029,0.304809,0.000000
19,17,218.6406,,-0.026802,0.171497,0.299993,-0.026802
19,18,225.2389,,0.030179,0.217745,0.298901,0.000000
19,19,237.3476,,0.053759,0.301879,0.298144,0.000000
19,20,220.6921,,-0.070173,0.087237,0.295668,-0.070173
19,21,214.8677,,-0.026392,0.120477,0.290038,-0.094713
19,22,204.2762,,-0.049293,0.172291,0.276319,-0.139337
19,23,186.9132,,-0.084998,-0.073397,0.245676,-0.212492
19,24,209.4094,,0.120356,-0.003150,0.272790,-0.117711
19,25,218.5508,,0.043653,0.177539,0.241792,-0.079196
19,26,208.8393,,-0.044436,0.023813,0.230270,-0.120113
19,27,214.6476,,0.027812,0.053930,0.231374,-0.095641
19,28,206.2851,,-0.038959,-0.081799,0.209144,-0.130874
19,29,205.3559,,-0.004504,-0.060761,0.207844,-0.134789
19,30,190.9306,,-0.070245,-0.152320,0.214212,-0.195566
19,31,205.6900,,0.077302,-0.133381,0.223196,-0.133381
19,32,192.6956,,-0.063175,-0.126859,0.221238,-0.188130
19,33,172.5781,,-0.104400,-0.196817,0.240671,-0.272889
19,34,201.2456,,0.166113,-0.014837,0.297711,-0.152107
19,35,210.8046,,0.047499,0.127820,0.284649,-0.111832
19,36,202.2796,,-0.040440,-0.034047,0.263147,-0.147750
19,37,224.1374,,0.108057,0.025562,0.282086,-0.055658
19,38,214.1383,,-0.044611,0.025374,0.282120,-0.097786
19,39,219.9426,,0.027105,0.024669,0.282059,-0.073332
19,40,227.0347,,0.032245,0.100587,0.278929,-0.043451
19,41,215.6210,,-0.050273,0.049986,0.285369,-0.091540
19,42,232.1201,,0.076519,0.215729,0.279659,-0.022026
19,43,232.3645,,0.001053,0.129683,0.272724,-0.020996
19,44,240.1351,,0.033441,0.246188,0.260117,0.000000
19,45,225.2415,,-0.062022,0.305155,0.240540,-0.062022
19,46,230.2260,,0.022130,0.144005,0.184721,-0.041265
19,47,251.3586,,0.091791,0.192377,0.198645,0.000000
19,48,255.4953,,0.016457,0.263079,0.188838,0.000000
19,49,268.1646,,0.049587,0.196429,0.167247,0.000000
19,50,277.3697,,0.034326,0.295281,0.154089,0.000000
19,51,274.3867,,-0.010755,0.247536,0.157520,-0.010755
19,52,264.0927,,-0.037516,0.163225,0.166570,-0.047868
19,53,267.8781,,0.014334,0.242356,0.151321,-0.034220
19,54,258.5336,,-0.034883,0.113792,0.146134,-0.067909
19,55,261.6856,,0.012192,0.126186,0.145829,-0.056545
19,56,272.2251,,0.040275,0.133633,0.147143,-0.018547
19,57,271.3695,,-0.003143,0.204794,0.125280,-0.021632
19,58,286.0755,,0.054192,0.242586,0.130903,0.000000
19,59,310.9769,,0.087045,0.237184,0.128076,0.000000
19,60,312.5175,,0.004954,0.223183,0.128792,0.000000
19,61,337.9904,,0.081509,0.260385,0.140846,0.000000
19,62,358.6673,,0.061176,0.293103,0.146237,0.000000
19,63,347.1369,,-0.032148,0.265139,0.152947,-0.032148
19,64,342.2240,,-0.014153,0.295849,0.144820,-0.045846
19,65,361.7273,,0.056990,0.350343,0.148398,0.000000
19,66,352.2675,,-0.026152,0.362559,0.144690,-0.026152
19,67,342.7626,,-0.026982,0.309825,0.154034,-0.052428
19,68,349.0231,,0.018265,0.282112,0.153009,-0.035121
19,69,339.3006,,-0.027856,0.250328,0.159270,-0.061999
19,70,338.6645,,-0.001875,0.183829,0.155871,-0.063757
19,71,332.4029,,-0.018489,0.068899,0.137329,-0.081068
19,72,349.2642,,0.050725,0.117582,0.144301,-0.034455
20,2,256.3123,,-0.079799,,,0.000000
20,3,260.4980,,0.016330,,,0.000000
20,4,276.8244,,0.062674,,,0.000000
20,5,282.4657,,0.020379,,,0.000000
20,6,277.6490,,-0.017052,,,-0.017052
20,7,298.0874,,0.073612,,,0.000000
20,8,319.0367,,0.070279,,,0.000000
20,9,325.7723,,0.021112,,,0.000000
20,10,328.1767,,0.007381,,,0.000000
20,11,360.2058,,0.097597,,,0.000000
20,12,346.4235,,-0.038262,,,-0.038262
20,13,332.5230,,-0.040126,0.193809,0.185626,-0.076853
20,14,312.3036,,-0.060806,0.218450,0.175615,-0.132986
20,15,333.2269,,0.066997,0.279193,0.182345,-0.074898
20,16,351.7658,,0.055634,0.270718,0.180760,-0.023431
20,17,358.3743,,0.018787,0.268736,0.180777,-0.005084
20,18,374.8592,,0.045999,0.350119,0.177158,0.000000
20,19,407.1181,,0.086056,0.365768,0.181158,0.000000
20,20,432.3417,,0.061956,0.355147,0.179198,0.000000
20,21,426.5137,,-0.013480,0.309239,0.183691,-0.013480
20,22,466.5596,,0.093891,0.421671,0.195176,0.000000
20,23,512.7965,,0.099102,0.423620,0.195739,0.000000
20,24,539.7208,,0.052505,0.557979,0.181037,0.000000
20,25,480.2347,,-0.110216,0.444215,0.223088,-0.110216
20,26,493.6588,,0.027953,0.580702,0.198679,-0.085344
20,27,548.2989,,0.110684,0.645422,0.209557,0.000000
20,28,506.2802,,-0.076635,0.439253,0.240983,-0.076635
20,29,444.6363,,-0.121758,0.240704,0.286704,-0.189062
20,30,457.0916,,0.028012,0.219369,0.285578,-0.166346
20,31,516.2405,,0.129403,0.268036,0.299494,-0.058469
20,32,498.7888,,-0.033805,0.153692,0.301366,-0.090297
20,33,451.1837,,-0.095441,0.057842,0.320494,-0.177120
20,34,479.1086,,0.061893,0.026899,0.312712,-0.126190
20,35,516.1030,,0.077215,0.006450,0.306302,-0.058718
20,36,436.9050,,-0.153454,-0.190497,0.338395,-0.203162
20,37,489.1998,,0.119694,0.018669,0.344398,-0.107785
20,38,463.3969,,-0.052745,-0.061300,0.348257,-0.154845
20,39,476.3701,,0.027996,-0.131184,0.328706,-0.131184
20,40,482.4581,,0.012780,-0.047051,0.320233,-0.120081
20,41,490.4540,,0.016573,0.103047,0.291448,-0.105498
20,42,517.2440,,0.054623,0.131600,0.294292,-0.056637
20,43,538.6588,,0.041402,0.043428,0.268593,-0.017580
20,44,527.7161,,-0.020315,0.057996,0.266723,-0.037538
20,45,543.8060,,0.030490,0.205288,0.242303,-0.008193
20,46,531.7549,,-0.022161,0.109884,0.240268,-0.030172
20,47,570.5458,,0.072949,0.105489,0.239020,0.000000
20,48,636.5305,,0.115652,0.456909,0.182195,0.000000
20,49,685.3270,,0.076660,0.400915,0.164056,0.000000
20,50,733.6633,,0.070530,0.583229,0.141394,0.000000
20,51,723.6203,,-0.013689,0.519029,0.150997,-0.013689
20,52,714.0098,,-0.013281,0.479941,0.157532,-0.026788
20,53,801.2141,,0.122133,0.633617,0.178656,0.000000
20,54,840.8845,,0.049513,0.625701,0.178364,0.000000
20,55,813.1943,,-0.032930,0.509664,0.193689,-0.032930
20,56,884.0773,,0.087166,0.675289,0.189188,0.000000
20,57,878.2718,,-0.006567,0.615044,0.195854,-0.006567
20,58,866.0466,,-0.013920,0.628656,0.193055,-0.020396
20,59,962.8375,,0.111762,0.687571,0.203286,0.000000
20,60,908.9511,,-0.055966,0.427976,0.211494,-0.055966
20,61,972.0530,,0.069423,0.418378,0.209937,0.000000
20,62,1040.2340,,0.070141,0.417862,0.209858,0.000000
20,63,939.2621,,-0.097067,0.298003,0.243205,-0.097067
20,64,987.6464,,0.051513,0.383238,0.240932,-0.050554
20,65,1033.0116,,0.045933,0.289307,0.220161,-0.006943
20,66,984.3986,,-0.047059,0.170670,0.228612,-0.053676
20,67,934.3802,,-0.050811,0.149025,0.233369,-0.101759
20,68,938.0396,,0.003916,0.061038,0.219202,-0.098242
20,69,921.7238,,-0.017394,0.049474,0.220186,-0.113927
20,70,907.6036,,-0.015319,0.047985,0.220328,-0.127501
20,71,911.0217,,0.003766,-0.053816,0.187695,-0.124215
20,72,859.9158,,-0.056097,-0.053947,0.187735,-0.173344
21,2,33.1960,,-0.125005,,,0.000000
21,3,32.6806,,-0.015526,,,-0.015526
21,4,35.2328,,0.078095,,,0.000000
21,6,39.1420,,-0.024676,,,-0.024676
21,7,39.5281,,0.009864,,,-0.015055
21,8,35.7117,,-0.096549,,,-0.110151
21,9,33.3180,,-0.067028,,,-0.169796
21,10,30.3660,,-0.088601,,,-0.243353
21,11,36.7240,,0.209379,,,-0.084926
21,12,38.2008,,0.040213,,,-0.048129
21,13,38.0557,,-0.003798,0.003089,0.344658,-0.051744
21,14,38.6139,,0.014668,0.163209,0.314318,-0.037835
21,15,44.5002,,0.152440,0.361670,0.339647,0.000000
21,16,43.8118,,-0.015470,0.243495,0.338155,-0.015470
21,17,45.8507,,0.046538,0.142489,0.315231,0.000000
21,18,45.9374,,0.001891,0.173609,0.312716,0.000000
21,19,47.9916,,0.044717,0.214113,0.313794,0.000000
21,20,51.5118,,0.073350,0.442434,0.290135,0.000000
21,21,47.5057,,-0.077771,0.425825,0.294384,-0.077771
21,22,48.8498,,0.028293,0.608698,0.263211,-0.051678
21,23,48.1869,,-0.013570,0.312134,0.194913,-0.064547
21,24,55.6821,,0.155544,0.457614,0.235156,0.000000
21,25,48.9162,,-0.121509,0.285383,0.280779,-0.121509
21,26,49.2929,,0.007701,0.276557,0.281120,-0.114744
21,27,49.2840,,-0.000181,0.107499,0.243701,-0.114904
21,28,43.2914,,-0.121593,-0.011879,0.277008,-0.222525
21,29,40.0906,,-0.073936,-0.125628,0.282006,-0.280009
21,30,37.9459,,-0.053496,-0.173966,0.285288,-0.318525
21,31,40.3753,,0.064023,-0.158701,0.290139,-0.274895
21,32,40.1551,,-0.005454,-0.220468,0.275448,-0.278850
21,33,35.9169,,-0.105546,-0.243945,0.283347,-0.354965
21,34,40.7926,,0.135749,-0.164938,0.321169,-0.267402
21,35,45.0594,,0.104597,-0.064904,0.341256,-0.190774
21,36,43.1743,,-0.041836,-0.224629,0.296520,-0.224629
21,37,44.1078,,0.021622,-0.098299,0.275624,-0.207864
21,38,44.2318,,0.002811,-0.102675,0.275408,-0.205637
21,39,47.7580,,0.079721,-0.030964,0.288559,-0.142310
21,40,43.1630,,-0.096214,-0.002966,0.277753,-0.224832
21,41,45.7146,,0.059115,0.140281,0.269465,-0.179007
21,42,47.6197,,0.041674,0.254935,0.260200,-0.144793
21,43,47.8958,,0.005798,0.186263,0.256351,-0.139835
21,44,53.1832,,0.110394,0.324443,0.271114,-0.044878
21,45,49.8540,,-0.062599,0.388036,0.250948,-0.104668
21,46,48.3425,,-0.030319,0.185079,0.228610,-0.131813
21,47,45.1890,,-0.065232,0.002876,0.219912,-0.188447
21,48,47.1878,,0.044232,0.092960,0.217997,-0.152550
21,49,46.8702,,-0.006731,0.062628,0.218086,-0.158254
21,50,45.5312,,-0.028568,0.029377,0.220964,-0.182301
21,51,46.9808,,0.031838,-0.016274,0.207932,-0.156267
21,52,44.2228,,-0.058705,0.024553,0.191691,-0.205799
21,53,44.1285,,-0.002132,-0.034695,0.181804,-0.207492
21,54,45.0870,,0.021721,-0.053185,0.177659,-0.190278
21,55,45.9791,,0.019786,-0.040018,0.178991,-0.174257
21,56,48.3734,,0.052074,-0.090438,0.145303,-0.131257
21,57,50.9385,,0.053027,0.021754,0.143071,-0.085190
21,58,52.4221,,0.029125,0.084391,0.140484,-0.058546
21,59,57.1048,,0.089327,0.263689,0.138150,0.000000
21,60,57.0952,,-0.000168,0.209958,0.136929,-0.000168
21,61,58.4454,,0.023648,0.246964,0.134605,0.000000
21,62,62.2519,,0.065129,0.367237,0.130853,0.000000
21,63,59.9215,,-0.037435,0.275447,0.145597,-0.037435
21,64,56.0568,,-0.064496,0.267600,0.149140,-0.099517
21,65,61.6216,,0.099271,0.396413,0.165685,-0.010125
21,66,67.8190,,0.100572,0.504181,0.179927,0.000000
21,67,66.5482,,-0.018738,0.447358,0.187632,-0.018738
21,68,67.9416,,0.020938,0.404524,0.186690,0.000000
21,69,67.2828,,-0.009697,0.320863,0.188781,-0.009697
21,70,71.8948,,0.068546,0.371459,0.193817,0.000000
21,71,76.1180,,0.058741,0.332951,0.185508,0.000000
21,72,76.2071,,0.001171,0.334736,0.185310,0.000000
22,2,109.9705,,-0.047495,,,0.000000
22,3,102.7123,,-0.066001,,,-0.066001
22,4,103.0133,,0.002931,,,-0.063263
22,5,107.3088,,0.041698,,,-0.024203
22,6,112.9989,,0.053025,,,0.000000
22,7,118.6980,,0.050435,,,0.000000
22,8,128.0736,,0.078987,,,0.000000
22,9,134.2294,,0.048065,,,0.000000
22,10,141.3390,,0.052966,,,0.000000
22,11,157.1786,,0.112068,,,0.000000
22,12,164.8116,,0.048563,,,0.000000
22,13,165.5541,,0.004505,0.433941,0.174741,0.000000
22,14,196.5105,,0.186987,0.786940,0.212198,0.000000
22,15,211.0658,,0.074069,1.054923,0.169807,0.000000
22,16,207.6432,,-0.016216,1.015693,0.178058,-0.016216
22,17,220.4414,,0.061636,1.054273,0.176779,0.000000
22,18,198.9990,,-0.097270,0.761073,0.238926,-0.097270
22,19,189.0504,,-0.049993,0.592704,0.259160,-0.142400
22,20,193.8524,,0.025401,0.513605,0.256348,-0.120616
22,21,176.4777,,-0.089629,0.314749,0.285516,-0.199435
22,22,187.5460,,0.062718,0.326925,0.286682,-0.149225
22,23,178.7278,,-0.047019,0.137102,0.279168,-0.189227
22,24,191.1051,,0.069252,0.159538,0.282734,-0.133080
22,25,186.3169,,-0.025055,0.125415,0.285505,-0.154800
22,26,174.2355,,-0.064843,-0.113352,0.221999,-0.209606
22,27,206.9685,,0.187866,-0.019412,0.287454,-0.061117
22,28,195.5621,,-0.055112,-0.058181,0.292639,-0.112861
22,29,201.4559,,0.030138,-0.086125,0.286824,-0.086125
22,30,166.8392,,-0.171833,-0.161608,0.320820,-0.243158
22,31,185.0295,,0.109029,-0.021269,0.338485,-0.160641
22,32,173.5932,,-0.061808,-0.104509,0.343271,-0.212520
22,33,154.2048,,-0.111689,-0.126209,0.349871,-0.300473
22,34,203.4323,,0.319235,0.084706,0.476410,-0.077159
22,35,223.6683,,0.099473,0.251446,0.478177,0.000000
22,36,226.6485,,0.013324,0.185989,0.476059,0.000000
22,37,238.6923,,0.053139,0.281109,0.473974,0.000000
22,38,227.7199,,-0.045969,0.306965,0.470262,-0.045969
22,39,217.5388,,-0.044709,0.051072,0.442013,-0.088623
22,40,207.9946,,-0.043874,0.063572,0.440316,-0.128609
22,41,196.6508,,-0.054539,-0.023853,0.444640,-0.176133
22,42,235.1685,,0.195869,0.409552,0.437102,-0.014763
22,43,253.4430,,0.077708,0.369743,0.432462,0.000000
22,44,270.0278,,0.065438,0.555520,0.420583,0.000000
22,45,262.2188,,-0.028919,0.700458,0.394581,-0.028919
22,46,217.1229,,-0.171978,0.067298,0.330131,-0.195924
22,47,242.0630,,0.114866,0.082241,0.335026,-0.103563
22,48,285.4610,,0.179284,0.259488,0.375068,0.000000
22,49,289.9407,,0.015693,0.214705,0.373838,0.000000
22,50,323.9227,,0.117203,0.422461,0.377272,0.000000
22,51,355.4167,,0.097227,0.633808,0.371137,0.000000
22,52,324.5143,,-0.086947,0.560206,0.384887,-0.086947
22,53,329.5425,,0.015495,0.675777,0.371586,-0.072799
22,54,324.2663,,-0.016011,0.378868,0.339393,-0.087645
22,55,337.0189,,0.039328,0.329763,0.335855,-0.051764
22,56,348.0681,,0.032785,0.289009,0.333505,-0.020676
22,57,382.2982,,0.098343,0.457936,0.335058,0.000000
22,58,367.7147,,-0.038147,0.693579,0.263375,-0.038147
22,59,398.3763,,0.083384,0.645755,0.256369,0.000000
22,60,355.8518,,-0.106745,0.246586,0.252216,-0.106745
22,61,364.3665,,0.023928,0.256693,0.252163,-0.085371
22,62,338.6369,,-0.070615,0.045425,0.244350,-0.149958
22,63,324.7055,,-0.041140,-0.086410,0.226523,-0.184928
22,64,304.4926,,-0.062250,-0.061698,0.218026,-0.235667
22,65,344.3037,,0.130746,0.044792,0.256100,-0.135733
22,66,384.0535,,0.115450,0.184376,0.276618,-0.035954
22,67,433.3302,,0.128307,0.285773,0.297913,0.000000
22,68,416.0721,,-0.039827,0.195374,0.304487,-0.039827
22,69,473.7705,,0.138674,0.239268,0.318385,0.000000
22,70,573.1714,,0.209808,0.558738,0.361127,0.000000
22,71,573.3246,,0.000267,0.439152,0.360420,0.000000
22,72,570.4468,,-0.005019,0.603046,0.329649,-0.005019
23,2,280.1055,,-0.080087,,,0.000000
23,3,233.1172,,-0.167752,,,-0.167752
23,4,265.3595,,0.138309,,,-0.052645
23,5,290.8225,,0.095957,,,0.000000
23,6,285.8062,,-0.017249,,,-0.017249
23,7,298.2070,,0.043389,,,0.000000
23,8,346.6677,,0.162507,,,0.000000
23,9,327.2917,,-0.055892,,,-0.055892
23,10,279.3550,,-0.146465,,,-0.194171
23,11,326.0644,,0.167204,,,-0.059433
23,12,345.8602,,0.060711,,,-0.002330
23,13,306.4721,,-0.113884,0.006505,0.417841,-0.115949
23,14,343.3007,,0.120170,0.225612,0.420171,-0.009712
23,15,345.4352,,0.006218,0.481810,0.366138,-0.003555
23,16,370.6697,,0.073051,0.396859,0.352268,0.000000
23,17,350.2453,,-0.055101,0.204327,0.355181,-0.055101
23,18,354.6262,,0.012508,0.240793,0.352981,-0.043282
23,19,374.8786,,0.057109,0.257109,0.354116,0.000000
23,20,336.7030,,-0.101835,-0.028744,0.339703,-0.101835
23,21,338.1130,,0.004188,0.033063,0.333798,-0.098073
23,22,326.2876,,-0.034975,0.168003,0.294149,-0.129618
23,23,306.6414,,-0.060211,-0.059567,0.251706,-0.182025
23,24,349.8742,,0.140988,0.011607,0.284432,-0.066700
23,25,376.2228,,0.075309,0.227593,0.260820,0.000000
23,26,351.7958,,-0.064927,0.024745,0.248491,-0.064927
23,27,348.4418,,-0.009534,0.008703,0.248861,-0.073842
23,28,354.2917,,0.016789,-0.044185,0.237706,-0.058293
23,29,349.4038,,-0.013796,-0.002402,0.231068,-0.071285
23,30,308.0167,,-0.118451,-0.131433,0.259776,-0.181292
23,31,345.4204,,0.121434,-0.078581,0.284456,-0.081873
23,32,317.1817,,-0.081752,-0.057978,0.277526,-0.156932
23,33,278.0388,,-0.123408,-0.177675,0.302584,-0.260973
23,34,320.9073,,0.154182,-0.016489,0.343728,-0.147028
23,35,349.0642,,0.087742,0.138348,0.345857,-0.072187
23,36,340.5727,,-0.024326,-0.026584,0.318813,-0.094757
23,37,362.9719,,0.065769,-0.035220,0.316541,-0.035220
23,38,348.5418,,-0.039755,-0.009248,0.311804,-0.073575
23,39,356.5075,,0.022854,0.023149,0.312076,-0.052402
23,40,372.8120,,0.045734,0.052275,0.314540,-0.009065
23,41,358.6487,,-0.037990,0.026460,0.317289,-0.046710
23,42,386.4352,,0.077476,0.254594,0.293017,0.000000
23,43,387.3981,,0.002492,0.121529,0.272557,0.000000
23,44,406.0239,,0.048079,0.280102,0.253906,0.000000
23,45,389.5622,,-0.040544,0.401110,0.211712,-0.040544
23,46,370.3157,,-0.049405,0.153967,0.176558,-0.087946
23,47,407.7851,,0.101182,0.168225,0.183139,0.000000
23,48,420.2799,,0.030641,0.234040,0.178687,0.000000
23,49,442.6680,,0.053269,0.219566,0.175518,0.000000
23,50,468.5625,,0.058496,0.344351,0.167673,0.000000
23,51,475.2835,,0.014344,0.333166,0.168064,0.000000
23,52,445.3100,,-0.063064,0.194464,0.187711,-0.063064
23,53,441.8451,,-0.007781,0.231972,0.180480,-0.070354
23,54,436.0042,,-0.013219,0.128273,0.170825,-0.082643
23,55,458.2906,,0.051115,0.182996,0.174988,-0.035753
23,56,478.3987,,0.043876,0.178252,0.174176,0.000000
23,57,488.7518,,0.021641,0.254618,0.163342,0.000000
23,58,494.4826,,0.011725,0.335299,0.145425,0.000000
23,59,528.1929,,0.068173,0.295272,0.129479,0.000000
23,60,521.8797,,-0.011952,0.241743,0.133478,-0.011952
23,61,550.4827,,0.054808,0.243557,0.133919,0.000000
23,62,572.0186,,0.039122,0.220796,0.128999,0.000000
23,63,544.0384,,-0.048915,0.144662,0.145134,-0.048915
23,64,543.9790,,-0.000109,0.221574,0.121241,-0.049019
23,65,582.1613,,0.070191,0.317570,0.128451,0.000000
23,66,558.6402,,-0.040403,0.281273,0.139422,-0.040403
23,67,563.1436,,0.008061,0.228792,0.136089,-0.032668
23,68,592.5951,,0.052298,0.238706,0.138080,0.000000
23,69,566.2349,,-0.044483,0.158532,0.151714,-0.044483
23,70,549.4911,,-0.029570,0.111245,0.157658,-0.072738
23,71,548.7613,,-0.001328,0.038942,0.144327,-0.073969
23,72,569.0459,,0.036964,0.090377,0.146707,-0.039739
24,2,27.3008,,-0.016028,,,0.000000
24,3,22.3296,,-0.182090,,,-0.182090
24,4,23.8938,,0.070051,,,-0.124795
24,5,25.6150,,0.072035,,,-0.061749
24,6,30.2753,,0.181936,,,0.000000
24,7,35.4415,,0.170641,,,0.000000
24,8,31.6057,,-0.108229,,,-0.108229
24,9,31.1744,,-0.013646,,,-0.120398
24,10,32.2697,,0.035135,,,-0.089493
24,11,42.7011,,0.323257,,,0.000000
24,12,44.5510,,0.043322,,,0.000000
24,13,45.7698,,0.027357,0.649630,0.461942,0.000000
24,14,53.6423,,0.172002,0.964862,0.470670,0.000000
24,15,56.2951,,0.049454,1.521100,0.387067,0.000000
24,16,58.8218,,0.044883,1.461802,0.388960,0.000000
24,17,61.6091,,0.047385,1.405196,0.390509,0.000000
24,18,61.6897,,0.001308,1.037625,0.381306,0.000000
24,19,60.5508,,-0.018462,0.708471,0.371497,-0.018462
24,20,57.4549,,-0.051129,0.817864,0.348596,-0.068647
24,21,54.0664,,-0.058977,0.734319,0.361069,-0.123575
24,22,53.6678,,-0.007372,0.663100,0.365617,-0.130036
24,23,64.7409,,0.206327,0.516140,0.277600,0.000000
24,24,68.4834,,0.057807,0.537189,0.278280,0.000000
24,25,56.3003,,-0.177899,0.230074,0.353384,-0.177899
24,26,53.5737,,-0.048430,-0.001280,0.318404,-0.217713
24,27,51.3080,,-0.042291,-0.088590,0.317251,-0.250797
24,28,44.5935,,-0.130867,-0.241890,0.335900,-0.348843
24,29,49.7895,,0.116519,-0.191850,0.357146,-0.272971
24,30,40.8011,,-0.180528,-0.338609,0.393732,-0.404220
24,31,48.0819,,0.178446,-0.205926,0.444827,-0.297905
24,32,42.0682,,-0.125072,-0.267806,0.457959,-0.385718
24,33,35.1601,,-0.164212,-0.349687,0.479874,-0.486590
24,34,39.0360,,0.110236,-0.272638,0.499009,-0.429994
24,35,45.5552,,0.167005,-0.296347,0.481067,-0.334800
24,36,40.5327,,-0.110251,-0.408139,0.480792,-0.408139
24,37,48.4083,,0.194302,-0.140178,0.502785,-0.293139
24,38,47.0445,,-0.028173,-0.121874,0.501191,-0.313054
24,39,51.3142,,0.090759,0.000120,0.506930,-0.250707
24,40,50.9136,,-0.007807,0.141726,0.484088,-0.256557
24,41,59.9115,,0.176729,0.203296,0.500632,-0.125169
24,42,62.4530,,0.042421,0.530669,0.447554,-0.088058
24,43,69.9927,,0.120726,0.455697,0.432050,0.000000
24,44,68.4253,,-0.022394,0.626532,0.400597,-0.022394
24,45,61.0577,,-0.107674,0.736561,0.370899,-0.127657
24,46,57.4755,,-0.058669,0.472371,0.380383,-0.178836
24,47,69.9532,,0.217096,0.535569,0.401610,-0.000565
24,48,76.5330,,0.094060,0.888178,0.367492,0.000000
24,49,80.8479,,0.056380,0.670125,0.336812,0.000000
24,50,91.9271,,0.137038,0.954047,0.336684,0.000000
24,51,95.1918,,0.035514,0.855078,0.335989,0.000000
24,52,87.8205,,-0.077436,0.724894,0.357176,-0.077436
24,53,91.5546,,0.042520,0.528165,0.329870,-0.038209
24,54,104.5556,,0.142003,0.674150,0.345347,0.000000
24,55,90.6240,,-0.133246,0.294765,0.378964,-0.133246
24,56,80.7642,,-0.108799,0.180328,0.400512,-0.227548
24,57,80.2792,,-0.006005,0.314811,0.377422,-0.232187
24,58,73.3618,,-0.086167,0.276403,0.385261,-0.298347
24,59,72.8981,,-0.006321,0.042099,0.324391,-0.302782
24,60,71.2700,,-0.022334,-0.068767,0.311103,-0.318354
24,61,80.2184,,0.125556,-0.007786,0.332291,-0.232769
24,62,75.9526,,-0.053177,-0.173773,0.301977,-0.273568
24,63,71.9540,,-0.052646,-0.244115,0.299601,-0.311812
24,64,71.1487,,-0.011192,-0.189840,0.292917,-0.319514
24,65,80.2024,,0.127250,-0.123994,0.321645,-0.232922
24,66,96.6320,,0.204852,-0.075784,0.357561,-0.075784
24,67,94.3844,,-0.023259,0.041494,0.329267,-0.097281
24,68,99.6689,,0.055989,0.234072,0.306309,-0.046738
24,69,133.2568,,0.336995,0.659916,0.437299,0.000000
24,70,157.0131,,0.178275,1.140257,0.427564,0.000000
24,71,155.5572,,-0.009272,1.133901,0.428161,-0.009272
24,72,170.6941,,0.097308,1.395038,0.416128,0.000000
25,2,66.6388,,0.072179,,,0.000000
25,3,59.2371,,-0.111072,,,-0.111072
25,4,63.9098,,0.078881,,,-0.040952
25,5,73.1247,,0.144186,,,0.000000
25,6,77.4726,,0.059459,,,0.000000
25,7,74.8923,,-0.033306,,,-0.033306
25,8,76.4932,,0.021376,,,-0.012642
25,9,69.9597,,-0.085413,,,-0.096975
25,10,67.9709,,-0.028428,,,-0.122646
25,11,84.6674,,0.245642,,,0.000000
25,12,86.7481,,0.024575,,,0.000000
25,13,82.9673,,-0.043584,0.334894,0.347538,-0.043584
25,14,88.2459,,0.063623,0.324241,0.346474,0.000000
25,15,88.6391,,0.004456,0.496344,0.313589,0.000000
25,16,91.3256,,0.030308,0.428976,0.310362,0.000000
25,17,93.8454,,0.027591,0.283361,0.285973,0.000000
25,18,93.3811,,-0.004947,0.205343,0.284475,-0.004947
25,19,96.4153,,0.032493,0.287386,0.278962,0.000000
25,20,101.2456,,0.050099,0.323590,0.280146,0.000000
25,21,90.4236,,-0.106889,0.292510,0.290139,-0.106889
25,22,96.1238,,0.063039,0.414191,0.286302,-0.050588
25,23,97.8067,,0.017508,0.155188,0.166655,-0.033966
25,24,114.8771,,0.174532,0.324261,0.232349,0.000000
25,25,116.1412,,0.011004,0.399844,0.220717,0.000000
25,26,126.6731,,0.090682,0.435457,0.226758,0.000000
25,27,138.9658,,0.097043,0.567772,0.233085,0.000000
25,28,125.9101,,-0.093949,0.378696,0.269168,-0.093949
25,29,127.4038,,0.011863,0.357594,0.269771,-0.083201
25,30,132.4094,,0.039289,0.417947,0.267397,-0.047180
25,31,124.0668,,-0.063006,0.286796,0.283841,-0.107214
25,32,117.3303,,-0.054297,0.158869,0.292542,-0.155689
25,33,117.1121,,-0.001860,0.295151,0.261821,-0.157260
25,34,127.7492,,0.090828,0.329007,0.267713,-0.080715
25,35,142.0774,,0.112159,0.452635,0.280613,0.000000
25,36,142.4564,,0.002668,0.240077,0.236181,0.000000
25,37,130.2391,,-0.085762,0.121386,0.259011,-0.085762
25,38,136.9498,,0.051526,0.081128,0.248817,-0.038655
25,39,141.8173,,0.035542,0.020519,0.232081,-0.004487
25,40,134.4760,,-0.051766,0.068031,0.215984,-0.056021
25,41,123.8947,,-0.078685,-0.027543,0.232250,-0.130298
25,42,120.9940,,-0.023413,-0.086213,0.229037,-0.150660
25,43,134.3301,,0.110221,0.082724,0.246442,-0.057045
25,44,133.4403,,-0.006624,0.137304,0.237549,-0.063291
25,45,135.3471,,0.014290,0.155705,0.237003,-0.049905
25,46,128.1920,,-0.052865,0.003466,0.229803,-0.100132
25,47,130.5849,,0.018667,-0.080889,0.197827,-0.083334
25,48,142.1219,,0.088349,-0.002348,0.219105,-0.002348
25,49,150.7701,,0.060851,0.157642,0.203836,0.000000
25,50,162.9968,,0.081095,0.190195,0.211789,0.000000
25,51,168.5982,,0.034365,0.188842,0.211676,0.000000
25,52,150.5811,,-0.106864,0.119763,0.236672,-0.106864
25,53,150.6790,,0.000650,0.216187,0.216049,-0.106283
25,54,160.2857,,0.063756,0.324742,0.215305,-0.049304
25,55,173.1819,,0.080458,0.289228,0.204304,0.000000
25,56,185.1372,,0.069033,0.387418,0.206331,0.000000
25,57,186.2406,,0.005960,0.376024,0.207159,0.000000
25,58,192.2670,,0.032358,0.499838,0.187153,0.000000
25,59,173.8964,,-0.095547,0.331675,0.228738,-0.095547
25,60,168.9247,,-0.028590,0.188591,0.223921,-0.121405
25,61,174.8185,,0.034890,0.159504,0.219773,-0.090751
25,62,200.5814,,0.147369,0.230585,0.249702,0.000000
25,63,201.0516,,0.002344,0.192489,0.249721,0.000000
25,64,187.2144,,-0.068824,0.243279,0.231332,-0.068824
25,65,180.2382,,-0.037263,0.196173,0.237864,-0.103522
25,66,179.7636,,-0.002633,0.121520,0.232890,-0.105883
25,67,183.0564,,0.018317,0.057018,0.220833,-0.089505
25,68,205.5217,,0.122723,0.110104,0.242860,0.000000
25,69,226.1716,,0.100476,0.214405,0.258632,0.000000
25,70,212.9846,,-0.058305,0.107755,0.269125,-0.058305
25,71,224.0241,,0.051832,0.288261,0.244559,-0.009495
25,72,224.8013,,0.003469,0.330777,0.239147,-0.006059
26,2,36.9030,,0.069373,,,0.000000
26,3,37.5500,,0.017532,,,0.000000
26,4,41.9850,,0.118109,,,0.000000
26,5,41.9730,,-0.000286,,,-0.000286
26,6,45.5040,,0.084126,,,0.000000
26,7,48.8880,,0.074367,,,0.000000
26,8,52.9560,,0.083211,,,0.000000
26,9,50.0030,,-0.055763,,,-0.055763
26,10,47.5740,,-0.048577,,,-0.101631
26,11,49.0700,,0.031446,,,-0.073381
26,12,54.0730,,0.101956,,,0.000000
26,13,53.2390,,-0.015424,0.542756,0.203748,-0.015424
26,14,53.8850,,0.012134,0.460179,0.202272,-0.003477
26,15,52.1660,,-0.031901,0.389242,0.212337,-0.035267
26,16,51.3470,,-0.015700,0.222985,0.192635,-0.050414
26,17,50.2810,,-0.020761,0.197937,0.195851,-0.070128
26,18,52.8210,,0.050516,0.160799,0.185836,-0.023154
26,19,51.7570,,-0.020144,0.058685,0.176001,-0.042832
26,20,56.9190,,0.099735,0.074835,0.184489,0.000000
26,21,61.0340,,0.072296,0.220605,0.181156,0.000000
26,22,69.0310,,0.131025,0.451021,0.197482,0.000000
26,23,64.1900,,-0.070128,0.308129,0.222813,-0.070128
26,24,60.2440,,-0.061474,0.114122,0.220736,-0.127291
26,25,42.7140,,-0.290983,-0.197694,0.374770,-0.381234
26,27,37.4590,,-0.050517,-0.281927,0.380070,-0.457359
26,28,19.0360,,-0.491818,-0.629268,0.604642,-0.724240
26,29,19.7440,,0.037193,-0.607327,0.611558,-0.713983
26,30,17.4870,,-0.114313,-0.668939,0.602417,-0.746679
26,31,22.4900,,0.286098,-0.565469,0.699822,-0.674204
26,32,22.3560,,-0.005958,-0.607231,0.683924,-0.676145
26,33,23.5440,,0.053140,-0.614248,0.680358,-0.658936
26,34,29.1880,,0.239721,-0.577175,0.720209,-0.577175
26,35,30.5530,,0.046766,-0.524022,0.725308,-0.557402
26,36,29.4880,,-0.034857,-0.510523,0.724765,-0.572829
26,37,35.3860,,0.200014,-0.171559,0.700371,-0.487389
26,38,32.2130,,-0.089668,-0.183488,0.702231,-0.533354
26,39,34.5480,,0.072486,-0.077711,0.702144,-0.499529
26,40,32.9930,,-0.045010,0.733192,0.443894,-0.522055
26,41,39.5230,,0.197921,1.001775,0.465888,-0.427459
26,42,44.0490,,0.114516,1.518960,0.422840,-0.361894
26,43,43.8970,,-0.003451,0.951847,0.369309,-0.364096
26,44,43.3680,,-0.012051,0.939883,0.370582,-0.371760
26,45,37.7600,,-0.129312,0.603807,0.417131,-0.452999
26,46,41.1690,,0.090281,0.410479,0.365111,-0.403615
26,47,47.3970,,0.151279,0.551306,0.383597,-0.313394
26,48,48.6880,,0.027238,0.651113,0.374831,-0.294693
26,49,56.4110,,0.158622,0.594162,0.358427,-0.182815
26,50,60.2920,,0.068799,0.871667,0.327455,-0.126594
26,51,60.7330,,0.007314,0.757931,0.330694,-0.120206
26,52,55.0640,,-0.093343,0.668960,0.349204,-0.202328
26,53,64.1620,,0.165226,0.623409,0.335155,-0.070532
26,54,67.4880,,0.051838,0.532112,0.326817,-0.022350
26,55,62.8350,,-0.068946,0.431419,0.342545,-0.089756
26,56,70.1350,,0.116177,0.617206,0.347400,0.000000
26,57,70.9270,,0.011293,0.878364,0.294703,0.000000
26,58,75.6030,,0.065927,0.836406,0.292716,0.000000
26,59,88.6810,,0.172983,0.871026,0.301177,0.000000
26,60,89.1320,,0.005086,0.830678,0.304357,0.000000
26,61,97.6760,,0.095858,0.731508,0.287043,0.000000
26,62,98.0560,,0.003890,0.626352,0.289695,0.000000
26,63,93.2530,,-0.048982,0.535460,0.302742,-0.048982
26,64,113.1720,,0.213602,1.055284,0.311023,0.000000
26,65,120.7230,,0.066721,0.881536,0.291494,0.000000
26,66,133.9130,,0.109258,0.984249,0.295980,0.000000
26,67,115.9400,,-0.134214,0.845151,0.332412,-0.134214
26,68,120.8250,,0.042134,0.722750,0.326089,-0.097735
26,69,119.8920,,-0.007722,0.690358,0.329111,-0.104702
26,70,111.8860,,-0.066777,0.479915,0.347764,-0.164488
26,71,107.5800,,-0.038486,0.213111,0.321278,-0.196643
26,72,93.7600,,-0.128463,0.051921,0.354132,-0.299845
27,2,229.4178,,-0.064195,,,0.000000
27,3,224.3967,,-0.021886,,,-0.021886
27,4,264.3098,,0.177868,,,0.000000
27,5,275.4979,,0.042329,,,0.000000
27,6,266.5511,,-0.032475,,,-0.032475
27,7,274.8057,,0.030968,,,-0.002513
27,8,283.6729,,0.032267,,,0.000000
27,9,282.9651,,-0.002495,,,-0.002495
27,10,278.0888,,-0.017233,,,-0.019685
27,11,306.5229,,0.102248,,,0.000000
27,12,319.5916,,0.042635,,,0.000000
27,13,305.1012,,-0.045340,0.244519,0.235238,-0.045340
27,14,303.8573,,-0.004077,0.324470,0.218760,-0.049232
27,15,340.3053,,0.119951,0.516532,0.230955,0.000000
27,16,366.0491,,0.075649,0.384923,0.180060,0.000000
27,17,378.0916,,0.032899,0.372393,0.179527,0.000000
27,18,367.5544,,-0.027869,0.378927,0.177889,-0.027869
27,19,379.7528,,0.033188,0.381896,0.177939,0.000000
27,20,383.4838,,0.009825,0.351853,0.178831,0.000000
27,21,359.9646,,-0.061330,0.272118,0.197937,-0.061330
27,22,425.6915,,0.182593,0.530777,0.249259,0.000000
27,23,410.6689,,-0.035290,0.339768,0.248749,-0.035290
27,24,464.2143,,0.130386,0.452526,0.269423,0.000000
27,25,438.3025,,-0.055819,0.436582,0.272978,-0.055819
27,26,441.3632,,0.006983,0.452536,0.271545,-0.049226
27,27,472.9905,,0.071658,0.389902,0.258921,0.000000
27,28,473.0693,,0.000167,0.292368,0.255459,0.000000
27,29,462.1205,,-0.023144,0.222246,0.259434,-0.023144
27,30,477.7948,,0.033918,0.299930,0.254495,0.000000
27,31,506.3011,,0.059662,0.333239,0.256855,0.000000
27,32,484.8201,,-0.042427,0.264252,0.265746,-0.042427
27,33,471.4795,,-0.027517,0.309794,0.256117,-0.068777
27,34,519.8859,,0.102669,0.221273,0.210998,0.000000
27,35,512.9653,,-0.013312,0.249096,0.205977,-0.013312
27,36,496.5020,,-0.032094,0.069553,0.172597,-0.044979
27,37,468.9217,,-0.055549,0.069859,0.172490,-0.098029
27,38,447.0814,,-0.046576,0.012955,0.180539,-0.140039
27,39,443.9345,,-0.007039,-0.061431,0.163941,-0.146093
27,40,463.8986,,0.044971,-0.019386,0.171224,-0.107692
27,41,459.3264,,-0.009856,-0.006047,0.169820,-0.116486
27,42,453.1046,,-0.013545,-0.051675,0.166248,-0.128453
27,43,479.3200,,0.057857,-0.053291,0.165509,-0.078028
27,44,451.1214,,-0.058830,-0.069508,0.170453,-0.132268
27,45,477.2565,,0.057934,0.012254,0.179275,-0.081997
27,46,508.9243,,0.066354,-0.021084,0.159686,-0.021084
27,47,525.4684,,0.032508,0.024376,0.162323,0.000000
27,48,500.2863,,-0.047923,0.007623,0.166769,-0.047923
27,49,487.9479,,-0.024663,0.040575,0.157824,-0.071404
27,50,470.6512,,-0.035448,0.052720,0.154266,-0.104321
27,51,471.7001,,0.002229,0.062546,0.153741,-0.102324
27,52,463.0297,,-0.018381,-0.001872,0.149193,-0.118825
27,53,474.2010,,0.024127,0.032385,0.150438,-0.097565
27,54,487.4974,,0.028040,0.075907,0.151039,-0.072260
27,55,553.8782,,0.136166,0.155552,0.194003,0.000000
27,56,567.3753,,0.024368,0.257701,0.177279,0.000000
27,57,562.0688,,-0.009353,0.177708,0.174503,-0.009353
27,58,544.5934,,-0.031091,0.070088,0.170275,-0.040153
27,59,588.6819,,0.080957,0.120300,0.184573,0.000000
27,60,488.0214,,-0.170993,-0.024515,0.254890,-0.170993
27,61,525.3671,,0.076525,0.076688,0.263919,-0.107553
27,62,459.9685,,-0.124482,-0.022697,0.293600,-0.218647
27,63,507.2184,,0.102724,0.075299,0.310577,-0.138383
27,64,400.1563,,-0.211077,-0.135787,0.381409,-0.320251
27,65,293.6301,,-0.266211,-0.380790,0.458884,-0.501207
27,66,303.4142,,0.033321,-0.377609,0.459647,-0.484587
27,67,244.4388,,-0.194373,-0.558678,0.448049,-0.584769
27,68,303.5112,,0.241665,-0.465061,0.535506,-0.484423
27,69,338.2141,,0.114338,-0.398269,0.556926,-0.425473
27,70,336.6615,,-0.004591,-0.381812,0.557450,-0.428110
27,71,325.0406,,-0.034518,-0.447851,0.544907,-0.447851
27,72,325.3758,,0.001031,-0.333277,0.525383,-0.447282
28,2,70.0896,,-0.128803,,,0.000000
28,3,55.0466,,-0.214625,,,-0.214625
28,5,69.6629,,-0.003261,,,-0.006088
28,6,68.7817,,-0.012649,,,-0.018660
28,7,64.7039,,-0.059286,,,-0.076840
28,8,64.6963,,-0.000117,,,-0.076948
28,9,56.3003,,-0.129776,,,-0.196738
28,10,54.3454,,-0.034723,,,-0.224629
28,11,68.1703,,0.254390,,,-0.027383
28,12,67.0072,,-0.017062,,,-0.043978
28,13,67.6023,,0.008881,-0.159719,0.491912,-0.035487
28,14,79.3454,,0.173709,0.132057,0.502178,0.000000
28,15,84.3214,,0.062713,0.531819,0.432865,0.000000
28,16,82.9374,,-0.016413,0.186672,0.357144,-0.016413
28,17,83.5167,,0.006985,0.198870,0.356598,-0.009543
28,18,85.3128,,0.021506,0.240342,0.354847,0.000000
28,19,82.9263,,-0.027974,0.281628,0.348289,-0.027974
28,20,78.8211,,-0.049504,0.218324,0.355626,-0.076093
28,21,83.7471,,0.062496,0.487508,0.316483,-0.018353
28,22,94.5117,,0.128537,0.739094,0.318179,0.000000
28,23,93.1744,,-0.014150,0.366789,0.232383,-0.014150
28,24,97.9922,,0.051707,0.462413,0.227867,0.000000
28,25,109.6661,,0.119131,0.622224,0.240886,0.000000
28,26,120.2461,,0.096475,0.515477,0.204949,0.000000
28,27,137.3976,,0.142637,0.629452,0.230026,0.000000
28,28,132.1997,,-0.037831,0.593970,0.236998,-0.037831
28,29,147.3798,,0.114827,0.764674,0.244208,0.000000
28,30,123.1718,,-0.164256,0.443766,0.325513,-0.164256
28,31,139.3360,,0.131233,0.680239,0.330712,-0.054579
28,32,134.4698,,-0.034924,0.706013,0.326293,-0.087597
28,33,123.3381,,-0.082782,0.472745,0.351430,-0.163127
28,34,155.2993,,0.259135,0.643176,0.408026,0.000000
28,35,157.3683,,0.013323,0.688967,0.404337,0.000000
28,36,155.2808,,-0.013265,0.584627,0.409353,-0.013265
28,37,150.5486,,-0.030475,0.372793,0.407254,-0.043336
28,38,139.0857,,-0.076141,0.156677,0.414351,-0.116177
28,39,142.4012,,0.023838,0.036418,0.391934,-0.095109
28,40,147.1316,,0.033219,0.112951,0.389191,-0.065049
28,41,131.4566,,-0.106537,-0.108041,0.389878,-0.164656
28,42,138.6752,,0.054912,0.125869,0.351274,-0.118785
28,43,144.2363,,0.040102,0.035170,0.329313,-0.083447
28,44,141.9801,,-0.015642,0.055853,0.327212,-0.097784
28,45,150.0358,,0.056738,0.216461,0.314333,-0.046594
28,46,129.6686,,-0.135749,-0.165040,0.220571,-0.176018
28,47,127.7734,,-0.014616,-0.188061,0.218698,-0.188061
28,48,134.1118,,0.049607,-0.136327,0.228169,-0.147783
28,49,132.5563,,-0.011599,-0.119511,0.227105,-0.157668
28,50,136.6743,,0.031066,-0.017337,0.217361,-0.131500
28,51,143.3738,,0.049018,0.006830,0.221732,-0.088928
28,52,146.5823,,0.022379,-0.003733,0.220357,-0.068539
28,53,147.5185,,0.006387,0.122184,0.186162,-0.062590
28,54,143.6096,,-0.026498,0.035583,0.183011,-0.087429
28,55,147.3280,,0.025892,0.021435,0.180511,-0.063801
28,56,135.8333,,-0.078021,-0.043294,0.197544,-0.136844
28,57,136.7223,,0.006545,-0.088736,0.187344,-0.131195
28,58,138.1613,,0.010525,0.065495,0.123210,-0.122051
28,59,150.3323,,0.088093,0.176554,0.145377,-0.044710
28,60,135.8380,,-0.096415,0.012871,0.176793,-0.136814
28,61,139.9176,,0.030033,0.055534,0.178125,-0.110890
28,62,148.7615,,0.063208,0.088439,0.185841,-0.054691
28,63,158.6329,,0.066357,0.106429,0.190717,0.000000
28,64,129.0190,,-0.186682,-0.119819,0.272719,-0.186682
28,65,129.6259,,0.004704,-0.121290,0.272630,-0.182856
28,66,137.4339,,0.060235,-0.043003,0.279804,-0.133635
28,67,145.5442,,0.059012,-0.012107,0.285116,-0.082510
28,68,154.1440,,0.059087,0.134803,0.275794,-0.028298
28,69,150.7067,,-0.022299,0.102284,0.278112,-0.049966
28,70,153.0650,,0.015648,0.107872,0.278143,-0.035100
28,71,146.6695,,-0.041783,-0.024365,0.269440,-0.075416
28,72,149.5636,,0.019732,0.101043,0.247833,-0.057172
29,2,54.8491,,0.002242,,,0.000000
29,3,43.3776,,-0.209147,,,-0.209147
29,4,47.0318,,0.084242,,,-0.142524
29,5,53.1853,,0.130837,,,-0.030334
29,6,57.4556,,0.080291,,,0.000000
29,7,61.1434,,0.064185,,,0.000000
29,8,58.5486,,-0.042438,,,-0.042438
29,9,56.6929,,-0.031695,,,-0.072788
29,10,56.4831,,-0.003701,,,-0.076220
29,11,78.6548,,0.392537,,,0.000000
29,12,82.5418,,0.049418,,,0.000000
29,13,92.4698,,0.120278,0.689672,0.488251,0.000000
29,14,113.0431,,0.222487,1.060981,0.512312,0.000000
29,15,128.0246,,0.132529,1.951396,0.412353,0.000000
29,16,127.1717,,-0.006662,1.703948,0.425919,-0.006662
29,17,132.3655,,0.040841,1.488758,0.426552,0.000000
29,18,136.6959,,0.032715,1.379154,0.429747,0.000000
29,19,134.3248,,-0.017346,1.196878,0.440793,-0.017346
29,20,129.7171,,-0.034303,1.215542,0.438516,-0.051054
29,21,123.7995,,-0.045619,1.183683,0.442407,-0.094344
29,22,131.4162,,0.061524,1.326643,0.434716,-0.038624
29,23,141.5525,,0.077131,0.799664,0.269665,0.000000
29,24,151.5772,,0.070820,0.836367,0.270225,0.000000
29,25,133.1021,,-0.121886,0.439410,0.311332,-0.121886
29,26,129.2683,,-0.028803,0.143530,0.238592,-0.147178
29,27,127.1855,,-0.016112,-0.006555,0.200972,-0.160919
29,28,106.4864,,-0.162747,-0.162657,0.259558,-0.297477
29,29,113.1835,,0.062892,-0.144917,0.265326,-0.253294
29,30,88.0093,,-0.222419,-0.356167,0.334115,-0.419375
29,31,102.5195,,0.164871,-0.236778,0.387848,-0.323647
29,32,90.9984,,-0.112380,-0.298485,0.399502,-0.399656
29,33,79.4575,,-0.126825,-0.358175,0.412616,-0.475794
29,34,85.6256,,0.077628,-0.348438,0.416785,-0.435101
29,35,106.2924,,0.241362,-0.249094,0.488269,-0.298756
29,36,94.6712,,-0.109332,-0.375425,0.487175,-0.375425
29,37,108.3887,,0.144896,-0.185671,0.504702,-0.284926
29,38,112.9191,,0.041798,-0.126474,0.506348,-0.255038
29,39,119.6929,,0.059988,-0.058910,0.509638,-0.210349
29,40,110.1432,,-0.079785,0.034342,0.486060,-0.273351
29,41,129.8955,,0.179333,0.147655,0.512611,-0.143039
29,42,141.2114,,0.087115,0.604505,0.440213,-0.068385
29,43,148.0991,,0.048776,0.444595,0.421316,-0.022944
29,44,149.2421,,0.007718,0.640053,0.390642,-0.015404
29,45,135.5551,,-0.091710,0.706009,0.374782,-0.105701
29,46,129.5826,,-0.044060,0.513363,0.384846,-0.145104
29,47,146.6481,,0.131696,0.379667,0.334775,-0.032517
29,48,159.0221,,0.084379,0.679730,0.300220,0.000000
29,49,161.2102,,0.013760,0.487335,0.281897,0.000000
29,50,197.8283,,0.227145,0.751947,0.340482,0.000000
29,51,202.6945,,0.024598,0.693455,0.341417,0.000000
29,52,195.2445,,-0.036755,0.772642,0.326066,-0.036755
29,53,211.3928,,0.082708,0.627406,0.298248,0.000000
29,54,232.3673,,0.099221,0.645529,0.300368,0.000000
29,55,208.9424,,-0.100810,0.410828,0.334018,-0.100810
29,56,194.2318,,-0.070405,0.301454,0.349295,-0.164117
29,57,199.3295,,0.026245,0.470468,0.324747,-0.142180
29,58,179.1352,,-0.101311,0.382402,0.344671,-0.229086
29,59,172.3577,,-0.037835,0.175314,0.332497,-0.258254
29,60,160.8176,,-0.066954,0.011291,0.333765,-0.307917
29,61,178.3401,,0.108959,0.106258,0.349698,-0.232508
29,62,156.3085,,-0.123537,-0.209878,0.285206,-0.327322
29,63,143.8333,,-0.079811,-0.290394,0.287962,-0.381009
29,64,149.3737,,0.038520,-0.234940,0.294384,-0.357165
29,65,155.3602,,0.040077,-0.265063,0.281144,-0.331402
29,66,181.9628,,0.171232,-0.216917,0.321436,-0.216917
29,67,178.9709,,-0.016442,-0.143443,0.308031,-0.229793
29,68,159.7877,,-0.107186,-0.177334,0.318028,-0.312348
29,69,204.0849,,0.277225,0.023858,0.430418,-0.121714
29,70,232.3542,,0.138517,0.297089,0.430438,-0.000056
29,71,251.4429,,0.082153,0.458845,0.426956,0.000000
29,72,256.6699,,0.020788,0.596032,0.412056,0.000000
30,2,45.2597,,-0.052807,,,0.000000
30,3,44.2256,,-0.022848,,,-0.022848
30,4,48.4716,,0.096008,,,0.000000
30,5,49.4374,,0.019925,,,0.000000
30,6,50.8165,,0.027896,,,0.000000
30,7,50.9820,,0.003257,,,0.000000
30,8,52.8318,,0.036283,,,0.000000
30,9,55.1216,,0.043341,,,0.000000
30,10,51.8069,,-0.060134,,,-0.060134
30,11,53.5093,,0.032860,,,-0.029250
30,12,59.9708,,0.120755,,,0.000000
30,13,56.0216,,-0.065852,0.172418,0.203235,-0.065852
30,14,60.0328,,0.071601,0.326408,0.195975,0.000000
30,15,65.2999,,0.087737,0.476518,0.197556,0.000000
30,16,70.5299,,0.080092,0.455076,0.192730,0.000000
30,17,73.5922,,0.043418,0.488593,0.192404,0.000000
30,18,72.7510,,-0.011431,0.431640,0.197950,-0.011431
30,19,81.4430,,0.119476,0.597483,0.213182,0.000000
30,20,83.6102,,0.026610,0.582572,0.213660,0.000000
30,21,81.7340,,-0.022440,0.482793,0.222710,-0.022440
30,22,89.9985,,0.101115,0.737190,0.205066,0.000000
30,23,85.4166,,-0.050911,0.596294,0.227943,-0.050911
30,24,82.0937,,-0.038902,0.368894,0.223391,-0.087832
30,25,76.3986,,-0.069373,0.363734,0.225033,-0.151112
30,26,71.7787,,-0.060471,0.195658,0.235675,-0.202445
30,27,78.1658,,0.088983,0.197027,0.236085,-0.131477
30,28,69.3505,,-0.112777,-0.016723,0.257801,-0.229426
30,29,68.2180,,-0.016330,-0.073027,0.253999,-0.242009
30,30,66.2736,,-0.028503,-0.089035,0.255125,-0.263614
30,31,73.8333,,0.114068,-0.093436,0.252281,-0.179616
30,32,70.6478,,-0.043144,-0.155033,0.252165,-0.215011
30,33,58.1856,,-0.176399,-0.288110,0.301573,-0.353482
30,34,74.3827,,0.278370,-0.173511,0.413403,-0.173511
30,35,79.5150,,0.068999,-0.069091,0.417704,-0.116484
30,36,78.2796,,-0.015537,-0.046460,0.415957,-0.130212
30,37,84.7152,,0.082213,0.108859,0.415074,-0.058704
30,38,84.0139,,-0.008278,0.170458,0.407947,-0.066496
30,39,89.3200,,0.063157,0.142700,0.403933,-0.007538
30,40,91.0503,,0.019372,0.312901,0.378369,0.000000
30,41,102.2621,,0.123139,0.499050,0.386102,0.000000
30,42,114.9555,,0.124126,0.734562,0.386819,0.000000
30,43,113.1601,,-0.015618,0.532645,0.386042,-0.015618
30,44,116.6182,,0.030559,0.650699,0.375256,0.000000
30,45,102.6015,,-0.120193,0.763350,0.341288,-0.120193
30,46,100.1605,,-0.023791,0.346557,0.242669,-0.141124
30,47,112.9811,,0.128001,0.420878,0.260253,-0.031188
30,48,102.5006,,-0.092763,0.309418,0.285919,-0.121058
30,49,108.5964,,0.059471,0.281901,0.281902,-0.068786
30,50,108.9977,,0.003695,0.297378,0.280661,-0.065345
30,51,122.5931,,0.124731,0.372517,0.296138,0.000000
30,52,111.0180,,-0.094419,0.219305,0.321403,-0.094419
30,53,114.7444,,0.033566,0.122062,0.302125,-0.064022
30,54,138.2534,,0.204881,0.202669,0.342579,0.000000
30,55,136.5399,,-0.012394,0.206608,0.342230,-0.012394
30,56,138.7321,,0.016055,0.189626,0.342054,0.000000
30,57,167.3151,,0.206030,0.630727,0.352731,0.000000
30,58,164.8015,,-0.015023,0.645374,0.350941,-0.015023
30,59,181.9018,,0.103763,0.610019,0.345621,0.000000
30,60,163.9911,,-0.098464,0.599901,0.348134,-0.098464
30,61,167.3567,,0.020523,0.541086,0.348464,-0.079962
30,62,163.8220,,-0.021121,0.502983,0.352232,-0.099394
30,63,137.9258,,-0.158075,0.125068,0.388786,-0.241757
30,64,138.8235,,0.006509,0.250459,0.370336,-0.236822
30,65,163.8857,,0.180533,0.428266,0.402321,-0.099043
30,66,216.4583,,0.320788,0.565663,0.466882,0.000000
30,67,251.2492,,0.160728,0.840115,0.475377,0.000000
30,68,224.3595,,-0.107024,0.617214,0.502974,-0.107024
30,69,279.0380,,0.243709,0.667739,0.516948,0.000000
30,70,260.5539,,-0.066242,0.581016,0.526753,-0.066242
30,71,200.7166,,-0.229654,0.103434,0.590469,-0.280683
30,72,193.7195,,-0.034861,0.181281,0.579758,-0.305759
31,2,96.6667,,-0.086000,,,0.000000
31,3,93.9092,,-0.028526,,,-0.028526
31,4,100.6280,,0.071546,,,0.000000
31,5,99.6232,,-0.009985,,,-0.009985
31,6,102.7601,,0.031488,,,0.000000
31,7,112.6863,,0.096596,,,0.000000
31,8,119.6329,,0.061645,,,0.000000
31,9,120.2037,,0.004771,,,0.000000
31,10,118.5692,,-0.013598,,,-0.013598
31,11,120.7668,,0.018534,,,0.000000
31,12,121.0015,,0.001943,,,0.000000
31,13,111.4964,,-0.078554,0.054216,0.192220,-0.078554
31,14,108.0745,,-0.030691,0.118010,0.170080,-0.106834
31,15,118.4856,,0.096333,0.261702,0.184132,-0.020793
31,16,116.7271,,-0.014841,0.159985,0.178351,-0.035325
31,17,118.7330,,0.017185,0.191820,0.176486,-0.018747
31,18,118.8034,,0.000593,0.156123,0.176213,-0.018165
31,19,125.2309,,0.054102,0.111322,0.158545,0.000000
31,20,126.1603,,0.007421,0.054561,0.148126,0.000000
31,21,123.8655,,-0.018190,0.030462,0.149978,-0.018190
31,22,126.6919,,0.022818,0.068504,0.149909,0.000000
31,23,128.8948,,0.017388,0.067302,0.149812,0.000000
31,24,145.8336,,0.131416,0.205221,0.194880,0.000000
31,25,143.0431,,-0.019135,0.282939,0.170618,-0.019135
31,26,139.7282,,-0.023174,0.292888,0.168233,-0.041866
31,27,136.9586,,-0.019821,0.155910,0.152063,-0.060857
31,28,143.9051,,0.050720,0.232834,0.153107,-0.013223
31,29,133.2923,,-0.073749,0.122622,0.178775,-0.085997
31,30,129.6057,,-0.027658,0.090925,0.182735,-0.111277
31,31,125.2072,,-0.033938,-0.000190,0.179960,-0.141438
31,32,125.1400,,-0.000537,-0.008088,0.179835,-0.141899
31,33,114.5347,,-0.084747,-0.075330,0.198711,-0.214621
31,34,122.1734,,0.066693,-0.035665,0.209946,-0.162241
31,35,136.2792,,0.115457,0.057290,0.240230,-0.065516
31,36,138.4719,,0.016090,-0.050480,0.199131,-0.050480
31,37,130.0847,,-0.060570,-0.090591,0.206990,-0.107993
31,38,126.4696,,-0.027790,-0.094889,0.207453,-0.132782
31,39,136.7022,,0.080910,-0.001872,0.224253,-0.062615
31,40,143.7722,,0.051718,-0.000924,0.224493,-0.014135
31,41,131.8315,,-0.083053,-0.010960,0.228074,-0.096014
31,42,140.3798,,0.064843,0.083130,0.234053,-0.037397
31,43,144.5984,,0.030051,0.154873,0.230032,-0.008470
31,44,143.6848,,-0.006318,0.148193,0.230505,-0.014735
31,45,135.7902,,-0.054944,0.185581,0.218233,-0.068869
31,46,139.6723,,0.028589,0.143230,0.211827,-0.042249
31,47,143.8234,,0.029720,0.055359,0.181768,-0.013785
31,48,137.2843,,-0.045466,-0.008576,0.188263,-0.058624
31,49,147.2148,,0.072335,0.131684,0.188035,0.000000
31,50,149.8415,,0.017843,0.184803,0.183046,0.000000
31,51,152.9620,,0.020825,0.118943,0.168949,0.000000
31,52,153.8576,,0.005855,0.070148,0.162862,0.000000
31,53,156.1225,,0.014721,0.184258,0.130151,0.000000
31,54,156.4831,,0.002310,0.114712,0.118436,0.000000
31,55,152.5359,,-0.025224,0.054894,0.120910,-0.025224
31,56,163.7434,,0.073475,0.139603,0.137885,0.000000
31,57,165.3279,,0.009677,0.217526,0.117457,0.000000
31,58,157.6724,,-0.046305,0.128875,0.132365,-0.046305
31,59,172.1185,,0.091621,0.196737,0.154615,0.000000
31,60,160.9710,,-0.064766,0.172540,0.163906,-0.064766
31,61,159.3772,,-0.009901,0.082619,0.152403,-0.074026
31,62,167.9322,,0.053678,0.120735,0.159118,-0.024321
31,63,164.6285,,-0.019673,0.076273,0.161388,-0.043516
31,64,157.0453,,-0.046062,0.020721,0.169956,-0.087573
31,65,165.1395,,0.051541,0.057759,0.176632,-0.040546
31,66,154.8650,,-0.062217,-0.010338,0.189375,-0.100240
31,67,146.2625,,-0.055548,-0.041125,0.196172,-0.150220
31,68,153.6927,,0.050800,-0.061379,0.187781,-0.107051
31,69,150.3750,,-0.021587,-0.090443,0.187912,-0.126327
31,70,147.1649,,-0.021347,-0.066640,0.183762,-0.144978
31,71,146.0160,,-0.007807,-0.151653,0.151037,-0.151653
31,72,141.2362,,-0.032735,-0.122598,0.142135,-0.179424
32,2,24.4597,,-0.131893,,,0.000000
32,3,18.2204,,-0.255085,,,-0.255085
32,4,20.7723,,0.140057,,,-0.150754
32,5,20.8328,,0.002913,,,-0.148281
32,6,20.5132,,-0.015341,,,-0.161347
32,7,21.6390,,0.054882,,,-0.115320
32,8,22.3870,,0.034567,,,-0.084739
32,9,20.9520,,-0.064100,,,-0.143407
32,10,20.7563,,-0.009340,,,-0.151408
32,11,24.6624,,0.188189,,,0.000000
32,12,26.5453,,0.076347,,,0.000000
32,13,26.1292,,-0.015675,-0.072640,0.407494,-0.015675
32,14,30.5883,,0.170656,0.250560,0.412578,0.000000
32,15,34.0957,,0.114665,0.871295,0.283621,0.000000
32,16,35.8946,,0.052760,0.728005,0.268596,0.000000
32,17,37.5419,,0.045893,0.802059,0.263912,0.000000
32,18,36.5145,,-0.027367,0.780050,0.267548,-0.027367
32,19,34.1158,,-0.065692,0.576589,0.292073,-0.091261
32,20,37.1307,,0.088373,0.658584,0.295566,-0.010953
32,21,37.7533,,0.016768,0.801897,0.272824,0.000000
32,22,42.7113,,0.131326,1.057752,0.274041,0.000000
32,23,39.7525,,-0.069274,0.611868,0.268346,-0.069274
32,24,39.7703,,0.000448,0.498206,0.268862,-0.068857
32,25,41.4438,,0.042079,0.586112,0.262672,-0.029675
32,26,39.7013,,-0.042045,0.297925,0.233242,-0.070473
32,27,37.0246,,-0.067421,0.085903,0.227015,-0.133142
32,28,32.2051,,-0.130170,-0.102786,0.259735,-0.245981
32,29,33.5771,,0.042602,-0.105610,0.259031,-0.213859
32,30,28.0983,,-0.163171,-0.230489,0.302761,-0.342134
32,31,30.6930,,0.092344,-0.100328,0.316544,-0.281384
32,32,30.5115,,-0.005913,-0.178267,0.299856,-0.285633
32,33,27.4158,,-0.101460,-0.273816,0.310306,-0.358113
32,34,32.9330,,0.201242,-0.228938,0.353060,-0.228938
32,35,34.5870,,0.050223,-0.129941,0.353880,-0.190213
32,36,30.2647,,-0.124969,-0.239012,0.372808,-0.291411
32,37,32.6108,,0.077519,-0.213132,0.380561,-0.236482
32,38,31.5263,,-0.033256,-0.205912,0.379962,-0.261874
32,39,26.2872,,-0.166182,-0.290007,0.407107,-0.384537
32,40,27.0868,,0.030418,-0.158928,0.391845,-0.365816
32,41,25.7084,,-0.050888,-0.234347,0.389722,-0.398088
32,42,26.5410,,0.032386,-0.055423,0.356941,-0.378595
32,43,29.8392,,0.124268,-0.027817,0.367219,-0.301374
32,44,26.7341,,-0.104061,-0.123803,0.382550,-0.374074
32,45,25.7440,,-0.037035,-0.060980,0.370124,-0.397255
32,46,24.7661,,-0.037986,-0.247986,0.298612,-0.420151
32,47,28.6681,,0.157554,-0.171132,0.342235,-0.328793
32,48,31.9108,,0.113112,0.054389,0.338550,-0.252872
32,49,32.2330,,0.010097,-0.011585,0.330237,-0.245328
32,50,32.7164,,0.014997,0.037749,0.327943,-0.234010
32,51,36.1919,,0.106231,0.376788,0.280519,-0.152638
32,52,35.3234,,-0.023997,0.304081,0.285645,-0.172973
32,53,38.1676,,0.080519,0.484635,0.277474,-0.106381
32,54,37.9576,,-0.005502,0.430150,0.280632,-0.111298
32,55,38.7070,,0.019743,0.297186,0.262502,-0.093752
32,56,39.1295,,0.010915,0.463654,0.223345,-0.083860
32,57,38.1020,,-0.026259,0.480033,0.219836,-0.107917
32,58,40.4187,,0.060803,0.632018,0.205830,-0.053676
32,59,45.9181,,0.136061,0.601715,0.193558,0.000000
32,60,42.4774,,-0.074931,0.331130,0.208328,-0.074931
32,61,44.9976,,0.059330,0.396010,0.210110,-0.020047
32,62,44.8032,,-0.004320,0.369442,0.212471,-0.024280
32,63,40.5561,,-0.094795,0.120585,0.226579,-0.116773
32,64,39.0027,,-0.038302,0.104161,0.229455,-0.150603
32,65,43.1592,,0.106570,0.130782,0.239418,-0.060083
32,66,46.2791,,0.072288,0.219232,0.245615,0.000000
32,67,46.5026,,0.004829,0.201401,0.246013,0.000000
32,68,49.9163,,0.073409,0.275670,0.252002,0.000000
32,69,50.7525,,0.016752,0.332018,0.246460,0.000000
32,70,52.8748,,0.041817,0.308178,0.244297,0.000000
32,71,53.0726,,0.003741,0.155811,0.212357,0.000000
32,72,54.4081,,0.025164,0.280873,0.189004,0.000000
33,2,44.1934,,-0.084077,,,0.000000
33,3,36.5593,,-0.172743,,,-0.172743
33,4,38.2468,,0.046158,,,-0.134558
33,5,38.9052,,0.017215,,,-0.119660
33,6,37.2383,,-0.042845,,,-0.157378
33,7,39.7297,,0.066904,,,-0.101003
33,8,41.6556,,0.048475,,,-0.057424
33,9,41.5210,,-0.003231,,,-0.060470
33,10,40.7465,,-0.018653,,,-0.077995
33,11,43.7478,,0.073658,,,-0.010082
33,12,46.8593,,0.071124,,,0.000000
33,13,41.1429,,-0.121991,-0.147299,0.281273,-0.121991
33,14,41.8606,,0.017444,-0.052785,0.270210,-0.106675
33,15,45.0392,,0.075933,0.231951,0.204852,-0.038842
33,16,46.5083,,0.032618,0.216006,0.203349,-0.007491
33,17,47.6370,,0.024269,0.224438,0.203440,0.000000
33,18,46.6203,,-0.021343,0.251945,0.197397,-0.021343
33,19,49.5064,,0.061907,0.246081,0.196173,0.000000
33,20,48.8814,,-0.012625,0.173466,0.196019,-0.012625
33,21,45.5480,,-0.068194,0.096987,0.212643,-0.079958
33,22,49.3028,,0.082436,0.209988,0.221865,-0.004113
33,23,45.8743,,-0.069540,0.048607,0.228736,-0.073367
33,24,52.1883,,0.137637,0.113722,0.257283,0.000000
33,25,53.7749,,0.030401,0.307025,0.212175,0.000000
33,26,54.8590,,0.020160,0.310514,0.212097,0.000000
33,27,54.6475,,-0.003855,0.213330,0.205895,-0.003855
33,28,57.3839,,0.050074,0.233841,0.207993,0.000000
33,29,56.2914,,-0.019038,0.181673,0.211340,-0.019038
33,30,55.8740,,-0.007415,0.198491,0.209127,-0.026312
33,31,57.4049,,0.027399,0.159544,0.203791,0.000000
33,32,55.2042,,-0.038336,0.129350,0.209004,-0.038336
33,33,50.1141,,-0.092205,0.100249,0.220115,-0.127006
33,34,53.9306,,0.076156,0.093865,0.217933,-0.060523
33,35,57.3188,,0.062825,0.249476,0.205550,-0.001500
33,36,57.7253,,0.007092,0.106097,0.160863,0.000000
33,37,55.6471,,-0.036002,0.034816,0.165073,-0.036002
33,38,54.0046,,-0.029516,-0.015574,0.167198,-0.064455
33,39,56.2915,,0.042346,0.030084,0.172409,-0.024839
33,40,58.6619,,0.042109,0.022271,0.170237,0.000000
33,41,54.5560,,-0.069993,-0.030830,0.184450,-0.069993
33,42,55.0681,,0.009387,-0.014424,0.184607,-0.061263
33,43,57.0631,,0.036228,-0.005955,0.186235,-0.027254
33,44,55.1281,,-0.033910,-0.001380,0.185270,-0.060240
33,45,51.5807,,-0.064348,0.029264,0.171532,-0.120712
33,46,52.4636,,0.017117,-0.027202,0.153472,-0.105661
33,47,54.2746,,0.034519,-0.053111,0.142791,-0.074789
33,48,55.1655,,0.016415,-0.044345,0.143863,-0.059602
33,49,55.6897,,0.009502,0.000765,0.139599,-0.050666
33,50,56.1858,,0.008908,0.040388,0.135724,-0.042210
33,51,57.2717,,0.019327,0.017412,0.130484,-0.023699
33,52,58.2865,,0.017719,-0.006400,0.124468,-0.006400
33,53,59.3811,,0.018780,0.088444,0.099006,0.000000
33,54,60.0605,,0.011441,0.090659,0.099070,0.000000
33,55,63.4649,,0.056683,0.112188,0.107281,0.000000
33,56,68.9137,,0.085855,0.250065,0.120622,0.000000
33,57,68.3337,,-0.008416,0.324792,0.086412,-0.008416
33,58,62.5309,,-0.084919,0.191890,0.139312,-0.092620
33,59,61.3532,,-0.018834,0.130421,0.141558,-0.109710
33,60,60.0628,,-0.021032,0.088774,0.144920,-0.128434
33,61,61.2397,,0.019594,0.099658,0.145391,-0.111357
33,62,68.6969,,0.121771,0.222673,0.184156,-0.003146
33,63,69.0925,,0.005759,0.206399,0.184561,0.000000
33,64,70.5061,,0.020460,0.209648,0.184593,0.000000
33,65,70.0688,,-0.006202,0.179985,0.186053,-0.006202
33,66,68.7568,,-0.018724,0.144794,0.189135,-0.024810
33,67,66.4465,,-0.033601,0.046982,0.187757,-0.057577
33,68,67.5231,,0.016203,-0.020177,0.166848,-0.042307
33,69,64.9099,,-0.038701,-0.050103,0.171078,-0.079371
33,70,67.9522,,0.046870,0.086700,0.152100,-0.036221
33,71,72.1142,,0.061249,0.175397,0.157780,0.000000
33,72,68.9483,,-0.043901,0.147940,0.164891,-0.043901
34,2,52.6649,,-0.126106,,,0.000000
34,3,38.4338,,-0.270220,,,-0.270220
34,4,32.9483,,-0.142726,,,-0.374379
34,5,31.8338,,-0.033826,,,-0.395541
34,6,33.0936,,0.039574,,,-0.371620
34,7,29.4553,,-0.109940,,,-0.440704
34,8,30.7655,,0.044481,,,-0.415826
34,9,30.2317,,-0.017351,,,-0.425962
34,10,36.0658,,0.192980,,,-0.315184
34,11,49.4811,,0.371967,,,-0.060455
34,12,52.4947,,0.060904,,,-0.003233
34,13,51.9592,,-0.010201,-0.137817,0.577565,-0.013401
34,14,61.0082,,0.174156,0.158421,0.584080,0.000000
34,15,63.8786,,0.047049,0.662040,0.487302,0.000000
34,16,63.8771,,-0.000023,0.938705,0.444273,-0.000023
34,17,68.4536,,0.071645,1.150341,0.431450,0.000000
34,18,65.5324,,-0.042674,0.980212,0.445815,-0.042674
34,19,63.0974,,-0.037157,1.142141,0.419796,-0.078245
34,20,64.1997,,0.017470,1.086743,0.422540,-0.062142
34,21,62.7502,,-0.022578,1.075643,0.423736,-0.083317
34,22,63.9205,,0.018650,0.772330,0.403293,-0.066221
34,23,57.8984,,-0.094212,0.170112,0.238035,-0.154194
34,24,57.5815,,-0.005473,0.096902,0.233357,-0.158823
34,25,57.6380,,0.000981,0.109294,0.232582,-0.157998
34,26,58.2664,,0.010903,-0.044940,0.150026,-0.148818
34,27,55.8201,,-0.041985,-0.126152,0.143952,-0.184555
34,28,45.5205,,-0.184514,-0.287373,0.224930,-0.335016
34,29,47.8041,,0.050166,-0.301656,0.215618,-0.301656
34,30,38.8771,,-0.186741,-0.406749,0.268337,-0.432066
34,31,45.1836,,0.162216,-0.283907,0.335844,-0.339938
34,32,44.8962,,-0.006361,-0.300679,0.333555,-0.344136
34,33,37.8476,,-0.156998,-0.396853,0.358668,-0.447106
34,34,47.6268,,0.258384,-0.254905,0.463422,-0.304246
34,35,52.6215,,0.104872,-0.091140,0.469554,-0.231281
34,36,51.2871,,-0.025358,-0.109313,0.470248,-0.250775
34,37,63.1644,,0.231585,0.095882,0.524796,-0.077265
34,38,66.4843,,0.052560,0.141041,0.525832,-0.028766
34,39,75.0313,,0.128557,0.344165,0.531006,0.000000
34,40,77.7482,,0.036210,0.707984,0.473959,0.000000
34,41,79.7593,,0.025867,0.668464,0.474801,0.000000
34,42,86.2952,,0.081945,1.219694,0.397031,0.000000
34,43,89.7439,,0.039964,0.986207,0.386226,0.000000
34,44,89.9832,,0.002666,1.004252,0.384527,0.000000
34,45,86.9094,,-0.034160,1.296301,0.321632,-0.034160
34,46,85.4614,,-0.016661,0.794399,0.263064,-0.050252
34,47,95.8225,,0.121237,0.820977,0.267108,0.000000
34,48,100.4091,,0.047866,0.957785,0.253136,0.000000
34,49,104.2429,,0.038182,0.650343,0.170281,0.000000
34,50,123.5060,,0.184791,0.857672,0.221451,0.000000
34,51,138.1797,,0.118810,0.841628,0.218094,0.000000
34,52,159.6159,,0.155133,1.052986,0.238997,0.000000
34,53,163.1805,,0.022332,1.045912,0.239634,0.000000
34,54,157.0836,,-0.037363,0.820306,0.258573,-0.037363
34,55,168.1804,,0.070643,0.874005,0.258632,0.000000
34,56,172.8400,,0.027706,0.920805,0.254160,0.000000
34,57,186.6577,,0.079945,1.147730,0.233712,0.000000
34,58,170.2808,,-0.087738,0.992490,0.269738,-0.087738
34,59,180.5702,,0.060426,0.884426,0.261858,-0.032614
34,60,165.3344,,-0.084376,0.646609,0.297682,-0.114238
34,61,202.1221,,0.222505,0.938954,0.345779,0.000000
34,62,205.5079,,0.016751,0.663951,0.320062,0.000000
34,63,198.7264,,-0.032999,0.438173,0.318939,-0.032999
34,64,200.4789,,0.008819,0.256008,0.290848,-0.024471
34,65,244.6152,,0.220154,0.499046,0.351815,0.000000
34,66,256.0348,,0.046684,0.629926,0.341890,0.000000
34,67,269.6527,,0.053188,0.603353,0.340945,0.000000
34,68,274.1508,,0.016681,0.586153,0.341707,0.000000
34,69,299.6732,,0.093096,0.605468,0.343492,0.000000
34,70,308.1482,,0.028281,0.809647,0.313034,0.000000
34,71,297.6755,,-0.033986,0.648530,0.324963,-0.033986
34,72,307.2306,,0.032099,0.858237,0.293217,-0.002978
35,10,10.1300,,0.066316,,,0.000000
35,11,27.1100,,1.676209,,,0.000000
35,12,23.5500,,-0.131317,,,-0.131317
35,13,35.1800,,0.493843,,,0.000000
35,14,23.9000,,-0.320637,,,-0.320637
35,15,23.2900,,-0.025523,,,-0.337976
35,16,23.0400,,-0.010734,,,-0.345083
35,17,22.9500,,-0.003906,,,-0.347641
35,18,26.3600,,0.148584,,,-0.250710
35,19,21.7100,,-0.176404,,,-0.382888
35,20,26.3400,,0.213266,,,-0.251279
35,21,24.0400,,-0.087320,1.530525,1.809740,-0.316657
35,22,25.8800,,0.076539,1.554786,1.809231,-0.264355
35,23,20.6500,,-0.202087,-0.238289,0.751479,-0.413019
35,24,18.2100,,-0.118160,-0.226753,0.749123,-0.482377
35,25,13.7100,,-0.247117,-0.610290,0.556912,-0.610290
35,26,11.8500,,-0.135667,-0.504184,0.490210,-0.663161
35,27,13.7300,,0.158650,-0.410477,0.531985,-0.609722
35,28,10.4000,,-0.242535,-0.548612,0.570937,-0.704378
35,29,8.6800,,-0.165385,-0.621787,0.579077,-0.753269
35,30,9.0700,,0.044931,-0.655919,0.545726,-0.742183
35,31,10.3500,,0.141125,-0.523262,0.572110,-0.705799
35,32,7.7200,,-0.254106,-0.706910,0.529498,-0.780557
35,33,8.1300,,0.053109,-0.661814,0.547413,-0.768903
35,34,8.7900,,0.081181,-0.660355,0.548826,-0.750142
35,35,7.5000,,-0.146758,-0.636804,0.537391,-0.786811
35,36,6.4200,,-0.144000,-0.647446,0.540570,-0.817510
35,37,7.7800,,0.211838,-0.432531,0.571735,-0.778852
35,38,7.8400,,0.007712,-0.338397,0.561573,-0.777146
35,39,8.4500,,0.077806,-0.384560,0.538682,-0.759807
35,40,7.7500,,-0.082840,-0.254807,0.490821,-0.779705
35,41,14.7100,,0.898065,0.694702,1.010944,-0.581865
35,42,15.3300,,0.042148,0.690189,1.011035,-0.564241
35,43,19.8400,,0.294194,0.916909,1.033497,-0.436044
35,44,14.9800,,-0.244960,0.940413,1.030243,-0.574191
35,45,16.0000,,0.068091,0.968018,1.029810,-0.545197
35,46,14.8000,,-0.075000,0.683730,1.042789,-0.579307
35,47,20.0500,,0.354730,1.673333,1.046751,-0.430075
35,48,17.1700,,-0.143641,1.674454,1.046653,-0.511939
35,49,16.0900,,-0.062900,1.068124,1.055614,-0.542638
35,50,25.0800,,0.558732,2.198980,1.146153,-0.287096
35,51,23.0100,,-0.082536,1.723077,1.166731,-0.345936
35,52,21.9700,,-0.045198,1.834837,1.159933,-0.375498
35,53,21.6800,,-0.013200,0.473826,0.805640,-0.383742
35,54,25.3300,,0.168358,0.652315,0.813428,-0.279990
35,55,26.8900,,0.061587,0.355342,0.774153,-0.235646
35,56,31.4800,,0.170695,1.101468,0.713313,-0.105175
35,57,37.2000,,0.181703,1.324999,0.720262,0.000000
35,58,41.5600,,0.117204,1.808107,0.697681,0.000000
35,59,67.0800,,0.614052,2.345634,0.833691,0.000000
35,60,75.6300,,0.127460,3.404774,0.780008,0.000000
35,61,82.4900,,0.090705,4.126784,0.748845,0.000000
35,62,84.9200,,0.029458,2.385963,0.619110,0.000000
35,63,84.4000,,-0.006123,2.667970,0.596358,-0.006123
35,64,118.4400,,0.403318,4.390991,0.624921,0.000000
35,65,131.7800,,0.112631,5.078419,0.598525,0.000000
35,66,136.3200,,0.034451,4.381763,0.614328,0.000000
35,67,158.3500,,0.161605,4.888809,0.604662,0.000000
35,68,156.7100,,-0.010357,3.978085,0.630894,-0.010357
35,69,182.4200,,0.164061,3.903765,0.630316,0.000000
35,70,200.4700,,0.098947,3.823629,0.631716,0.000000
35,71,168.4500,,-0.159725,1.511180,0.466056,-0.159725
35,72,177.7500,,0.055209,1.350256,0.464846,-0.113334
36,2,187.1639,,-0.044980,,,0.000000
36,3,160.4176,,-0.142903,,,-0.142903
36,4,190.1373,,0.185265,,,0.000000
36,5,214.9176,,0.130328,,,0.000000
36,6,216.6734,,0.008170,,,0.000000
36,7,231.0012,,0.066126,,,0.000000
36,8,248.0115,,0.073637,,,0.000000
36,9,241.6337,,-0.025716,,,-0.025716
36,10,233.2865,,-0.034545,,,-0.059373
36,11,242.6456,,0.040118,,,-0.021637
36,12,232.3331,,-0.042500,,,-0.063217
36,13,238.1730,,0.025136,0.215298,0.304137,-0.039670
36,14,227.1975,,-0.046082,0.213895,0.304395,-0.083924
36,15,268.4525,,0.181582,0.673459,0.287736,0.000000
36,16,286.4358,,0.066989,0.506467,0.247078,0.000000
36,17,282.2234,,-0.014706,0.313170,0.229195,-0.014706
36,18,282.2056,,-0.000063,0.302446,0.229995,-0.014768
36,19,291.9589,,0.034561,0.263885,0.225841,0.000000
36,20,290.1707,,-0.006125,0.169989,0.219770,-0.006125
36,21,292.0211,,0.006377,0.208528,0.215605,0.000000
36,22,332.3824,,0.138214,0.424783,0.238098,0.000000
36,23,358.1957,,0.077661,0.476210,0.242422,0.000000
36,24,371.0712,,0.035945,0.597152,0.227251,0.000000
36,25,329.4834,,-0.112075,0.383378,0.274601,-0.112075
36,26,283.5597,,-0.139381,0.248076,0.315653,-0.235835
36,27,268.7456,,-0.052243,0.001092,0.270388,-0.275757
36,28,271.3339,,0.009631,-0.052724,0.261501,-0.268782
36,29,273.4565,,0.007823,-0.031064,0.261263,-0.263062
36,30,247.7322,,-0.094071,-0.122157,0.277695,-0.332386
36,31,273.5383,,0.104169,-0.063094,0.297312,-0.262842
36,32,262.1584,,-0.041603,-0.096538,0.299953,-0.293510
36,33,252.4512,,-0.037028,-0.135504,0.301300,-0.319669
36,34,270.9225,,0.073168,-0.184908,0.272360,-0.269891
36,35,296.4109,,0.094080,-0.172490,0.278807,-0.201202
36,36,290.7212,,-0.019195,-0.216535,0.273732,-0.216535
36,37,298.3699,,0.026309,-0.094432,0.255817,-0.195923
36,38,272.9390,,-0.085233,-0.037455,0.229304,-0.264457
36,39,271.6320,,-0.004789,0.010739,0.222589,-0.267980
36,40,278.6237,,0.025740,0.026866,0.223711,-0.249137
36,41,262.7800,,-0.056864,-0.039044,0.231748,-0.291834
36,42,290.0605,,0.103815,0.170862,0.229787,-0.218316
36,43,311.7235,,0.074684,0.139596,0.218972,-0.159937
36,44,308.4180,,-0.010604,0.176456,0.212681,-0.168845
36,45,283.9440,,-0.079353,0.124748,0.227729,-0.234800
36,46,267.5272,,-0.057817,-0.012533,0.226899,-0.279041
36,47,294.5909,,0.101162,-0.006141,0.230159,-0.206108
36,48,327.8446,,0.112881,0.127693,0.253884,-0.116492
36,49,333.9086,,0.018497,0.119110,0.253541,-0.100150
36,50,360.0662,,0.078338,0.319219,0.237473,-0.029657
36,51,362.8948,,0.007856,0.335981,0.236048,-0.022034
36,52,318.0712,,-0.123517,0.141581,0.279737,-0.142830
36,53,318.6898,,0.001945,0.212763,0.269457,-0.141163
36,54,329.8845,,0.035127,0.137296,0.254191,-0.110994
36,55,352.8069,,0.069486,0.131795,0.252870,-0.049221
36,56,353.1328,,0.000924,0.144982,0.251966,-0.048342
36,57,390.6608,,0.106272,0.375839,0.245395,0.000000
36,58,379.6216,,-0.028258,0.419003,0.235535,-0.028258
36,59,413.7322,,0.089854,0.404431,0.232145,0.000000
36,60,377.0074,,-0.088765,0.149958,0.241730,-0.088765
36,61,399.2892,,0.059102,0.195804,0.245932,-0.034909
36,62,384.3829,,-0.037332,0.067534,0.241813,-0.070938
36,63,355.2005,,-0.075920,-0.021203,0.255867,-0.141472
36,64,351.6025,,-0.010129,0.105421,0.218138,-0.150168
36,65,359.2102,,0.021637,0.127147,0.218214,-0.131781
36,66,357.6009,,-0.004480,0.084019,0.217194,-0.135670
36,67,360.6771,,0.008602,0.022308,0.206841,-0.128235
36,68,399.2071,,0.106827,0.130473,0.231112,-0.035107
36,69,397.6565,,-0.003884,0.017907,0.207263,-0.038855
36,70,374.6459,,-0.057866,-0.013107,0.214151,-0.094472
36,71,352.2712,,-0.059722,-0.148552,0.197783,-0.148552
36,72,339.6182,,-0.035918,-0.099173,0.181768,-0.179135
37,3,53.2745,,-0.108831,,,-0.108831
37,4,55.4486,,0.040809,,,-0.072463
37,5,54.5269,,-0.016623,,,-0.087882
37,6,52.0741,,-0.044983,,,-0.128912
37,7,58.0009,,0.113815,,,-0.029769
37,8,60.2512,,0.038798,,,0.000000
37,9,56.6266,,-0.060158,,,-0.060158
37,10,54.4776,,-0.037950,,,-0.095825
37,11,58.1059,,0.066602,,,-0.035605
37,12,63.5061,,0.092937,,,0.000000
37,13,61.9812,,-0.024012,0.026410,0.230888,-0.024012
37,14,65.3817,,0.054863,0.093697,0.235596,0.000000
37,15,69.0547,,0.056178,0.296206,0.200235,0.000000
37,16,74.9188,,0.084920,0.351141,0.209092,0.000000
37,17,76.0465,,0.015052,0.394662,0.204220,0.000000
37,18,78.1600,,0.027792,0.500939,0.187479,0.000000
37,19,79.8910,,0.022147,0.377410,0.167139,0.000000
37,20,82.2138,,0.029075,0.364518,0.166742,0.000000
37,21,75.6606,,-0.079709,0.336133,0.178648,-0.079709
37,22,76.3926,,0.009675,0.402276,0.166054,-0.070805
37,23,69.4434,,-0.090967,0.195118,0.199224,-0.155331
37,24,76.7643,,0.105423,0.208771,0.204765,-0.066284
37,25,84.2392,,0.097375,0.359111,0.213681,0.000000
37,26,82.7813,,-0.017307,0.266125,0.215832,-0.017307
37,27,76.9415,,-0.070545,0.114212,0.230417,-0.086631
37,28,83.0130,,0.078911,0.108041,0.228386,-0.014556
37,29,88.2013,,0.062500,0.159835,0.234254,0.000000
37,30,81.9670,,-0.070683,0.048709,0.248441,-0.070683
37,31,81.6590,,-0.003758,0.022131,0.247991,-0.074175
37,32,80.2637,,-0.017087,-0.023720,0.247228,-0.089995
37,33,69.7737,,-0.130694,-0.077806,0.269488,-0.208927
37,34,78.3070,,0.122300,0.025060,0.297743,-0.112179
37,35,84.9740,,0.085139,0.223644,0.287430,-0.036591
37,36,86.2869,,0.015451,0.124050,0.271970,-0.021705
37,37,90.0028,,0.043064,0.068419,0.258604,0.000000
37,38,84.0107,,-0.066577,0.014851,0.268394,-0.066577
37,39,83.9675,,-0.000514,0.091316,0.256026,-0.067057
37,40,87.4769,,0.041795,0.053773,0.247656,-0.028064
37,41,78.7616,,-0.099630,-0.107025,0.260570,-0.124898
37,42,85.4206,,0.084546,0.042133,0.265227,-0.050912
37,43,88.4236,,0.035155,0.082839,0.266489,-0.017547
37,44,85.1783,,-0.036702,0.061230,0.269324,-0.053605
37,45,82.0925,,-0.036228,0.176552,0.230042,-0.087891
37,46,80.1720,,-0.023394,0.023815,0.200610,-0.109229
37,47,83.9486,,0.047106,-0.012069,0.186861,-0.067268
37,48,84.5960,,0.007712,-0.019598,0.186338,-0.060075
37,49,82.8217,,-0.020974,-0.079789,0.181006,-0.079789
37,50,82.0104,,-0.009796,-0.023811,0.168636,-0.088803
37,51,83.5237,,0.018453,-0.005287,0.169748,-0.071989
37,52,87.7514,,0.050617,0.003137,0.172290,-0.025016
37,53,93.7037,,0.067831,0.189711,0.144262,0.000000
37,54,93.6575,,-0.000493,0.096426,0.123315,-0.000493
37,55,107.8255,,0.151275,0.219420,0.188417,0.000000
37,56,115.4377,,0.070597,0.355247,0.184985,0.000000
37,57,113.6680,,-0.015330,0.384634,0.178264,-0.015330
37,58,125.6422,,0.105344,0.567159,0.183679,0.000000
37,59,125.9830,,0.002712,0.500716,0.186972,0.000000
37,60,113.9490,,-0.095521,0.346978,0.227840,-0.095521
37,61,124.6442,,0.093860,0.504971,0.230355,-0.010627
37,62,148.6540,,0.192627,0.812626,0.271173,0.000000
37,63,151.9568,,0.022218,0.819327,0.270668,0.000000
37,64,165.4959,,0.089098,0.885963,0.272898,0.000000
37,65,174.4100,,0.053863,0.861293,0.272652,0.000000
37,66,175.8974,,0.008528,0.878092,0.270761,0.000000
37,67,159.6289,,-0.092489,0.480436,0.287024,-0.092489
37,68,162.6259,,0.018775,0.408776,0.284938,-0.075450
37,69,157.8288,,-0.029498,0.388506,0.287841,-0.102723
37,70,140.4404,,-0.110173,0.117779,0.306993,-0.201579
37,71,154.6759,,0.101363,0.227751,0.319059,-0.120648
37,72,157.5439,,0.018542,0.382581,0.292912,-0.104343
38,52,153.1414,,0.124022,,,0.000000
38,53,175.2493,,0.144363,,,0.000000
38,54,170.8755,,-0.024958,,,-0.024958
38,55,177.5806,,0.039240,,,0.000000
38,56,200.2565,,0.127694,,,0.000000
38,57,254.0367,,0.268557,,,0.000000
38,58,300.5441,,0.183074,,,0.000000
38,59,332.8840,,0.107605,,,0.000000
38,60,327.7132,,-0.015533,,,-0.015533
38,61,371.7799,,0.134467,,,0.000000
38,62,334.1911,,-0.101105,,,-0.101105
38,63,304.3793,,-0.089206,1.234076,0.392444,-0.181292
38,64,369.7260,,0.214688,1.414282,0.414679,-0.005525
38,65,471.9441,,0.276470,1.692990,0.455268,0.000000
38,66,527.9911,,0.118758,2.089923,0.436813,0.000000
38,67,658.8438,,0.247831,2.710116,0.451895,0.000000
38,68,611.8937,,-0.071261,2.055554,0.491586,-0.071261
38,69,613.8204,,0.003149,1.416270,0.466990,-0.068336
38,70,584.1126,,-0.048398,0.943519,0.470811,-0.113427
38,71,598.9666,,0.025430,0.799326,0.469829,-0.090882
38,72,652.6945,,0.089701,0.991664,0.463620,-0.009333
39,2,173.1795,,-0.155542,,,0.000000
39,3,134.1610,,-0.225307,,,-0.225307
39,4,159.1811,,0.186493,,,-0.080832
39,5,170.5240,,0.071258,,,-0.015334
39,6,172.5767,,0.012038,,,-0.003481
39,7,172.8736,,0.001720,,,-0.001767
39,8,178.9079,,0.034906,,,0.000000
39,9,176.5647,,-0.013097,,,-0.013097
39,10,166.0835,,-0.059362,,,-0.071682
39,11,202.5790,,0.219742,,,0.000000
39,12,231.6857,,0.143681,,,0.000000
39,13,239.5384,,0.033894,0.168038,0.448913,0.000000
39,14,282.2131,,0.178154,0.629600,0.429462,0.000000
39,15,288.8558,,0.023538,1.153056,0.312420,0.000000
39,16,309.0128,,0.069782,0.941267,0.285332,0.000000
39,17,329.9151,,0.067642,0.934715,0.285195,0.000000
39,18,337.7119,,0.023633,0.956881,0.283324,0.000000
39,19,333.5743,,-0.012252,0.929586,0.286802,-0.012252
39,20,367.9479,,0.103046,1.056634,0.288597,0.000000
39,21,338.0117,,-0.081360,0.914378,0.315531,-0.081360
39,22,369.5927,,0.093432,1.225344,0.288770,0.000000
39,23,340.6583,,-0.078287,0.681608,0.275832,-0.078287
39,24,342.0532,,0.004095,0.476368,0.257189,-0.074513
39,25,318.8070,,-0.067961,0.330922,0.277245,-0.137410
39,26,306.7714,,-0.037752,0.087020,0.228594,-0.169974
39,27,296.7132,,-0.032787,0.027202,0.231596,-0.197188
39,28,276.2108,,-0.069098,-0.106150,0.230376,-0.252661
39,29,295.5237,,0.069921,-0.104242,0.231195,-0.200406
39,30,270.1973,,-0.085700,-0.199917,0.240977,-0.268931
39,31,303.2828,,0.122449,-0.090808,0.278177,-0.179413
39,32,302.6279,,-0.002159,-0.177524,0.252289,-0.181184
39,33,268.5985,,-0.112446,-0.205356,0.263060,-0.273257
39,34,315.7649,,0.175602,-0.145639,0.309250,-0.145639
39,35,353.9304,,0.120867,0.038962,0.324674,-0.042375
39,36,316.7931,,-0.104928,-0.073847,0.343526,-0.142857
39,37,337.4864,,0.065321,0.058593,0.341457,-0.086868
39,38,324.4228,,-0.038709,0.057540,0.341602,-0.122214
39,39,301.7828,,-0.069785,0.017087,0.348477,-0.183470
39,40,319.1171,,0.057440,0.155340,0.341658,-0.136569
39,41,300.9610,,-0.056895,0.018400,0.343552,-0.185694
39,42,301.9793,,0.003383,0.117626,0.328871,-0.182939
39,43,333.1847,,0.103336,0.098595,0.322447,-0.098507
39,44,306.8197,,-0.079130,0.013852,0.335011,-0.169842
39,45,305.4697,,-0.004400,0.137273,0.310065,-0.173495
39,46,286.6262,,-0.061687,-0.092280,0.262600,-0.224480
39,47,322.4345,,0.124930,-0.088989,0.264754,-0.127594
39,48,367.1808,,0.138776,0.159054,0.276410,-0.006525
39,49,365.5056,,-0.004562,0.083023,0.271379,-0.011057
39,50,370.3027,,0.013125,0.141420,0.266259,0.000000
39,51,400.3800,,0.081224,0.326716,0.257269,0.000000
39,52,409.0262,,0.021595,0.281743,0.255023,0.000000
39,53,437.6008,,0.069860,0.454012,0.242740,0.000000
39,54,436.1987,,-0.003204,0.444466,0.243730,-0.003204
39,55,490.8875,,0.125376,0.473321,0.251509,0.000000
39,56,492.0640,,0.002397,0.603758,0.222653,0.000000
39,57,480.2882,,-0.023931,0.572296,0.227884,-0.023931
39,58,502.2893,,0.045808,0.752422,0.198899,0.000000
39,59,590.3517,,0.175322,0.830923,0.224538,0.000000
39,60,555.4779,,-0.059073,0.512821,0.229658,-0.059073
39,61,624.3064,,0.123909,0.708066,0.239998,0.000000
39,62,606.6515,,-0.028279,0.638261,0.249874,-0.028279
39,63,535.2023,,-0.117776,0.336738,0.293231,-0.142724
39,64,536.4367,,0.002306,0.311499,0.294299,-0.140748
39,65,588.2630,,0.096612,0.344293,0.299807,-0.057733
39,66,696.8414,,0.184575,0.597534,0.335026,0.000000
39,67,712.4373,,0.022381,0.451327,0.323342,0.000000
39,68,733.7634,,0.029934,0.491197,0.321447,0.000000
39,69,788.2730,,0.074288,0.641252,0.315878,0.000000
39,70,781.3639,,-0.008765,0.555607,0.320562,-0.008765
39,71,817.6619,,0.046455,0.385044,0.285798,0.000000
39,72,870.0848,,0.064113,0.566373,0.269756,0.000000
40,2,59.9682,,-0.103932,,,0.000000
40,3,60.2658,,0.004963,,,0.000000
40,4,62.6591,,0.039712,,,0.000000
40,5,63.7489,,0.017393,,,0.000000
40,6,61.0717,,-0.041996,,,-0.041996
40,7,63.8736,,0.045879,,,0.000000
40,8,67.8776,,0.062686,,,0.000000
40,9,66.0308,,-0.027208,,,-0.027208
40,10,60.3050,,-0.086714,,,-0.111563
40,11,64.4584,,0.068873,,,-0.050373
40,12,65.5890,,0.017540,,,-0.033717
40,13,62.2844,,-0.050383,-0.069322,0.198497,-0.082401
40,14,58.6881,,-0.057740,-0.021346,0.177502,-0.135383
40,15,62.3005,,0.061553,0.033763,0.188133,-0.082164
40,16,60.7364,,-0.025106,-0.030684,0.185913,-0.105207
40,17,61.8696,,0.018658,-0.029479,0.186056,-0.088512
40,18,66.4456,,0.073962,0.087994,0.194248,-0.021096
40,19,66.2412,,-0.003076,0.037068,0.190096,-0.024107
40,20,65.7414,,-0.007545,-0.031470,0.179279,-0.031470
40,21,64.7245,,-0.015468,-0.019782,0.177816,-0.046452
40,22,76.5553,,0.182787,0.269470,0.231361,0.000000
40,23,65.1307,,-0.149233,0.010432,0.280705,-0.149233
40,24,66.6348,,0.023094,0.015947,0.281055,-0.129585
40,25,71.5151,,0.073240,0.148205,0.282007,-0.065836
40,26,67.2143,,-0.060138,0.145283,0.282687,-0.122015
40,27,72.0154,,0.071430,0.155939,0.284650,-0.059300
40,28,78.5358,,0.090542,0.293064,0.290217,0.000000
40,29,81.4933,,0.037658,0.317182,0.290396,0.000000
40,30,80.7318,,-0.009344,0.215010,0.287458,-0.009344
40,31,79.7588,,-0.012052,0.204070,0.288365,-0.021283
40,32,76.2056,,-0.044549,0.159176,0.294358,-0.064884
40,33,76.8841,,0.008904,0.187871,0.292549,-0.056558
40,34,91.0752,,0.184578,0.189670,0.293655,0.000000
40,35,99.1028,,0.088143,0.521604,0.236748,0.000000
40,36,99.8497,,0.007537,0.498467,0.238296,0.000000
40,37,97.3044,,-0.025491,0.360618,0.242036,-0.025491
40,38,96.2444,,-0.010894,0.431908,0.226993,-0.036107
40,39,96.3803,,0.001412,0.338332,0.224580,-0.034746
40,40,105.3333,,0.092892,0.341216,0.225324,0.000000
40,41,100.7175,,-0.043821,0.235901,0.235452,-0.043821
40,42,105.2603,,0.045104,0.303828,0.234399,-0.000694
40,43,97.9376,,-0.069568,0.227923,0.250628,-0.070213
40,44,100.0773,,0.021848,0.313254,0.240711,-0.049899
40,45,94.5398,,-0.055332,0.229641,0.253636,-0.102470
40,46,94.9532,,0.004373,0.042580,0.178828,-0.098545
40,47,94.7498,,-0.002142,-0.043924,0.153918,-0.100476
40,48,100.7965,,0.063818,0.009482,0.167727,-0.043070
40,49,112.4780,,0.115892,0.155939,0.199218,0.000000
40,50,118.4101,,0.052740,0.230306,0.200828,0.000000
40,51,122.8802,,0.037751,0.274951,0.200657,0.000000
40,52,121.1012,,-0.014478,0.149695,0.187551,-0.014478
40,53,117.6524,,-0.028479,0.168142,0.183053,-0.042545
40,54,116.0217,,-0.013860,0.102237,0.181718,-0.055815
40,55,106.6564,,-0.080720,0.089025,0.187261,-0.132030
40,56,111.6720,,0.047026,0.115859,0.190884,-0.091212
40,57,107.0618,,-0.041283,0.132453,0.186050,-0.128730
40,58,97.1104,,-0.092950,0.022720,0.213650,-0.209714
40,59,96.4650,,-0.006646,0.018103,0.213830,-0.214967
40,60,94.4150,,-0.021251,-0.063310,0.204243,-0.231649
40,61,94.5393,,0.001317,-0.159485,0.157823,-0.230638
40,62,88.2539,,-0.066485,-0.254675,0.148045,-0.281789
40,63,85.8718,,-0.026991,-0.301174,0.132210,-0.301174
40,64,82.2135,,-0.042602,-0.321116,0.131893,-0.330945
40,65,74.1465,,-0.098123,-0.369782,0.147822,-0.396595
40,66,76.3852,,0.030193,-0.341629,0.161260,-0.378376
40,67,76.1364,,-0.003257,-0.286152,0.154840,-0.380401
40,68,81.9840,,0.076804,-0.265850,0.172208,-0.332813
40,69,81.7989,,-0.002258,-0.235966,0.172425,-0.334320
40,70,84.6246,,0.034544,-0.128574,0.161172,-0.311324
40,71,103.1774,,0.219236,0.069583,0.280798,-0.160342
40,72,103.6006,,0.004102,0.097289,0.279014,-0.156898
41,2,95.7722,,-0.047124,,,0.000000
41,3,83.8489,,-0.124496,,,-0.124496
41,4,97.3916,,0.161513,,,0.000000
41,5,99.6320,,0.023004,,,0.000000
41,6,107.3701,,0.077667,,,0.000000
41,7,107.8606,,0.004568,,,0.000000
41,8,121.0343,,0.122136,,,0.000000
41,9,121.5792,,0.004502,,,0.000000
41,10,123.1119,,0.012607,,,0.000000
41,11,138.2835,,0.123234,,,0.000000
41,12,140.7533,,0.017860,,,0.000000
41,13,142.0911,,0.009505,0.413721,0.273822,0.000000
41,14,148.6297,,0.046017,0.551909,0.259919,0.000000
41,15,163.0553,,0.097057,0.944631,0.192884,0.000000
41,16,155.7390,,-0.044870,0.599100,0.182551,-0.044870
41,17,164.6753,,0.057380,0.652835,0.182068,0.000000
41,18,166.8268,,0.013065,0.553754,0.180480,0.000000
41,19,165.3693,,-0.008737,0.533175,0.183678,-0.008737
41,20,166.5446,,0.007107,0.376011,0.160383,-0.001692
41,21,167.6787,,0.006810,0.379172,0.160032,0.000000
41,22,163.5524,,-0.024608,0.328485,0.168084,-0.024608
41,23,168.8519,,0.032402,0.221056,0.130506,0.000000
41,24,165.4287,,-0.020273,0.175310,0.135827,-0.020273
41,25,157.5465,,-0.047647,0.108771,0.149350,-0.066954
41,26,150.1960,,-0.046656,0.010538,0.153314,-0.110486
41,27,162.1152,,0.079358,-0.005765,0.141909,-0.039896
41,28,150.4257,,-0.072106,-0.034116,0.153502,-0.109125
41,29,156.1777,,0.038238,-0.051602,0.146457,-0.075060
41,30,136.6818,,-0.124832,-0.180696,0.188295,-0.190522
41,31,159.1344,,0.164269,-0.037702,0.260346,-0.057550
41,32,147.9331,,-0.070389,-0.111750,0.269206,-0.123888
41,33,138.5939,,-0.063131,-0.173455,0.274296,-0.179198
41,34,143.8321,,0.037795,-0.120575,0.278468,-0.148176
41,35,162.8767,,0.132409,-0.035387,0.310333,-0.035387
41,36,149.1217,,-0.084450,-0.098574,0.321475,-0.116848
41,37,159.9434,,0.072570,0.015215,0.326420,-0.052758
41,38,155.8474,,-0.025609,0.037628,0.323433,-0.077016
41,39,169.0824,,0.084923,0.042978,0.324836,0.000000
41,40,151.9842,,-0.101123,0.010362,0.333764,-0.101123
41,41,158.0563,,0.039952,0.012030,0.333954,-0.065211
41,42,164.8974,,0.043283,0.206435,0.303469,-0.024751
41,43,164.8790,,-0.000112,0.036101,0.259015,-0.024860
41,44,155.0237,,-0.059773,0.047933,0.255819,-0.083147
41,45,146.6757,,-0.053850,0.058314,0.253222,-0.132519
41,46,130.9944,,-0.106911,-0.089253,0.274576,-0.225263
41,47,142.1556,,0.085204,-0.127218,0.251951,-0.159252
41,48,158.6788,,0.116233,0.064091,0.265782,-0.061529
41,49,149.0535,,-0.060659,-0.068085,0.263802,-0.118456
41,50,156.9944,,0.053276,0.007361,0.268250,-0.071491
41,51,163.4494,,0.041116,-0.033314,0.257065,-0.033314
41,52,165.5229,,0.012686,0.089080,0.232367,-0.021051
41,53,182.9646,,0.105373,0.157592,0.250326,0.000000
41,54,183.8297,,0.004728,0.114812,0.248478,0.000000
41,55,192.5993,,0.047705,0.168125,0.250644,0.000000
41,56,203.8687,,0.058512,0.315081,0.239596,0.000000
41,57,196.4783,,-0.036251,0.339542,0.233832,-0.036251
41,58,193.2349,,-0.016508,0.475138,0.191014,-0.052161
41,59,192.4678,,-0.003970,0.353922,0.185826,-0.055923
41,60,179.5236,,-0.067254,0.131363,0.180047,-0.119416
41,61,176.7472,,-0.015465,0.185796,0.165343,-0.133035
41,62,189.0301,,0.069494,0.204055,0.170129,-0.072786
41,63,173.3185,,-0.083117,0.060379,0.194305,-0.149853
41,64,154.3663,,-0.109349,-0.067404,0.225730,-0.242816
41,65,177.8613,,0.152203,-0.027893,0.253586,-0.127570
41,66,201.9554,,0.135466,0.098600,0.287628,-0.009385
41,67,176.1201,,-0.127926,-0.085563,0.315426,-0.136111
41,68,198.3793,,0.126386,-0.026927,0.336617,-0.026927
41,69,180.0090,,-0.092602,-0.083823,0.348118,-0.117036
41,70,158.1900,,-0.121211,-0.181360,0.367829,-0.224061
41,71,166.3336,,0.051480,-0.135785,0.373199,-0.184115
41,72,171.4936,,0.031022,-0.044730,0.368753,-0.158805
42,2,174.6934,,-0.059667,,,0.000000
42,3,158.2219,,-0.094288,,,-0.094288
42,4,169.0652,,0.068532,,,-0.032218
42,5,185.9267,,0.099734,,,0.000000
42,6,194.9042,,0.048285,,,0.000000
42,7,226.2892,,0.161028,,,0.000000
42,8,230.5637,,0.018890,,,0.000000
42,9,219.8452,,-0.046488,,,-0.046488
42,10,204.1864,,-0.071226,,,-0.114403
42,11,237.6213,,0.163747,,,0.000000
42,12,244.1916,,0.027650,,,0.000000
42,13,228.2583,,-0.065249,0.228662,0.312527,-0.065249
42,14,227.2072,,-0.004605,0.300607,0.301702,-0.069554
42,15,260.5716,,0.146846,0.646877,0.293510,0.000000
42,16,267.0168,,0.024735,0.579374,0.293043,0.000000
42,17,280.8049,,0.051638,0.510302,0.286572,0.000000
42,18,270.0621,,-0.038257,0.385618,0.296073,-0.038257
42,19,288.1583,,0.067008,0.273410,0.264139,0.000000
42,20,294.9078,,0.023423,0.279076,0.264103,0.000000
42,21,275.0248,,-0.067421,0.250995,0.270877,-0.067421
42,22,300.2433,,0.091695,0.470439,0.258744,0.000000
42,23,299.2462,,-0.003321,0.259342,0.219014,-0.003321
42,24,325.8562,,0.088923,0.334430,0.229318,0.000000
42,25,300.7558,,-0.077029,0.317613,0.234687,-0.077029
42,26,276.7466,,-0.079830,0.218037,0.256214,-0.150710
42,27,301.4636,,0.089313,0.156932,0.230025,-0.074857
42,28,295.5950,,-0.019467,0.107028,0.232063,-0.092867
42,29,307.6477,,0.040774,0.095592,0.230212,-0.055879
42,30,272.4466,,-0.114420,0.008829,0.258378,-0.163906
42,31,287.2090,,0.054185,-0.003295,0.255228,-0.118602
42,32,269.0064,,-0.063378,-0.087830,0.262037,-0.174463
42,33,256.3863,,-0.046914,-0.067772,0.257470,-0.213192
42,34,283.9612,,0.107552,-0.054231,0.264251,-0.128570
42,35,321.3293,,0.131596,0.073795,0.296028,-0.013893
42,36,311.4930,,-0.030611,-0.044079,0.284867,-0.044079
42,37,317.1415,,0.018134,0.054482,0.272679,-0.026744
42,38,333.8448,,0.052668,0.206320,0.258336,0.000000
42,39,340.6200,,0.020294,0.129887,0.246588,0.000000
42,40,355.3724,,0.043310,0.202226,0.245689,0.000000
42,41,340.1842,,-0.042739,0.105758,0.251287,-0.042739
42,42,366.5593,,0.077532,0.345434,0.218049,0.000000
42,43,377.1436,,0.028875,0.313132,0.216042,0.000000
42,44,373.6393,,-0.009292,0.388960,0.198006,-0.009292
42,45,359.4579,,-0.037955,0.402016,0.194419,-0.046894
42,46,370.1476,,0.029738,0.303513,0.175153,-0.018551
42,47,400.7640,,0.082714,0.247205,0.146749,0.000000
42,48,397.8001,,-0.007396,0.277073,0.139792,-0.007396
42,49,393.3170,,-0.011270,0.240191,0.143565,-0.018583
42,50,436.0559,,0.108663,0.306161,0.166958,0.000000
42,51,451.1151,,0.034535,0.324392,0.167263,0.000000
42,52,429.6862,,-0.047502,0.209114,0.180393,-0.047502
42,53,424.3854,,-0.012336,0.247516,0.171735,-0.059252
42,54,427.5913,,0.007554,0.166499,0.159871,-0.052146
42,55,443.3245,,0.036795,0.175478,0.160876,-0.017269
42,56,467.5192,,0.054576,0.251258,0.163223,0.000000
42,57,466.1603,,-0.002907,0.296842,0.153136,-0.002907
42,58,447.2264,,-0.040617,0.208238,0.165317,-0.043406
42,59,451.9716,,0.010610,0.127774,0.148913,-0.033256
42,60,410.4796,,-0.091802,0.031874,0.180741,-0.122005
42,61,438.7192,,0.068797,0.115435,0.190881,-0.061602
42,62,459.3020,,0.046916,0.053311,0.164401,-0.017576
42,63,457.9154,,-0.003019,0.015075,0.161398,-0.020542
42,64,447.1981,,-0.023405,0.040755,0.154965,-0.043466
42,65,461.3570,,0.031661,0.087117,0.156065,-0.013182
42,66,462.9358,,0.003422,0.082659,0.156131,-0.009805
42,67,455.5829,,-0.015883,0.027651,0.154255,-0.025532
42,68,473.4297,,0.039174,0.012642,0.149350,0.000000
42,69,470.1731,,-0.006879,0.008608,0.149542,-0.006879
42,70,415.3699,,-0.116560,-0.071232,0.187409,-0.122637
42,71,407.4458,,-0.019077,-0.098514,0.187106,-0.139375
42,72,423.4033,,0.039165,0.031485,0.167310,-0.105668
43,2,71.0015,,-0.130559,,,0.000000
43,3,51.5311,,-0.274225,,,-0.274225
43,4,56.2581,,0.091731,,,-0.207649
43,5,56.0064,,-0.004474,,,-0.211194
43,6,53.9629,,-0.036487,,,-0.239975
43,7,49.6367,,-0.080170,,,-0.300906
43,8,53.4199,,0.076218,,,-0.247623
43,9,50.7649,,-0.049701,,,-0.285017
43,10,47.9241,,-0.055960,,,-0.325027
43,11,63.2753,,0.320323,,,-0.108818
43,12,63.5484,,0.004316,,,-0.104971
43,13,59.3006,,-0.066844,-0.273842,0.493682,-0.164799
43,14,63.9750,,0.078826,-0.098963,0.485547,-0.098963
43,15,69.0897,,0.079948,0.340736,0.386084,-0.026927
43,16,74.4276,,0.077260,0.322965,0.383816,0.000000
43,17,79.3186,,0.065715,0.416240,0.383635,0.000000
43,18,76.7378,,-0.032537,0.422046,0.382858,-0.032537
43,19,78.2130,,0.019224,0.575708,0.362671,-0.013938
43,20,76.2430,,-0.025188,0.427237,0.366713,-0.038775
43,21,77.7866,,0.020246,0.532290,0.355674,-0.019314
43,22,80.4108,,0.033736,0.677877,0.340122,0.000000
43,23,73.2258,,-0.089354,0.157256,0.200080,-0.089354
43,24,78.3339,,0.069758,0.232664,0.207276,-0.025829
43,25,82.0931,,0.047989,0.384354,0.185968,0.000000
43,26,93.4800,,0.138707,0.461193,0.211437,0.000000
43,27,90.6773,,-0.029982,0.312456,0.213822,-0.029982
43,28,86.8697,,-0.041991,0.167169,0.215052,-0.070714
43,29,87.0619,,0.002213,0.097622,0.207872,-0.068658
43,30,88.4936,,0.016445,0.153194,0.202801,-0.053342
43,31,85.8234,,-0.030174,0.097303,0.207243,-0.081906
43,32,82.6376,,-0.037120,0.083871,0.209742,-0.115986
43,33,75.8118,,-0.082599,-0.025387,0.227825,-0.189004
43,34,87.8142,,0.158318,0.092069,0.276855,-0.060609
43,35,91.4261,,0.041131,0.248550,0.255611,-0.021971
43,36,94.0116,,0.028280,0.200140,0.250300,0.000000
43,37,93.0148,,-0.010603,0.133041,0.249397,-0.010603
43,38,91.3753,,-0.017626,-0.022514,0.208962,-0.028042
43,39,91.7282,,0.003862,0.011590,0.206445,-0.024288
43,40,93.5734,,0.020116,0.077171,0.201113,-0.004661
43,41,86.3049,,-0.077677,-0.008694,0.218593,-0.081976
43,42,92.3203,,0.069699,0.043243,0.228933,-0.017991
43,43,82.8678,,-0.102388,-0.034438,0.251477,-0.118537
43,44,81.0866,,-0.021494,-0.018768,0.249476,-0.137483
43,45,68.2999,,-0.157692,-0.099086,0.285540,-0.273495
43,46,77.2395,,0.130887,-0.120421,0.269223,-0.178405
43,47,77.3249,,0.001106,-0.154236,0.264217,-0.177496
43,48,80.4379,,0.040259,-0.144383,0.266428,-0.144383
43,49,87.1108,,0.082957,-0.063473,0.282207,-0.073403
43,50,85.7246,,-0.015913,-0.061840,0.282111,-0.088148
43,51,93.8526,,0.094815,0.023160,0.298429,-0.001691
43,52,97.6921,,0.040910,0.044016,0.300267,0.000000
43,53,103.7449,,0.061958,0.202075,0.289523,0.000000
43,54,97.1859,,-0.063222,0.052704,0.294480,-0.063222
43,55,113.7401,,0.170335,0.372550,0.309194,0.000000
43,56,119.4034,,0.049792,0.472542,0.304319,0.000000
43,57,117.9207,,-0.012418,0.726514,0.228497,-0.012418
43,58,117.7552,,-0.001403,0.524548,0.214288,-0.013804
43,59,118.5728,,0.006943,0.533437,0.213285,-0.006956
43,60,113.2260,,-0.045093,0.407620,0.228779,-0.051736
43,61,126.1708,,0.114327,0.448395,0.238523,0.000000
43,62,130.1237,,0.031330,0.517928,0.232465,0.000000
43,63,130.2611,,0.001056,0.387934,0.226002,0.000000
43,64,124.0362,,-0.047788,0.269665,0.238211,-0.047788
43,65,134.2144,,0.082058,0.293696,0.242681,0.000000
43,66,144.3280,,0.075354,0.485071,0.227549,0.000000
43,67,155.7442,,0.079099,0.369299,0.182311,0.000000
43,68,156.7623,,0.006537,0.312879,0.181742,0.000000
43,69,166.1195,,0.059690,0.408739,0.180205,0.000000
43,70,177.2087,,0.066754,0.504889,0.180064,0.000000
43,71,173.6447,,-0.020112,0.464455,0.186713,-0.020112
43,72,182.7929,,0.052683,0.614405,0.166236,0.000000
44,2,37.1075,,-0.132692,,,0.000000
44,3,28.0181,,-0.244948,,,-0.244948
44,4,32.4928,,0.159707,,,-0.124361
44,5,36.7440,,0.130835,,,-0.009797
44,6,40.1524,,0.092761,,,0.000000
44,7,40.6346,,0.012009,,,0.000000
44,8,43.7471,,0.076597,,,0.000000
44,9,40.4740,,-0.074819,,,-0.074819
44,10,40.3066,,-0.004136,,,-0.078646
44,11,52.1418,,0.293629,,,0.000000
44,12,57.7920,,0.108362,,,0.000000
44,13,56.5439,,-0.021596,0.321590,0.496357,-0.021596
44,14,65.1585,,0.152352,0.755936,0.473909,0.000000
44,15,65.8281,,0.010276,1.349480,0.348911,0.000000
44,16,69.9731,,0.062967,1.153492,0.337419,0.000000
44,17,77.4209,,0.106438,1.107032,0.333474,0.000000
44,18,78.0508,,0.008136,0.943860,0.337308,0.000000
44,19,81.7027,,0.046789,1.010666,0.333587,0.000000
44,20,89.5482,,0.096025,1.046949,0.334966,0.000000
44,21,83.4428,,-0.068180,1.061638,0.331987,-0.068180
44,22,88.1333,,0.056212,1.186571,0.323470,-0.015801
44,23,81.8702,,-0.071064,0.570144,0.245867,-0.085742
44,24,84.7541,,0.035225,0.466536,0.234478,-0.053537
44,25,88.5359,,0.044621,0.565789,0.226419,-0.011305
44,26,78.8934,,-0.108911,0.210791,0.235521,-0.118985
44,27,75.9894,,-0.036809,0.154361,0.241873,-0.151414
44,28,70.0685,,-0.077917,0.001363,0.251769,-0.217533
44,29,75.5371,,0.078046,-0.024332,0.240329,-0.156465
44,30,66.6979,,-0.117018,-0.145455,0.266926,-0.255174
44,31,73.9236,,0.108335,-0.095213,0.287570,-0.174483
44,32,75.4390,,0.020500,-0.157560,0.267831,-0.157560
44,33,69.9417,,-0.072871,-0.161801,0.268955,-0.218949
44,34,72.7390,,0.039995,-0.174670,0.264940,-0.187711
44,35,83.1870,,0.143637,0.016085,0.298602,-0.071036
44,36,75.9918,,-0.086494,-0.103384,0.309648,-0.151386
44,37,86.9946,,0.144789,-0.017408,0.341832,-0.028516
44,38,86.9484,,-0.000531,0.102101,0.319603,-0.029032
44,39,79.1096,,-0.090155,0.041062,0.332670,-0.116570
44,40,81.0648,,0.024715,0.156936,0.319484,-0.094736
44,41,74.3054,,-0.083383,-0.016306,0.326043,-0.170219
44,42,77.6135,,0.044520,0.163657,0.300383,-0.133277
44,43,83.2119,,0.072132,0.125647,0.290266,-0.070759
44,44,78.1021,,-0.061407,0.035301,0.299392,-0.127821
44,45,74.9101,,-0.040870,0.071035,0.291780,-0.163467
44,46,64.9582,,-0.132851,-0.106969,0.321387,-0.274601
44,47,73.6624,,0.133997,-0.114497,0.316616,-0.177400
44,48,86.5770,,0.175321,0.139292,0.350686,-0.033181
44,49,80.9970,,-0.064451,-0.068943,0.328252,-0.095493
44,50,80.6654,,-0.004094,-0.072262,0.328255,-0.099196
44,51,88.2782,,0.094375,0.115897,0.326182,-0.014183
44,52,85.1656,,-0.035259,0.050586,0.329364,-0.048942
44,53,92.5760,,0.087012,0.245885,0.321681,0.000000
44,54,91.9610,,-0.006643,0.184859,0.321906,-0.006643
44,55,97.6571,,0.061940,0.173595,0.320197,0.000000
44,56,98.9174,,0.012905,0.266513,0.308698,0.000000
44,57,99.5189,,0.006081,0.328511,0.301513,0.000000
44,58,110.9849,,0.115214,0.708558,0.256387,0.000000
44,59,126.6427,,0.141080,0.719230,0.259062,0.000000
44,60,120.9750,,-0.044753,0.397311,0.233902,-0.044753
44,61,133.2053,,0.101098,0.644571,0.218858,0.000000
44,62,128.9384,,-0.032033,0.598434,0.227191,-0.032033
44,63,113.0136,,-0.123507,0.280198,0.272162,-0.151584
44,64,111.8027,,-0.010715,0.312767,0.267438,-0.160674
44,65,125.0126,,0.118154,0.350377,0.276881,-0.061505
44,66,137.5403,,0.100211,0.495635,0.282753,0.000000
44,67,139.1025,,0.011358,0.424395,0.282437,0.000000
44,68,147.9543,,0.063635,0.495734,0.283070,0.000000
44,69,156.2920,,0.056353,0.570473,0.281510,0.000000
44,70,161.2474,,0.031706,0.452875,0.269744,0.000000
44,71,167.8279,,0.040810,0.325207,0.243872,0.000000
44,72,175.6130,,0.046387,0.451645,0.231745,0.000000
45,2,34.6307,,-0.129740,,,0.000000
45,3,24.5901,,-0.289933,,,-0.289933
45,4,24.8899,,0.012192,,,-0.281276
45,6,22.3797,,-0.013215,,,-0.353761
45,7,21.2082,,-0.052347,,,-0.387590
45,8,21.1121,,-0.004531,,,-0.390364
45,9,20.6372,,-0.022494,,,-0.404078
45,10,18.8289,,-0.087623,,,-0.456294
45,11,24.0079,,0.275056,,,-0.306744
45,12,26.6137,,0.108539,,,-0.231499
45,13,26.3492,,-0.009938,-0.337851,0.467031,-0.239137
45,14,31.8959,,0.210507,-0.078969,0.506268,-0.078969
45,15,34.5623,,0.083597,0.405538,0.396237,-0.001974
45,16,39.8523,,0.153057,0.601144,0.412394,0.000000
45,17,41.3296,,0.037069,0.822341,0.385868,0.000000
45,18,40.1520,,-0.028493,0.794126,0.389166,-0.028493
45,19,40.7283,,0.014353,0.920404,0.374497,-0.014549
45,20,40.5155,,-0.005225,0.919066,0.374630,-0.019698
45,21,41.3241,,0.019958,1.002409,0.366666,-0.000133
45,22,45.5535,,0.102347,1.419339,0.328008,0.000000
45,23,42.5439,,-0.066067,0.772079,0.280769,-0.066067
45,24,42.8870,,0.008065,0.611464,0.276503,-0.058535
45,25,48.0892,,0.121300,0.825073,0.280075,0.000000
45,26,47.7048,,-0.007993,0.495642,0.227313,-0.007993
45,27,43.5105,,-0.087922,0.258902,0.251549,-0.095212
45,28,39.1738,,-0.099670,-0.017024,0.233922,-0.185392
45,29,41.0952,,0.049048,-0.005670,0.236252,-0.145438
45,30,35.3616,,-0.139520,-0.119306,0.274667,-0.264666
45,31,39.6046,,0.119989,-0.027589,0.302759,-0.176434
45,32,39.4602,,-0.003646,-0.026045,0.302726,-0.179437
45,33,36.5594,,-0.073512,-0.115300,0.310773,-0.239758
45,34,41.8043,,0.143462,-0.082302,0.328681,-0.130692
45,35,43.5859,,0.042618,0.024493,0.323879,-0.093644
45,36,37.7738,,-0.133348,-0.119224,0.352511,-0.214505
45,37,42.8786,,0.135141,-0.108352,0.358180,-0.108352
45,38,42.7871,,-0.002134,-0.103086,0.358167,-0.110255
45,39,34.4149,,-0.195671,-0.209044,0.399491,-0.284352
45,40,36.5969,,0.063403,-0.065781,0.394191,-0.238978
45,41,36.6521,,0.001508,-0.108117,0.390652,-0.237830
45,42,39.6018,,0.080478,0.119909,0.368385,-0.176493
45,43,42.8309,,0.081539,0.081462,0.358283,-0.109345
45,44,38.3121,,-0.105503,-0.029095,0.377017,-0.203311
45,45,38.2096,,-0.002675,0.045138,0.367843,-0.205443
45,46,37.1903,,-0.026677,-0.110371,0.338182,-0.226639
45,47,41.6977,,0.121198,-0.043322,0.358783,-0.132909
45,48,46.4377,,0.113675,0.229361,0.342200,-0.034343
45,49,47.3434,,0.019504,0.104126,0.319270,-0.015508
45,50,52.4476,,0.107812,0.225780,0.332473,0.000000
45,51,55.0677,,0.049957,0.600112,0.233366,0.000000
45,52,56.3598,,0.023464,0.540015,0.232790,0.000000
45,53,56.9299,,0.010115,0.553250,0.231446,0.000000
45,54,56.7507,,-0.003148,0.433033,0.230362,-0.003148
45,55,56.7030,,-0.000841,0.323880,0.225894,-0.003986
45,56,55.8716,,-0.014662,0.458327,0.182486,-0.018590
45,57,54.3920,,-0.026482,0.423515,0.189019,-0.044580
45,58,62.5089,,0.149230,0.680785,0.210889,0.000000
45,59,73.3411,,0.173291,0.758877,0.236125,0.000000
45,60,68.0210,,-0.072539,0.464781,0.254215,-0.072539
45,61,76.3106,,0.121868,0.611854,0.267811,0.000000
45,62,75.8458,,-0.006091,0.446126,0.261979,-0.006091
45,63,69.8653,,-0.078851,0.268716,0.283989,-0.084462
45,64,69.1062,,-0.010865,0.226161,0.285989,-0.094409
45,65,72.7751,,0.053091,0.278329,0.287579,-0.046330
45,66,78.3997,,0.077287,0.381476,0.290630,0.000000
45,67,78.8988,,0.006366,0.391441,0.289874,0.000000
45,68,80.4155,,0.019223,0.439291,0.286009,0.000000
45,69,82.5021,,0.025948,0.516806,0.278667,0.000000
45,70,85.6026,,0.037581,0.369447,0.251127,0.000000
45,71,84.5002,,-0.012878,0.152153,0.197630,-0.012878
45,72,92.2169,,0.091322,0.355712,0.187625,0.000000
46,2,50.8549,,-0.141503,,,0.000000
46,3,33.7537,,-0.336274,,,-0.336274
46,4,38.9145,,0.152896,,,-0.234793
46,5,38.3936,,-0.013386,,,-0.245036
46,6,41.3846,,0.077904,,,-0.186221
46,7,40.5018,,-0.021332,,,-0.203581
46,8,41.8201,,0.032549,,,-0.177658
46,9,35.2673,,-0.156690,,,-0.306511
46,10,33.8847,,-0.039203,,,-0.333698
46,11,45.6098,,0.346029,,,-0.103138
46,12,51.0677,,0.119665,,,0.000000
46,13,48.0282,,-0.059519,-0.189221,0.598001,-0.059519
46,14,55.0279,,0.145741,0.082057,0.594526,0.000000
46,15,60.7662,,0.104280,0.800282,0.452133,0.000000
46,16,59.5050,,-0.020755,0.529121,0.445424,-0.020755
46,17,66.2017,,0.112540,0.724290,0.445852,0.000000
46,18,59.5067,,-0.101130,0.437895,0.470403,-0.101130
46,19,56.8741,,-0.044240,0.404237,0.474125,-0.140896
46,20,60.9340,,0.071384,0.457052,0.475352,-0.079570
46,21,59.4680,,-0.024059,0.686209,0.432063,-0.101714
46,22,58.6037,,-0.014534,0.729503,0.427127,-0.114770
46,23,54.3683,,-0.072272,0.192031,0.299889,-0.178747
46,24,51.5432,,-0.051962,0.009311,0.285226,-0.221421
46,25,55.5803,,0.078325,0.157244,0.285158,-0.160439
46,26,50.5531,,-0.090449,-0.081317,0.264328,-0.236377
46,27,45.9362,,-0.091328,-0.244049,0.248488,-0.306117
46,28,41.4716,,-0.097191,-0.303056,0.259994,-0.373556
46,29,46.4181,,0.119274,-0.298837,0.263996,-0.298837
46,30,39.9694,,-0.138926,-0.328320,0.277984,-0.396247
46,31,45.1058,,0.128508,-0.206918,0.318785,-0.318660
46,32,42.8385,,-0.050266,-0.296968,0.305652,-0.352908
46,33,36.5721,,-0.146280,-0.385012,0.328636,-0.447565
46,34,40.2495,,0.100552,-0.313191,0.355716,-0.392016
46,35,42.4875,,0.055603,-0.218524,0.360522,-0.358211
46,36,40.1559,,-0.054877,-0.220927,0.360857,-0.393430
46,37,46.3618,,0.154545,-0.165859,0.389416,-0.299688
46,38,45.0034,,-0.029300,-0.109780,0.380196,-0.320207
46,39,42.0403,,-0.065842,-0.084811,0.374634,-0.364966
46,40,42.2017,,0.003839,0.017604,0.359970,-0.362528
46,41,40.1717,,-0.048102,-0.134568,0.341137,-0.393192
46,42,41.7307,,0.038808,0.044065,0.311474,-0.369643
46,43,43.1991,,0.035188,-0.042272,0.284674,-0.347462
46,44,37.4253,,-0.133656,-0.126364,0.311521,-0.434677
46,45,37.7128,,0.007682,0.031190,0.272246,-0.430335
46,46,36.2091,,-0.039872,-0.100384,0.254313,-0.453048
46,47,42.2699,,0.167383,-0.005122,0.303767,-0.361498
46,48,47.7787,,0.130324,0.189829,0.321239,-0.278286
46,49,52.1720,,0.091951,0.125322,0.297525,-0.211923
46,50,51.5404,,-0.012106,0.145255,0.295335,-0.221464
46,51,59.2994,,0.150542,0.410536,0.309922,-0.104261
46,52,57.5084,,-0.030203,0.362703,0.315201,-0.131315
46,53,58.4273,,0.015979,0.454439,0.304240,-0.117435
46,54,60.0226,,0.027304,0.438332,0.304308,-0.093337
46,55,61.3657,,0.022377,0.420532,0.304532,-0.073049
46,56,59.2470,,-0.034526,0.583074,0.257858,-0.105053
46,57,59.7789,,0.008978,0.585110,0.257677,-0.097018
46,58,61.2782,,0.025081,0.692343,0.243070,-0.074370
46,59,67.6762,,0.104409,0.601050,0.215634,0.000000
46,60,67.8139,,0.002035,0.419335,0.195302,0.000000
46,61,78.4499,,0.156841,0.503680,0.225799,0.000000
46,62,77.0241,,-0.018175,0.494442,0.227298,-0.018175
46,63,68.8656,,-0.105921,0.161322,0.230828,-0.122171
46,64,66.3337,,-0.036766,0.153463,0.232303,-0.154445
46,65,73.0660,,0.101491,0.250546,0.248299,-0.068629
46,66,83.2330,,0.139148,0.386695,0.275094,0.000000
46,67,91.6228,,0.100799,0.493062,0.283640,0.000000
46,68,94.4292,,0.030630,0.593823,0.273013,0.000000
46,69,99.9026,,0.057963,0.671202,0.270861,0.000000
46,70,99.6369,,-0.002660,0.625975,0.274644,-0.002660
46,71,101.9696,,0.023412,0.506727,0.267097,0.000000
46,72,115.5384,,0.133067,0.703755,0.280000,0.000000
47,2,68.1128,,-0.082171,,,0.000000
47,3,58.8484,,-0.136016,,,-0.136016
47,4,68.9791,,0.172149,,,0.000000
47,5,70.9168,,0.028091,,,0.000000
47,6,79.9743,,0.127720,,,0.000000
47,7,93.3172,,0.166840,,,0.000000
47,8,105.2370,,0.127734,,,0.000000
47,9,103.9823,,-0.011923,,,-0.011923
47,10,109.5849,,0.053880,,,0.000000
47,11,130.7362,,0.193013,,,0.000000
47,12,135.3289,,0.035130,,,0.000000
47,13,139.4280,,0.030290,0.878809,0.357573,0.000000
47,14,121.5044,,-0.128551,0.783868,0.379826,-0.128551
47,15,118.2926,,-0.026434,1.010123,0.332624,-0.151587
47,16,124.4231,,0.051825,0.803778,0.311004,-0.107618
47,17,120.6044,,-0.030691,0.700646,0.321711,-0.135006
47,18,128.1254,,0.062361,0.602082,0.310731,-0.081064
47,19,134.9690,,0.053413,0.446346,0.280938,-0.031981
47,20,132.1668,,-0.020762,0.255896,0.265826,-0.052079
47,21,116.2103,,-0.120730,0.117597,0.300844,-0.166521
47,22,120.4265,,0.036281,0.098934,0.298725,-0.136282
47,23,163.4412,,0.357186,0.250160,0.425784,0.000000
47,24,165.5322,,0.012794,0.223184,0.425787,0.000000
47,25,159.6977,,-0.035247,0.145377,0.429603,-0.035247
47,26,156.2722,,-0.021450,0.286144,0.402334,-0.055941
47,27,138.8542,,-0.111459,0.173821,0.423002,-0.161165
47,28,127.4536,,-0.082105,0.024357,0.432909,-0.230037
47,29,130.6743,,0.025270,0.083496,0.431023,-0.210580
47,30,116.5503,,-0.108086,-0.090342,0.443241,-0.295906
47,31,133.0499,,0.141566,-0.014219,0.463407,-0.196230
47,32,121.3188,,-0.088171,-0.082078,0.472484,-0.267099
47,33,104.2074,,-0.141045,-0.103286,0.478567,-0.370471
47,34,108.5240,,0.041423,-0.098837,0.479034,-0.344394
47,35,116.6684,,0.075047,-0.286176,0.297863,-0.295193
47,36,102.0500,,-0.125299,-0.383504,0.310837,-0.383504
47,37,123.6500,,0.211661,-0.225726,0.397340,-0.253016
47,38,114.6647,,-0.072667,-0.266251,0.401495,-0.307297
47,39,118.4240,,0.032785,-0.147135,0.391229,-0.284587
47,40,109.0799,,-0.078904,-0.144161,0.390576,-0.341036
47,41,105.9140,,-0.029024,-0.189483,0.389423,-0.360162
47,42,111.9439,,0.056932,-0.039525,0.379721,-0.323735
47,43,124.2912,,0.110299,-0.065832,0.368302,-0.249143
47,44,107.7028,,-0.133464,-0.112234,0.382562,-0.349356
47,45,105.1791,,-0.023432,0.009324,0.353710,-0.364601
47,46,103.2187,,-0.018639,-0.048887,0.352141,-0.376445
47,47,122.2165,,0.184054,0.047553,0.391956,-0.261677
47,48,137.8426,,0.127856,0.350735,0.378482,-0.167278
47,49,141.5405,,0.026827,0.144686,0.323115,-0.144938
47,50,150.3850,,0.062487,0.311518,0.311054,-0.091508
47,51,162.1745,,0.078395,0.369437,0.315376,-0.020287
47,52,158.8697,,-0.020378,0.456451,0.298236,-0.040251
47,53,195.4619,,0.230328,0.845475,0.346251,0.000000
47,54,191.5788,,-0.019866,0.711381,0.354628,-0.019866
47,55,174.0445,,-0.091525,0.400296,0.374306,-0.109573
47,56,168.6101,,-0.031224,0.565512,0.336603,-0.137375
47,57,163.5604,,-0.029949,0.555065,0.338047,-0.163210
47,58,157.3673,,-0.037864,0.524601,0.342300,-0.194894
47,59,153.2681,,-0.026049,0.254070,0.308617,-0.215867
47,60,148.5210,,-0.030973,0.077467,0.289713,-0.240154
47,61,168.0647,,0.131589,0.187396,0.314549,-0.140166
47,62,152.7481,,-0.091135,0.015713,0.328026,-0.218527
47,63,149.2883,,-0.022650,-0.079458,0.318834,-0.236227
47,64,145.0611,,-0.028316,-0.086918,0.319396,-0.257854
47,65,141.8757,,-0.021959,-0.274151,0.191560,-0.274151
47,66,155.6139,,0.096833,-0.187729,0.227199,-0.203865
47,67,144.2614,,-0.072953,-0.171123,0.221075,-0.261946
47,68,157.9936,,0.095190,-0.062964,0.245004,-0.191690
47,69,163.5278,,0.035028,-0.000199,0.245876,-0.163377
47,71,166.1686,,-0.070813,0.084170,0.268462,-0.149866
47,72,169.0948,,0.017610,0.138526,0.264853,-0.134895
48,3,81.7116,,-0.138776,,,-0.138776
48,4,92.4881,,0.131885,,,-0.025193
48,5,92.0019,,-0.005257,,,-0.030318
48,6,90.1528,,-0.020098,,,-0.049807
48,7,91.7727,,0.017968,,,-0.032734
48,8,92.0489,,0.003010,,,-0.029822
48,9,92.0139,,-0.000380,,,-0.030191
48,10,84.4437,,-0.082272,,,-0.109979
48,11,93.4129,,0.106215,,,-0.015445
48,12,96.5781,,0.033884,,,0.000000
48,13,91.3840,,-0.053781,-0.127832,0.271492,-0.053781
48,14,91.2459,,-0.001511,-0.038285,0.254777,-0.055211
48,15,103.6065,,0.135465,0.267956,0.239871,0.000000
48,16,110.3083,,0.064685,0.192678,0.214375,0.000000
48,17,111.7544,,0.013110,0.214699,0.213125,0.000000
48,18,115.2436,,0.031222,0.278316,0.209255,0.000000
48,19,110.8175,,-0.038406,0.207524,0.217942,-0.038406
48,20,110.3301,,-0.004398,0.198606,0.218608,-0.042635
48,21,110.4791,,0.001350,0.200680,0.218465,-0.041343
48,22,99.4813,,-0.099546,0.178080,0.227534,-0.136773
48,23,97.4031,,-0.020890,0.042718,0.206937,-0.154806
48,24,112.6611,,0.156648,0.166531,0.256133,-0.022408
48,25,112.5853,,-0.000673,0.232004,0.245798,-0.023066
48,26,103.2629,,-0.082803,0.131701,0.266077,-0.103959
48,27,110.9131,,0.074085,0.070524,0.241166,-0.037576
48,28,112.7813,,0.016844,0.022421,0.233493,-0.021365
48,29,118.4370,,0.050147,0.059798,0.237985,0.000000
48,30,121.9027,,0.029262,0.057784,0.237775,0.000000
48,31,112.9233,,-0.073660,0.019003,0.247502,-0.073660
48,32,110.9030,,-0.017891,0.005193,0.248359,-0.090233
48,33,103.8723,,-0.063395,-0.059800,0.257042,-0.147908
48,34,120.9032,,0.163960,0.215337,0.282492,-0.008199
48,35,130.1792,,0.076723,0.336500,0.284201,0.000000
48,36,124.6449,,-0.042513,0.106371,0.253552,-0.042513
48,37,119.1951,,-0.043723,0.058710,0.259275,-0.084377
48,38,114.3913,,-0.040302,0.107768,0.246331,-0.121279
48,39,117.3994,,0.026297,0.058481,0.237410,-0.098171
48,40,113.2081,,-0.035701,0.003785,0.240779,-0.130367
48,41,115.1605,,0.017246,-0.027664,0.235865,-0.115369
48,42,121.4693,,0.054783,-0.003554,0.240686,-0.066907
48,43,130.8830,,0.077499,0.159045,0.236402,0.000000
48,44,133.2886,,0.018380,0.201850,0.233763,0.000000
48,45,128.8265,,-0.033477,0.240241,0.224196,-0.033477
48,46,132.8115,,0.030933,0.098496,0.161730,-0.003580
48,47,145.5932,,0.096239,0.118407,0.171545,0.000000
48,48,151.8783,,0.043169,0.218489,0.163903,0.000000
48,49,170.5531,,0.122959,0.430875,0.179837,0.000000
48,50,171.8253,,0.007459,0.502085,0.164743,0.000000
48,51,178.9488,,0.041458,0.524274,0.164518,0.000000
48,52,155.7462,,-0.129661,0.375751,0.225270,-0.129661
48,53,156.3553,,0.003911,0.357717,0.226415,-0.126257
48,54,163.6805,,0.046850,0.347505,0.225521,-0.085322
48,55,181.8420,,0.110957,0.389347,0.235913,0.000000
48,56,191.2966,,0.051993,0.435205,0.236512,0.000000
48,57,211.0609,,0.103318,0.638334,0.234285,0.000000
48,58,197.3517,,-0.064954,0.485952,0.258545,-0.064954
48,59,217.1040,,0.100087,0.491168,0.259547,0.000000
48,60,211.5215,,-0.025713,0.392704,0.266649,-0.025713
48,61,246.0358,,0.163172,0.442577,0.284273,0.000000
48,62,242.8990,,-0.012749,0.413641,0.287042,-0.012749
48,63,240.8559,,-0.008411,0.345950,0.289643,-0.021053
48,64,234.2306,,-0.027507,0.503928,0.243181,-0.047981
48,65,250.9295,,0.071293,0.604871,0.242590,0.000000
48,66,287.4285,,0.145455,0.756037,0.263702,0.000000
48,67,246.8367,,-0.141224,0.357427,0.316090,-0.141224
48,68,237.4176,,-0.038159,0.241100,0.321913,-0.173994
48,69,276.9834,,0.166651,0.312342,0.344774,-0.036339
48,70,301.7701,,0.089488,0.529102,0.334104,0.000000
48,71,302.9187,,0.003806,0.395273,0.329112,0.000000
48,72,292.3788,,-0.034794,0.382268,0.330975,-0.034794
49,2,108.9839,,-0.070343,,,0.000000
49,3,99.1364,,-0.090357,,,-0.090357
49,4,109.9359,,0.108936,,,0.000000
49,5,109.3209,,-0.005594,,,-0.005594
49,6,109.9110,,0.005398,,,-0.000226
49,7,115.2864,,0.048907,,,0.000000
49,8,117.2964,,0.017435,,,0.000000
49,9,116.0737,,-0.010424,,,-0.010424
49,10,112.4294,,-0.031396,,,-0.041493
49,11,121.6572,,0.082076,,,0.000000
49,12,125.0902,,0.028219,,,0.000000
49,13,116.0167,,-0.072536,-0.010350,0.213070,-0.072536
49,14,109.7474,,-0.054038,0.007007,0.207682,-0.122654
49,15,120.1623,,0.094899,0.212092,0.200082,-0.039395
49,16,123.4423,,0.027296,0.122857,0.174468,-0.013174
49,17,126.6791,,0.026221,0.158782,0.174096,0.000000
49,18,126.8760,,0.001554,0.154352,0.174334,0.000000
49,19,135.3761,,0.066995,0.174258,0.179246,0.000000
49,20,134.8930,,-0.003569,0.150017,0.180124,-0.003569
49,21,129.7350,,-0.038238,0.117693,0.186108,-0.041671
49,22,140.3423,,0.081761,0.248267,0.192527,0.000000
49,23,138.7617,,-0.011262,0.140594,0.182065,-0.011262
49,24,150.8593,,0.087183,0.206002,0.196661,0.000000
49,25,151.7126,,0.005656,0.307677,0.171705,0.000000
49,26,143.1617,,-0.056362,0.304464,0.172865,-0.056362
49,27,146.3442,,0.022230,0.217886,0.154416,-0.035385
49,28,151.1175,,0.032617,0.224195,0.154877,-0.003922
49,29,147.6324,,-0.023062,0.165404,0.159753,-0.026894
49,30,146.6731,,-0.006498,0.156035,0.160626,-0.033217
49,31,155.0487,,0.057104,0.145318,0.157277,0.000000
49,32,152.6648,,-0.015375,0.131748,0.159009,-0.015375
49,33,144.6802,,-0.052302,0.115199,0.164324,-0.066873
49,34,161.9967,,0.119688,0.154298,0.185384,0.000000
49,35,165.5029,,0.021644,0.192714,0.183539,0.000000
49,36,161.1759,,-0.026145,0.068385,0.170117,-0.026145
49,37,153.5274,,-0.047454,0.011963,0.178521,-0.072358
49,38,155.7806,,0.014676,0.088144,0.166864,-0.058744
49,39,163.6536,,0.050539,0.118279,0.171808,-0.011174
49,40,172.5229,,0.054196,0.141648,0.176146,0.000000
49,41,164.8046,,-0.044738,0.116317,0.182119,-0.044738
49,42,167.3985,,0.015739,0.141303,0.181217,-0.029703
49,43,170.6065,,0.019164,0.100341,0.174843,-0.011108
49,44,161.9242,,-0.050891,0.060651,0.183660,-0.061434
49,45,155.2914,,-0.040962,0.073343,0.180035,-0.099880
49,46,149.6458,,-0.036355,-0.076241,0.135786,-0.132603
49,47,154.2374,,0.030683,-0.068069,0.138067,-0.105989
49,48,156.8449,,0.016906,-0.026871,0.137629,-0.090875
49,49,155.6352,,-0.007713,0.013729,0.128609,-0.097887
49,51,162.8528,,0.066563,-0.004893,0.137051,-0.056051
49,52,163.6902,,0.005142,-0.051198,0.124183,-0.051198
49,53,160.8893,,-0.017111,-0.023758,0.117115,-0.067433
49,54,153.4730,,-0.046096,-0.083188,0.123355,-0.110420
49,55,161.9422,,0.055184,-0.050786,0.136166,-0.061330
49,56,162.1392,,0.001216,0.001327,0.126030,-0.060188
49,57,159.4850,,-0.016370,0.027004,0.119383,-0.075573
49,58,156.9477,,-0.015909,0.048794,0.113691,-0.090280
49,59,154.4624,,-0.015835,0.001459,0.111483,-0.104685
49,60,143.6987,,-0.069685,-0.083817,0.129782,-0.167075
49,61,143.6165,,-0.000572,-0.077224,0.129913,-0.167552
49,62,146.2660,,0.018448,-0.042069,0.131236,-0.152195
49,63,142.9017,,-0.023001,-0.122510,0.108014,-0.171695
49,64,130.3582,,-0.087777,-0.203629,0.130972,-0.244401
49,65,126.3873,,-0.030461,-0.214445,0.131538,-0.267417
49,66,126.9546,,0.004489,-0.172788,0.129988,-0.264129
49,67,134.0632,,0.055993,-0.172154,0.130467,-0.222925
49,68,144.4931,,0.077798,-0.108832,0.159964,-0.162470
49,69,136.5127,,-0.055230,-0.144040,0.166612,-0.208727
49,70,143.3938,,0.050406,-0.086359,0.177664,-0.168842
49,71,145.9949,,0.018140,-0.054819,0.178916,-0.153765
49,72,140.8713,,-0.035094,-0.019675,0.167955,-0.183463
50,3,51.7832,,-0.043058,,,-0.043058
50,4,49.7387,,-0.039482,,,-0.080840
50,5,54.9984,,0.105747,,,0.000000
50,6,51.6863,,-0.060222,,,-0.060222
50,7,60.7414,,0.175193,,,0.000000
50,8,60.4104,,-0.005449,,,-0.005449
50,9,60.3649,,-0.000753,,,-0.006198
50,10,63.6880,,0.055050,,,0.000000
50,11,64.0186,,0.005191,,,0.000000
50,12,67.4303,,0.053292,,,0.000000
50,13,70.6817,,0.048219,0.230988,0.246799,0.000000
50,14,64.2227,,-0.091382,0.186821,0.260292,-0.091382
50,15,66.4311,,0.034387,0.282870,0.252240,-0.060137
50,16,68.1004,,0.025128,0.369163,0.242790,-0.036520
50,17,64.3312,,-0.055348,0.169691,0.240454,-0.089847
50,18,64.3840,,0.000821,0.245668,0.226912,-0.089100
50,19,68.8049,,0.068665,0.132752,0.163863,-0.026553
50,20,74.1838,,0.078176,0.227997,0.175370,0.000000
50,21,69.6698,,-0.060849,0.154144,0.192053,-0.060849
50,22,75.7122,,0.086729,0.188798,0.201900,0.000000
50,23,76.9988,,0.016993,0.202756,0.201550,0.000000
50,24,83.2041,,0.080590,0.233927,0.208626,0.000000
50,25,69.6219,,-0.163240,-0.014995,0.273711,-0.163240
50,26,69.7556,,0.001920,0.086151,0.254303,-0.161633
50,27,75.9131,,0.088272,0.142733,0.265518,-0.087629
50,28,63.6448,,-0.161610,-0.065428,0.317541,-0.235077
50,29,67.8298,,0.065756,0.054383,0.318260,-0.184779
50,30,69.8114,,0.029214,0.084296,0.318777,-0.160963
50,31,76.1473,,0.090757,0.106711,0.323870,-0.084815
50,32,76.6610,,0.006746,0.033391,0.315902,-0.078641
50,33,71.0103,,-0.073710,0.019239,0.319150,-0.146554
50,34,70.1862,,-0.011605,-0.072988,0.306826,-0.156459
50,35,76.7067,,0.092903,-0.003794,0.321142,-0.078091
50,36,76.0951,,-0.007973,-0.085441,0.310070,-0.085441
50,37,67.9303,,-0.107297,-0.024297,0.282456,-0.183571
50,38,64.6535,,-0.048238,-0.073143,0.286722,-0.222954
50,39,70.6136,,0.092185,-0.069810,0.288105,-0.151322
50,40,70.2013,,-0.005839,0.103017,0.230813,-0.156277
50,41,67.2973,,-0.041367,-0.007851,0.227541,-0.191179
50,42,68.4114,,0.016555,-0.020054,0.226196,-0.177789
50,43,67.5816,,-0.012130,-0.112489,0.203557,-0.187763
50,44,61.5887,,-0.088677,-0.196610,0.217728,-0.259790
50,45,53.1866,,-0.136423,-0.251002,0.243307,-0.360771
50,46,54.1242,,0.017629,-0.228849,0.246341,-0.349502
50,47,54.3192,,0.003603,-0.291859,0.216436,-0.347159
50,48,56.8483,,0.046560,-0.252932,0.228084,-0.316762
50,49,54.8735,,-0.034738,-0.192210,0.209228,-0.340497
50,50,51.6539,,-0.058673,-0.201066,0.211238,-0.379192
50,51,60.3627,,0.168599,-0.145170,0.261967,-0.274524
50,52,63.2529,,0.047881,-0.098978,0.268418,-0.239787
50,53,75.5785,,0.194862,0.123054,0.331042,-0.091651
50,54,66.8797,,-0.115096,-0.022389,0.355128,-0.196198
50,55,72.6174,,0.085791,0.074515,0.364031,-0.127239
50,56,76.5339,,0.053933,0.242662,0.349084,-0.080169
50,57,80.8758,,0.056732,0.520606,0.303406,-0.027985
50,58,75.8241,,-0.062462,0.400929,0.319673,-0.088699
50,59,75.2691,,-0.007320,0.385682,0.320925,-0.095370
50,60,69.0506,,-0.082617,0.214647,0.339691,-0.170107
50,61,68.9253,,-0.001815,0.256076,0.335411,-0.171614
50,62,67.5865,,-0.019424,0.308448,0.327139,-0.187704
50,63,68.8426,,0.018585,0.140482,0.288173,-0.172608
50,64,64.9484,,-0.056567,0.026804,0.293687,-0.219411
50,65,68.5998,,0.056220,-0.092338,0.219449,-0.175526
50,66,67.4151,,-0.017270,0.008004,0.185685,-0.189765
50,67,69.5661,,0.031907,-0.042020,0.165920,-0.163913
50,68,70.5353,,0.013932,-0.078379,0.155575,-0.152264
50,69,74.4744,,0.055846,-0.079152,0.155188,-0.104922
50,70,80.3049,,0.078289,0.059094,0.162878,-0.034847
50,71,85.1292,,0.060075,0.130998,0.170704,0.000000
50,72,79.7363,,-0.063350,0.154751,0.159868,-0.063350
51,2,37.6287,,-0.079346,,,0.000000
51,3,37.3300,,-0.007938,,,-0.007938
51,4,39.9145,,0.069234,,,0.000000
51,5,40.2946,,0.009523,,,0.000000
51,6,38.7146,,-0.039211,,,-0.039211
51,7,40.3649,,0.042627,,,0.000000
51,8,42.0893,,0.042720,,,0.000000
51,9,42.2455,,0.003711,,,0.000000
51,10,40.4702,,-0.042023,,,-0.042023
51,11,43.3556,,0.071297,,,0.000000
51,12,42.1642,,-0.027480,,,-0.027480
51,13,39.2935,,-0.068084,-0.038614,0.176709,-0.093693
51,14,40.1131,,0.020858,0.066024,0.156124,-0.074789
51,15,42.1804,,0.051537,0.129933,0.161457,-0.027107
51,16,41.9192,,-0.006192,0.050225,0.149035,-0.033131
51,17,41.4171,,-0.011978,0.027857,0.149862,-0.044712
51,18,41.0798,,-0.008144,0.061093,0.143362,-0.052492
51,19,40.8965,,-0.004462,0.013170,0.137768,-0.056720
51,20,40.7777,,-0.002905,-0.031162,0.130344,-0.059460
51,21,40.0437,,-0.018000,-0.052119,0.131114,-0.076390
51,22,39.2874,,-0.018887,-0.029227,0.125684,-0.093834
51,23,37.7134,,-0.040064,-0.130138,0.102081,-0.130138
51,24,38.9813,,0.033619,-0.075489,0.109438,-0.100895
51,25,39.9341,,0.024442,0.016302,0.089534,-0.078919
51,26,40.7493,,0.020414,0.015860,0.089431,-0.060116
51,27,38.6765,,-0.050867,-0.083070,0.085619,-0.107925
51,28,35.1536,,-0.091086,-0.161397,0.120013,-0.189180
51,29,39.4164,,0.121262,-0.048307,0.180947,-0.090859
51,30,39.0014,,-0.010529,-0.050595,0.181038,-0.100431
51,31,35.4971,,-0.089851,-0.132027,0.200803,-0.181258
51,32,32.5353,,-0.083438,-0.202131,0.213366,-0.249572
51,33,29.5471,,-0.091845,-0.262130,0.226170,-0.318495
51,34,29.0802,,-0.015802,-0.259810,0.226253,-0.329265
51,35,30.8443,,0.060663,-0.182141,0.239885,-0.288576
51,36,31.1766,,0.010773,-0.200218,0.235950,-0.280912
51,37,32.8937,,0.055077,-0.176301,0.243589,-0.241306
51,38,31.1925,,-0.051718,-0.234528,0.243226,-0.280545
51,39,31.2568,,0.002061,-0.191841,0.241600,-0.279062
51,40,31.2086,,-0.001542,-0.112223,0.227147,-0.280173
51,41,29.1106,,-0.067225,-0.261461,0.184399,-0.328564
51,42,30.3852,,0.043785,-0.220921,0.196224,-0.299165
51,43,27.8442,,-0.083626,-0.215593,0.193859,-0.357773
51,44,29.0912,,0.044785,-0.105857,0.189407,-0.329011
51,45,26.9538,,-0.073472,-0.087768,0.181237,-0.378310
51,46,29.2159,,0.083925,0.004667,0.201833,-0.326134
51,47,32.5576,,0.114379,0.055547,0.224727,-0.249058
51,48,32.0225,,-0.016435,0.027134,0.225798,-0.261400
51,49,35.9722,,0.123341,0.093590,0.251451,-0.170300
51,50,34.5663,,-0.039083,0.108161,0.248374,-0.202727
51,51,36.2420,,0.048478,0.159493,0.250895,-0.164077
51,52,34.1086,,-0.058865,0.092924,0.261295,-0.213284
51,53,36.1179,,0.058909,0.240715,0.250864,-0.166939
51,54,36.1969,,0.002187,0.191268,0.250101,-0.165117
51,55,35.5650,,-0.017457,0.277287,0.228901,-0.179692
51,56,37.2710,,0.047969,0.281179,0.229260,-0.140343
51,57,40.0632,,0.074916,0.486366,0.208334,-0.075940
51,58,37.5832,,-0.061902,0.286397,0.221725,-0.133142
51,59,40.1722,,0.068887,0.233882,0.205342,-0.073426
51,60,36.2311,,-0.098105,0.131427,0.234933,-0.164328
51,61,35.6875,,-0.015004,-0.007914,0.202133,-0.176866
51,62,39.7407,,0.113575,0.149696,0.225480,-0.083379
51,63,41.8245,,0.052435,0.154035,0.226181,-0.035316
51,64,40.6259,,-0.028658,0.191076,0.217418,-0.062962
51,65,41.1847,,0.013755,0.140286,0.212437,-0.050073
51,66,40.5383,,-0.015695,0.119940,0.214149,-0.064982
55,8,171.8200,,0.087468,,,-0.371734
51,67,40.0605,,-0.011786,0.126404,0.213395,-0.076002
51,68,42.1077,,0.051103,0.129772,0.213998,-0.028783
51,69,41.8411,,-0.006331,0.044379,0.203067,-0.034932
51,70,37.8331,,-0.095791,0.006650,0.217590,-0.127377
51,71,39.8101,,0.052256,-0.009012,0.212622,-0.081777
51,72,39.4422,,-0.009241,0.088630,0.184103,-0.090262
52,2,168.0640,,-0.092536,,,0.000000
52,3,144.0145,,-0.143097,,,-0.143097
52,4,163.3586,,0.134321,,,-0.027997
52,5,162.2786,,-0.006611,,,-0.034423
52,6,161.7385,,-0.003328,,,-0.037636
52,7,170.3397,,0.053180,,,0.000000
52,8,187.2088,,0.099032,,,0.000000
52,9,193.5690,,0.033974,,,0.000000
52,10,187.8455,,-0.029568,,,-0.029568
52,11,191.7611,,0.020845,,,-0.009339
52,12,190.3636,,-0.007288,,,-0.016559
52,13,184.3843,,-0.031410,-0.004413,0.262599,-0.047449
52,14,182.8761,,-0.008180,0.088135,0.242118,-0.055241
52,15,200.0682,,0.094010,0.389225,0.189711,0.000000
52,16,210.7259,,0.053270,0.289960,0.154755,0.000000
52,17,208.7711,,-0.009277,0.286498,0.155321,-0.009277
52,18,207.3213,,-0.006944,0.281830,0.156007,-0.016157
52,19,217.8404,,0.050738,0.278858,0.155490,0.000000
52,20,213.1283,,-0.021631,0.138452,0.135468,-0.021631
52,21,217.5907,,0.020938,0.124099,0.133730,-0.001146
52,22,221.5976,,0.018415,0.179680,0.126474,0.000000
52,23,220.7403,,-0.003869,0.151121,0.127522,-0.003869
52,24,243.2621,,0.102028,0.277880,0.153352,0.000000
52,25,235.4398,,-0.032156,0.276896,0.153634,-0.032156
52,26,222.1184,,-0.056581,0.214583,0.170513,-0.086918
52,27,225.6443,,0.015874,0.127836,0.148733,-0.072423
52,28,227.3599,,0.007603,0.078936,0.141369,-0.065371
52,29,230.1430,,0.012241,0.102370,0.140284,-0.053930
52,30,225.2794,,-0.021133,0.086619,0.142728,-0.073923
52,31,241.6585,,0.072706,0.109337,0.151381,-0.006592
52,32,231.4828,,-0.042108,0.086119,0.157252,-0.048423
52,33,212.8773,,-0.080375,-0.021662,0.179150,-0.124906
52,34,251.5521,,0.181676,0.135174,0.255982,0.000000
52,35,251.6721,,0.000477,0.140127,0.255707,0.000000
52,36,244.4982,,-0.028505,0.005081,0.239104,-0.028505
52,37,248.0887,,0.014685,0.053724,0.236274,-0.014239
52,38,244.8508,,-0.013051,0.102344,0.227465,-0.027104
52,39,260.9147,,0.065607,0.156310,0.234202,0.000000
52,40,275.9756,,0.057723,0.213827,0.238005,0.000000
52,41,266.0470,,-0.035976,0.156007,0.244155,-0.035976
52,42,278.4577,,0.046649,0.236056,0.242826,0.000000
52,43,275.0484,,-0.012244,0.138170,0.237496,-0.012244
52,44,263.7444,,-0.041098,0.139370,0.237243,-0.052839
52,45,248.4594,,-0.057954,0.167148,0.228519,-0.107731
52,46,247.2616,,-0.004821,-0.017056,0.138250,-0.112032
52,47,265.8131,,0.075028,0.056188,0.157682,-0.045410
52,48,281.3246,,0.058355,0.150621,0.161131,0.000000
52,49,277.7286,,-0.012782,0.119474,0.163099,-0.012782
52,50,277.3112,,-0.001503,0.132573,0.161686,-0.014266
52,51,269.0322,,-0.029855,0.031112,0.154817,-0.043695
52,52,260.5305,,-0.031601,-0.055965,0.146191,-0.073915
52,53,247.0288,,-0.051824,-0.071484,0.150762,-0.121909
52,54,243.1643,,-0.015644,-0.126747,0.139817,-0.135645
52,55,254.8847,,0.048200,-0.073309,0.151564,-0.093983
52,56,277.2231,,0.087641,0.051105,0.171856,-0.014579
52,57,292.4451,,0.054909,0.177034,0.163413,0.000000
52,58,282.1688,,-0.035139,0.141176,0.170038,-0.035139
52,59,285.9361,,0.013351,0.075704,0.155741,-0.022257
52,60,280.0244,,-0.020675,-0.004622,0.147131,-0.042472
52,61,280.5524,,0.001886,0.010168,0.146424,-0.040666
52,62,299.6284,,0.067994,0.080477,0.160600,0.000000
52,63,303.5544,,0.013103,0.128320,0.155379,0.000000
52,64,312.4225,,0.029214,0.199178,0.148950,0.000000
52,65,306.7536,,-0.018145,0.241773,0.135390,-0.018145
52,66,285.5638,,-0.069078,0.174365,0.158783,-0.085970
52,67,294.9486,,0.032864,0.157184,0.155940,-0.055931
52,68,308.1887,,0.044890,0.111699,0.138557,-0.013552
52,69,298.7034,,-0.030778,0.021399,0.134421,-0.043913
52,70,295.0019,,-0.012392,0.045479,0.129308,-0.055760
52,71,308.2381,,0.044868,0.077995,0.135398,-0.013394
52,72,302.1192,,-0.019851,0.078902,0.135217,-0.032979
53,2,114.9432,,-0.149374,,,0.000000
53,3,94.3775,,-0.178921,,,-0.178921
53,4,105.6617,,0.119565,,,-0.080749
53,5,114.6012,,0.084605,,,-0.002975
53,6,108.9444,,-0.049361,,,-0.052190
53,7,114.2495,,0.048695,,,-0.006036
53,8,128.8360,,0.127672,,,0.000000
53,9,121.2252,,-0.059074,,,-0.059074
53,10,118.4603,,-0.022808,,,-0.080535
53,11,144.6046,,0.220701,,,0.000000
53,12,177.0115,,0.224107,,,0.000000
53,13,164.3008,,-0.071807,0.215891,0.464503,-0.071807
53,14,184.6906,,0.124100,0.606796,0.432210,0.000000
53,15,180.2746,,-0.023910,0.910142,0.366509,-0.023910
53,16,181.7401,,0.008129,0.720016,0.363751,-0.015975
53,17,174.5397,,-0.039619,0.523016,0.372313,-0.054961
53,18,171.7260,,-0.016121,0.576270,0.364965,-0.070196
53,19,171.9702,,0.001422,0.505215,0.367263,-0.068874
53,20,177.1287,,0.029996,0.374837,0.354416,-0.040944
53,21,165.2778,,-0.066906,0.363393,0.356673,-0.105111
53,22,165.1801,,-0.000591,0.394391,0.353723,-0.105640
53,23,141.5662,,-0.142959,-0.021013,0.328648,-0.233497
53,24,151.3263,,0.068944,-0.145106,0.238632,-0.180651
53,25,139.6806,,-0.076958,-0.149850,0.240120,-0.243706
53,26,145.0443,,0.038400,-0.214664,0.199255,-0.214664
53,27,134.0043,,-0.076115,-0.256667,0.207512,-0.274440
53,28,109.0617,,-0.186133,-0.399904,0.260256,-0.409491
53,29,107.8990,,-0.010661,-0.381810,0.261774,-0.415786
53,30,92.2281,,-0.145237,-0.462936,0.281892,-0.500636
53,31,103.6589,,0.123941,-0.397229,0.327841,-0.438744
53,32,109.5013,,0.056362,-0.381799,0.334710,-0.407111
53,33,92.1597,,-0.158369,-0.442396,0.356087,-0.501006
53,34,104.0888,,0.129439,-0.369847,0.394437,-0.436417
53,35,95.6182,,-0.081379,-0.324570,0.380016,-0.482280
53,36,84.8811,,-0.112291,-0.439086,0.373531,-0.540416
53,37,105.9939,,0.248734,-0.241170,0.469536,-0.426101
53,38,97.3182,,-0.081851,-0.329045,0.470170,-0.473076
53,39,97.8262,,0.005220,-0.269977,0.467450,-0.470325
53,40,100.1417,,0.023670,-0.081788,0.430603,-0.457788
53,41,85.9363,,-0.141853,-0.203548,0.453458,-0.534702
53,42,87.2259,,0.015006,-0.054237,0.429438,-0.527720
53,43,86.8448,,-0.004369,-0.162206,0.408417,-0.529783
53,44,81.7547,,-0.058611,-0.253390,0.404672,-0.557343
53,45,79.1852,,-0.031429,-0.140782,0.375515,-0.571255
53,46,79.7128,,0.006663,-0.234184,0.345557,-0.568399
53,47,90.5574,,0.136046,-0.052926,0.369430,-0.509681
53,48,88.2126,,-0.025893,0.039250,0.350283,-0.522377
53,49,94.1460,,0.067262,-0.111778,0.245276,-0.490251
53,50,109.3681,,0.161686,0.123820,0.282790,-0.407832
53,51,119.9344,,0.096612,0.225995,0.294643,-0.350621
53,52,108.8976,,-0.092024,0.087435,0.315237,-0.410380
53,53,101.8501,,-0.064717,0.185180,0.282206,-0.448538
53,54,97.3217,,-0.044461,0.115743,0.288893,-0.473057
53,55,91.8327,,-0.056401,0.057434,0.296734,-0.502777
53,56,88.9971,,-0.030878,0.088586,0.291198,-0.518130
53,57,94.7182,,0.064284,0.196159,0.291998,-0.487153
53,58,94.7280,,0.000103,0.188364,0.292353,-0.487101
53,59,115.6725,,0.221101,0.277336,0.338643,-0.373698
53,60,109.6462,,-0.052098,0.242973,0.343889,-0.406327
53,61,111.8233,,0.019856,0.187763,0.340413,-0.394539
53,62,112.5552,,0.006545,0.029139,0.302511,-0.390576
53,63,97.6204,,-0.132689,-0.186053,0.313989,-0.471440
53,64,89.9552,,-0.078520,-0.173948,0.310575,-0.512943
53,65,111.8035,,0.242880,0.097725,0.394854,-0.394646
53,66,122.6536,,0.097046,0.260289,0.397615,-0.335899
53,67,118.3095,,-0.035418,0.288314,0.393455,-0.359420
53,68,117.5844,,-0.006129,0.321214,0.390259,-0.363346
53,69,113.7305,,-0.032776,0.200723,0.392724,-0.384213
53,70,111.8632,,-0.016419,0.180887,0.394020,-0.394324
53,71,103.7679,,-0.072368,-0.102917,0.335050,-0.438155
53,72,113.0054,,0.089021,0.030636,0.343037,-0.388139
54,2,163.6672,,-0.075538,,,0.000000
54,3,167.3047,,0.022225,,,0.000000
54,4,197.4185,,0.179994,,,0.000000
54,5,189.5620,,-0.039796,,,-0.039796
54,6,195.9631,,0.033768,,,-0.007372
54,7,203.2829,,0.037353,,,0.000000
54,8,210.4697,,0.035354,,,0.000000
54,9,212.5820,,0.010036,,,0.000000
54,10,181.4509,,-0.146443,,,-0.146443
54,11,185.7166,,0.023509,,,-0.126377
54,12,193.6138,,0.042523,,,-0.089228
54,13,203.3063,,0.050061,0.148361,0.272133,-0.043633
54,14,189.4034,,-0.068384,0.157248,0.269635,-0.109034
54,15,211.0788,,0.114440,0.261644,0.287501,-0.007071
54,16,203.2994,,-0.036855,0.029790,0.235077,-0.043666
54,17,201.8572,,-0.007094,0.064862,0.230567,-0.050450
54,18,208.2401,,0.031621,0.062650,0.230308,-0.020424
54,19,206.3521,,-0.009066,0.015099,0.228343,-0.029305
54,20,192.6745,,-0.066283,-0.084550,0.235296,-0.093646
54,21,183.0737,,-0.049829,-0.138808,0.238670,-0.138808
54,22,178.1837,,-0.026711,-0.018006,0.188930,-0.161812
54,23,171.2189,,-0.039088,-0.078064,0.190732,-0.194575
54,24,195.3063,,0.140682,0.008742,0.237223,-0.081266
54,25,197.1901,,0.009645,-0.030084,0.231819,-0.072405
54,26,196.6171,,-0.002906,0.038086,0.219865,-0.075100
54,27,211.7345,,0.076888,0.003107,0.201926,-0.003987
54,28,204.1782,,-0.035688,0.004322,0.201686,-0.039532
54,29,224.7983,,0.100991,0.113650,0.224167,0.000000
54,30,214.7419,,-0.044735,0.031222,0.229394,-0.044735
54,31,218.4225,,0.017140,0.058494,0.229201,-0.028362
54,32,212.0941,,-0.028973,0.100790,0.219057,-0.056513
54,33,200.4794,,-0.054762,0.095075,0.220572,-0.108180
54,34,240.4596,,0.199423,0.349504,0.286331,0.000000
54,35,254.7351,,0.059368,0.487776,0.277886,0.000000
54,36,235.2110,,-0.076645,0.204319,0.273889,-0.076645
54,37,226.0405,,-0.038988,0.146309,0.279821,-0.112645
54,38,207.4665,,-0.082171,0.055182,0.295891,-0.185560
54,39,218.4120,,0.052758,0.031539,0.290670,-0.142591
54,40,216.5960,,-0.008315,0.060820,0.287697,-0.149721
54,41,199.3489,,-0.079628,-0.113209,0.280566,-0.217427
54,42,202.4793,,0.015703,-0.057103,0.278228,-0.205138
54,43,213.5417,,0.054635,-0.022345,0.283531,-0.161711
54,44,233.7786,,0.094768,0.102241,0.295974,-0.082268
54,45,247.0914,,0.056946,0.232503,0.289771,-0.030007
54,46,235.0844,,-0.048593,-0.022353,0.220778,-0.077141
54,47,247.9005,,0.054517,-0.026830,0.219404,-0.026830
54,48,266.8806,,0.076563,0.134644,0.214779,0.000000
54,49,291.1947,,0.091105,0.288241,0.220188,0.000000
54,50,253.7321,,-0.128651,0.223003,0.247644,-0.128651
54,51,265.5117,,0.046425,0.215646,0.246791,-0.088199
54,52,255.8184,,-0.036508,0.181086,0.251730,-0.121487
54,53,285.6175,,0.116485,0.432752,0.246419,-0.019153
54,54,293.8532,,0.028835,0.451276,0.245775,0.000000
54,55,312.6817,,0.064075,0.464266,0.246824,0.000000
54,56,313.9607,,0.004090,0.342983,0.239277,0.000000
54,57,305.1423,,-0.028088,0.234937,0.242793,-0.028088
54,58,303.2009,,-0.006362,0.289753,0.233259,-0.034271
54,59,267.8862,,-0.116473,0.080620,0.268497,-0.146753
54,60,248.8076,,-0.071219,-0.067719,0.268774,-0.207520
54,61,272.4627,,0.095074,-0.064328,0.270316,-0.132176
54,62,294.0749,,0.079322,0.158998,0.243246,-0.063338
54,63,299.8091,,0.019499,0.129175,0.240886,-0.045074
54,64,279.9566,,-0.066217,0.094357,0.249156,-0.108307
54,65,277.3199,,-0.009418,-0.029051,0.220583,-0.116705
54,66,271.0624,,-0.022564,-0.077558,0.219090,-0.136635
54,67,286.4887,,0.056911,-0.083768,0.216736,-0.087500
54,68,279.3144,,-0.025042,-0.110351,0.217294,-0.110351
54,69,276.1877,,-0.011194,-0.094887,0.216234,-0.120310
54,70,292.0719,,0.057512,-0.036704,0.225505,-0.069717
54,71,338.0999,,0.157591,0.262104,0.238759,0.000000
54,72,322.6213,,-0.045781,0.296671,0.229121,-0.045781
55,2,273.4828,,-0.135608,,,0.000000
55,3,149.1400,,-0.454664,,,-0.454664
55,4,141.0200,,-0.054445,,,-0.484355
55,5,145.8500,,0.034250,,,-0.466694
55,6,183.3000,,0.256771,,,-0.329756
55,7,158.0000,,-0.138025,,,-0.422267
55,9,165.2600,,-0.038179,,,-0.395720
55,10,144.3900,,-0.126286,,,-0.472032
55,11,210.7100,,0.459312,,,-0.229530
55,12,214.0600,,0.015899,,,-0.217281
55,13,194.1900,,-0.092824,-0.386226,0.778970,-0.289936
55,14,212.0100,,0.091766,-0.224776,0.773901,-0.224776
55,15,254.7200,,0.201453,0.707929,0.611271,-0.068605
55,16,234.3100,,-0.080127,0.661540,0.616942,-0.143235
55,17,247.0200,,0.054244,0.693661,0.616499,-0.096760
55,18,239.5600,,-0.030200,0.306930,0.581147,-0.124038
55,19,226.4800,,-0.054600,0.433420,0.559851,-0.171866
55,20,219.5000,,-0.030819,0.277503,0.561556,-0.197388
55,21,219.9400,,0.002005,0.330876,0.557595,-0.195779
55,22,207.0300,,-0.058698,0.433828,0.540205,-0.242985
55,23,197.8500,,-0.044341,-0.061030,0.290649,-0.276552
55,24,201.3200,,0.017539,-0.059514,0.290765,-0.263863
55,25,200.2400,,-0.005365,0.031157,0.273628,-0.267813
55,26,205.3400,,0.025469,-0.031460,0.258363,-0.249165
55,27,191.5000,,-0.067400,-0.248193,0.143858,-0.299771
55,28,148.8400,,-0.222768,-0.364773,0.242727,-0.455759
55,29,131.4000,,-0.117173,-0.468059,0.234693,-0.519530
55,30,136.7200,,0.040487,-0.429287,0.250910,-0.500077
55,31,159.3100,,0.165228,-0.296582,0.325120,-0.417476
55,32,160.2500,,0.005900,-0.269932,0.326431,-0.414039
55,33,121.0800,,-0.244431,-0.449487,0.393192,-0.557266
55,34,142.5100,,0.176990,-0.311647,0.449031,-0.478906
55,35,178.8800,,0.255210,-0.095883,0.526382,-0.345918
55,36,190.4900,,0.064904,-0.053797,0.529979,-0.303466
55,37,213.0000,,0.118169,0.063721,0.541260,-0.221157
55,38,201.5500,,-0.053756,-0.018459,0.545642,-0.263024
55,39,212.4300,,0.053982,0.109293,0.540306,-0.223241
55,40,206.7800,,-0.026597,0.389275,0.475825,-0.243900
55,41,205.7000,,-0.005223,0.565447,0.448763,-0.247849
55,42,211.1600,,0.026544,0.544469,0.449163,-0.227884
55,43,238.8500,,0.131133,0.499277,0.440394,-0.126634
55,44,224.0300,,-0.062047,0.398004,0.451554,-0.180824
55,45,191.6800,,-0.144400,0.583087,0.390706,-0.299113
55,46,186.8200,,-0.025355,0.310927,0.367609,-0.316884
55,47,231.6300,,0.239857,0.294893,0.357423,-0.153034
55,48,260.6600,,0.125329,0.368368,0.369424,-0.046885
55,49,211.0400,,-0.190363,-0.009201,0.416298,-0.228323
55,50,203.7200,,-0.034685,0.010768,0.413753,-0.255088
55,51,192.9900,,-0.052670,-0.091511,0.414384,-0.294323
55,52,167.8400,,-0.130318,-0.188315,0.433754,-0.386285
55,53,177.6100,,0.058210,-0.136557,0.439150,-0.350561
55,54,182.0100,,0.024773,-0.138047,0.439016,-0.334472
55,55,190.6000,,0.047195,-0.202010,0.418140,-0.303063
55,56,173.7400,,-0.088458,-0.224479,0.422398,-0.364712
55,57,152.0400,,-0.124899,-0.206804,0.416248,-0.444059
55,58,149.3100,,-0.017956,-0.200782,0.416067,-0.454042
55,59,155.4400,,0.041056,-0.328930,0.321546,-0.431627
55,60,177.0000,,0.138703,-0.320955,0.328726,-0.352792
55,61,176.5200,,-0.002712,-0.163571,0.276721,-0.354547
55,62,174.6300,,-0.010707,-0.142795,0.275595,-0.361458
55,63,170.5500,,-0.023364,-0.116277,0.272161,-0.376377
55,64,183.2400,,0.074406,0.091752,0.247119,-0.329975
55,65,207.3200,,0.131412,0.167275,0.272352,-0.241926
55,66,209.5300,,0.010660,0.151199,0.272210,-0.233845
55,67,221.8400,,0.058751,0.163903,0.273959,-0.188833
55,68,234.6800,,0.057880,0.350755,0.251500,-0.141882
55,69,215.8300,,-0.080322,0.419561,0.224480,-0.210808
55,70,201.0200,,-0.068619,0.346327,0.241708,-0.264962
55,71,189.0000,,-0.059795,0.215903,0.256044,-0.308913
55,72,217.1200,,0.148783,0.226667,0.261335,-0.206091
56,2,17.3304,,-0.047136,,,0.000000
56,3,14.3436,,-0.172345,,,-0.172345
56,4,14.9931,,0.045282,,,-0.134867
56,5,15.5407,,0.036523,,,-0.103270
56,6,15.2235,,-0.020411,,,-0.121573
56,7,14.8962,,-0.021500,,,-0.140459
56,8,15.3591,,0.031075,,,-0.113749
56,9,14.6893,,-0.043609,,,-0.152398
56,10,13.9216,,-0.052263,,,-0.196696
56,11,15.1758,,0.090090,,,-0.124326
56,12,15.1811,,0.000349,,,-0.124020
56,13,15.1124,,-0.004525,-0.169088,0.228427,-0.127984
56,14,15.0687,,-0.002892,-0.130506,0.225524,-0.130506
56,15,16.3546,,0.085336,0.140201,0.160367,-0.056307
56,16,16.9705,,0.037659,0.131886,0.158813,-0.020768
56,17,16.2627,,-0.041708,0.046457,0.164437,-0.061610
56,18,15.9035,,-0.022087,0.044667,0.164726,-0.082336
56,19,15.5001,,-0.025365,0.040540,0.165439,-0.105613
56,20,15.5214,,0.001374,0.010567,0.162849,-0.104384
56,21,15.2893,,-0.014954,0.040845,0.156518,-0.117777
56,22,14.2987,,-0.064790,0.027087,0.161863,-0.174936
56,23,13.2574,,-0.072825,-0.126412,0.147845,-0.235022
56,24,14.2852,,0.077527,-0.059014,0.172103,-0.175715
56,25,14.8079,,0.036590,-0.020149,0.176797,-0.145555
56,26,14.1294,,-0.045820,-0.062334,0.182546,-0.184705
56,27,14.0936,,-0.002534,-0.138249,0.154596,-0.186771
56,28,14.8932,,0.056735,-0.122406,0.162192,-0.140633
56,29,17.0545,,0.145120,0.048689,0.219575,-0.015921
56,30,16.7901,,-0.015503,0.055749,0.218762,-0.031177
56,31,15.0438,,-0.104008,-0.029439,0.243873,-0.131943
56,32,14.2376,,-0.053590,-0.082712,0.249598,-0.178462
56,33,12.4519,,-0.125421,-0.185580,0.277382,-0.281500
56,34,14.7977,,0.188389,0.034899,0.336167,-0.146143
56,35,15.9280,,0.076383,0.201443,0.330555,-0.080922
56,36,15.2093,,-0.045122,0.064689,0.329816,-0.122393
56,37,16.8285,,0.106461,0.136454,0.343257,-0.028962
56,38,15.8479,,-0.058270,0.121626,0.345883,-0.085544
56,39,16.1329,,0.017983,0.144697,0.345418,-0.069100
56,40,14.8087,,-0.082081,-0.005674,0.355210,-0.145509
56,41,13.3698,,-0.097166,-0.216055,0.332236,-0.228537
56,42,13.5568,,0.013987,-0.192573,0.333589,-0.217746
56,43,12.3414,,-0.089652,-0.179636,0.329627,-0.287877
56,44,12.7950,,0.036754,-0.101324,0.329675,-0.261703
56,45,12.9940,,0.015553,0.043534,0.302428,-0.250221
56,46,13.3227,,0.025296,-0.099679,0.231287,-0.231254
56,47,14.6087,,0.096527,-0.082830,0.239894,-0.157049
56,48,14.7939,,0.012677,-0.027313,0.236278,-0.146363
56,49,15.5962,,0.054232,-0.073228,0.215418,-0.100069
56,50,15.1696,,-0.027353,-0.042802,0.209128,-0.124685
56,51,15.7700,,0.039579,-0.022495,0.212461,-0.090041
56,52,15.1338,,-0.040342,0.021953,0.198543,-0.126750
56,53,16.5929,,0.096413,0.241073,0.185587,-0.042558
56,54,17.4034,,0.048846,0.283739,0.187725,0.000000
56,55,17.5309,,0.007326,0.420493,0.144711,0.000000
56,56,18.3949,,0.049284,0.437661,0.145844,0.000000
56,57,20.3361,,0.105529,0.565035,0.161972,0.000000
56,58,20.8352,,0.024543,0.563886,0.162043,0.000000
56,59,21.6832,,0.040700,0.484264,0.149533,0.000000
56,60,21.3181,,-0.016838,0.441005,0.156916,-0.016838
56,61,22.2168,,0.042157,0.424500,0.155494,0.000000
56,62,25.9879,,0.169741,0.713156,0.194957,0.000000
56,63,26.8128,,0.031742,0.700241,0.195450,0.000000
56,64,26.2629,,-0.020509,0.735379,0.186634,-0.020509
56,65,26.6374,,0.014260,0.605349,0.181515,-0.006541
56,66,27.7298,,0.041010,0.593356,0.181333,0.000000
56,67,26.2637,,-0.052871,0.498138,0.202224,-0.052871
56,68,28.3456,,0.079269,0.540950,0.206593,0.000000
56,69,27.3294,,-0.035850,0.343887,0.204716,-0.035850
56,70,23.9519,,-0.123585,0.149589,0.253901,-0.155004
56,71,25.4521,,0.062634,0.173818,0.257332,-0.102079
56,72,24.2978,,-0.045352,0.139774,0.262814,-0.142802
57,2,286.0340,,-0.071490,,,0.000000
57,3,278.9521,,-0.024759,,,-0.024759
57,4,329.4499,,0.181027,,,0.000000
57,5,343.7331,,0.043355,,,0.000000
57,6,356.6776,,0.037659,,,0.000000
57,7,407.7477,,0.143183,,,0.000000
57,8,422.5526,,0.036309,,,0.000000
57,9,434.9045,,0.029232,,,0.000000
57,10,466.2690,,0.072118,,,0.000000
57,11,458.2469,,-0.017205,,,-0.017205
57,12,459.0353,,0.001720,,,-0.015515
57,13,502.5538,,0.094804,0.631367,0.246950,0.000000
57,14,443.7697,,-0.116971,0.551458,0.272940,-0.116971
57,15,449.9815,,0.013998,0.613115,0.265554,-0.104610
57,16,463.9050,,0.030942,0.408120,0.218939,-0.076905
57,17,463.1848,,-0.001552,0.347513,0.220720,-0.078338
57,18,497.6844,,0.074483,0.395333,0.225672,-0.009690
57,19,533.0445,,0.071049,0.307288,0.195786,0.000000
57,20,547.7917,,0.027666,0.296385,0.195387,0.000000
57,21,563.9604,,0.029516,0.296743,0.195397,0.000000
57,22,625.1946,,0.108579,0.340843,0.208294,0.000000
57,23,624.9577,,-0.000379,0.363799,0.205105,-0.000379
57,24,658.9397,,0.054375,0.435487,0.204553,0.000000
57,25,574.2997,,-0.128449,0.142762,0.247374,-0.128449
57,26,537.4490,,-0.064166,0.211099,0.221221,-0.184373
57,27,583.5374,,0.085754,0.296803,0.231215,-0.114430
57,28,546.5675,,-0.063355,0.178188,0.246821,-0.170535
57,29,561.0493,,0.026496,0.211285,0.246223,-0.148557
57,30,537.0383,,-0.042797,0.079073,0.245043,-0.184997
57,31,591.8818,,0.102122,0.110379,0.255419,-0.101767
57,32,539.3709,,-0.088719,-0.015373,0.273173,-0.181457
57,33,501.6570,,-0.069922,-0.110476,0.280091,-0.238691
57,34,508.6355,,0.013911,-0.186437,0.252193,-0.228101
57,35,554.4056,,0.089986,-0.112892,0.273075,-0.158641
57,36,544.9745,,-0.017011,-0.172953,0.264758,-0.172953
57,37,564.7072,,0.036208,-0.016704,0.236088,-0.143007
57,38,536.4188,,-0.050094,-0.001918,0.232258,-0.185938
57,39,570.6876,,0.063884,-0.022022,0.224544,-0.133932
57,40,549.7846,,-0.036628,0.005884,0.217799,-0.165654
57,41,503.7727,,-0.083691,-0.102090,0.231857,-0.235482
57,42,516.9402,,0.026138,-0.037425,0.230456,-0.215499
57,43,543.9640,,0.052276,-0.080960,0.210625,-0.174488
57,44,552.3319,,0.015383,0.024028,0.190406,-0.161789
57,45,501.8376,,-0.091420,0.000359,0.200385,-0.238418
57,46,441.2655,,-0.120701,-0.132454,0.233779,-0.330342
57,47,491.8537,,0.114643,-0.112829,0.246212,-0.253570
57,48,526.6077,,0.070659,-0.033705,0.257882,-0.200828
57,49,535.0943,,0.016116,-0.052441,0.255553,-0.187949
57,50,566.0694,,0.057887,0.055273,0.256174,-0.140942
57,51,577.0198,,0.019345,0.011095,0.249170,-0.124323
57,52,564.9913,,-0.020846,0.027658,0.246898,-0.142578
57,53,564.2561,,-0.001301,0.120060,0.227743,-0.143693
57,54,549.3743,,-0.026374,0.062742,0.230107,-0.166277
57,55,609.7339,,0.109870,0.120909,0.248873,-0.074676
57,56,611.4538,,0.002821,0.107041,0.249001,-0.072066
57,57,614.9333,,0.005691,0.225364,0.223057,-0.066785
57,58,543.4532,,-0.116240,0.231581,0.220033,-0.175262
57,59,526.8508,,-0.030550,0.071156,0.198268,-0.200458
57,60,517.5001,,-0.017748,-0.017292,0.186806,-0.214648
57,61,595.0552,,0.149865,0.112059,0.239834,-0.096951
57,62,526.5754,,-0.115081,-0.069766,0.264116,-0.200875
57,63,495.3568,,-0.059286,-0.141523,0.268405,-0.248252
57,64,427.4272,,-0.137133,-0.243478,0.297209,-0.351341
57,65,401.3432,,-0.061026,-0.288720,0.299187,-0.390926
57,66,403.9735,,0.006554,-0.264665,0.300782,-0.386935
57,67,466.4483,,0.154651,-0.234996,0.324569,-0.292123
57,68,491.4224,,0.053541,-0.196304,0.332017,-0.254223
57,69,483.7426,,-0.015628,-0.213341,0.331329,-0.265878
57,70,566.4037,,0.170878,0.042231,0.359467,-0.140433
57,71,589.8030,,0.041312,0.119488,0.358186,-0.104922
57,72,578.4428,,-0.019261,0.117763,0.358336,-0.122162
58,2,101.3376,,-0.150604,,,0.000000
58,3,78.9185,,-0.221232,,,-0.221232
58,4,84.1177,,0.065881,,,-0.169926
58,5,88.1260,,0.047651,,,-0.130372
58,6,88.2464,,0.001366,,,-0.129184
58,7,86.5038,,-0.019747,,,-0.146380
58,8,94.5970,,0.093559,,,-0.066516
58,9,93.3492,,-0.013191,,,-0.078830
58,10,84.9594,,-0.089875,,,-0.161620
58,11,110.8880,,0.305188,,,0.000000
58,12,113.0573,,0.019563,,,0.000000
58,13,108.7093,,-0.038458,-0.088815,0.456031,-0.038458
58,14,126.9188,,0.167506,0.252435,0.452355,0.000000
58,15,132.7177,,0.045690,0.681707,0.362752,0.000000
58,16,144.3258,,0.087465,0.715761,0.364501,0.000000
58,17,150.7068,,0.044212,0.710129,0.364547,0.000000
58,18,155.5066,,0.031849,0.762188,0.361346,0.000000
58,19,160.4948,,0.032077,0.855351,0.353627,0.000000
58,20,156.6013,,-0.024259,0.655459,0.359958,-0.024259
58,21,158.0827,,0.009460,0.693458,0.356500,-0.015028
58,22,163.9803,,0.037307,0.930104,0.323536,0.000000
58,23,144.0688,,-0.121426,0.299230,0.241391,-0.121426
58,24,154.7581,,0.074196,0.368849,0.246365,-0.056239
58,25,170.1015,,0.099144,0.564738,0.243797,0.000000
58,26,184.4878,,0.084575,0.453591,0.208068,0.000000
58,27,177.3374,,-0.038758,0.336202,0.219434,-0.038758
58,28,165.6824,,-0.065722,0.147976,0.226233,-0.101933
58,29,160.5512,,-0.030970,0.065323,0.227607,-0.129746
58,30,131.8304,,-0.178889,-0.152251,0.291416,-0.285425
58,31,147.0243,,0.115253,-0.083931,0.315479,-0.203068
58,32,145.0960,,-0.013116,-0.073469,0.314869,-0.213520
58,33,128.7823,,-0.112434,-0.185349,0.332931,-0.301947
58,34,141.7073,,0.100363,-0.135828,0.348828,-0.231889
58,35,151.0064,,0.065622,0.048154,0.331812,-0.181484
58,36,141.5775,,-0.062440,-0.085170,0.330326,-0.232592
58,37,167.6220,,0.183959,-0.014577,0.367739,-0.091420
58,38,167.2992,,-0.001926,-0.093170,0.357070,-0.093170
58,39,158.6068,,-0.051957,-0.105622,0.358741,-0.140286
58,40,155.1356,,-0.021886,-0.063658,0.353196,-0.159102
58,41,153.0273,,-0.013590,-0.046864,0.351997,-0.170530
58,42,168.1216,,0.098638,0.275285,0.303565,-0.088713
58,43,162.9872,,-0.030540,0.108572,0.290413,-0.116543
58,44,153.0001,,-0.061275,0.054475,0.298780,-0.170677
58,45,144.4780,,-0.055700,0.121878,0.278597,-0.216870
58,46,141.4178,,-0.021181,-0.002043,0.262817,-0.233458
58,47,166.0559,,0.174222,0.099661,0.309626,-0.099909
58,48,182.1685,,0.097031,0.286704,0.309227,-0.012573
58,49,195.1986,,0.071528,0.164516,0.263026,0.000000
58,50,214.0523,,0.096587,0.279458,0.274207,0.000000
58,51,222.1199,,0.037690,0.400443,0.261666,0.000000
58,52,228.3049,,0.027845,0.471647,0.255359,0.000000
58,53,234.8542,,0.028687,0.534721,0.250008,0.000000
58,54,226.5854,,-0.035208,0.347748,0.250787,-0.035208
58,55,247.6146,,0.092809,0.519228,0.249992,0.000000
58,56,253.8582,,0.025215,0.659203,0.226471,0.000000
58,57,266.1758,,0.048522,0.842329,0.198146,0.000000
58,58,265.0764,,-0.004130,0.874422,0.191753,-0.004130
58,59,299.8169,,0.131058,0.805519,0.165561,0.000000
58,60,292.0528,,-0.025896,0.603203,0.174074,-0.025896
58,61,312.3831,,0.069612,0.600336,0.173721,0.000000
58,62,296.8525,,-0.049717,0.386823,0.184013,-0.049717
58,63,265.3780,,-0.106027,0.194752,0.227489,-0.150473
58,64,262.7741,,-0.009812,0.150980,0.228626,-0.158808
58,65,290.9997,,0.107414,0.239066,0.247046,-0.068452
58,66,315.6711,,0.084782,0.393168,0.246764,0.000000
58,67,296.2052,,-0.061665,0.196236,0.252375,-0.061665
58,68,328.6712,,0.109606,0.294705,0.268785,0.000000
58,69,329.5443,,0.002656,0.238070,0.268222,0.000000
58,70,357.8893,,0.086013,0.350136,0.274215,0.000000
58,71,363.3118,,0.015151,0.211779,0.250218,0.000000
58,72,367.9667,,0.012812,0.259932,0.245677,0.000000
59,2,54.6999,,0.097468,,,0.000000
59,3,58.9585,,0.077854,,,0.000000
59,4,66.8625,,0.134060,,,0.000000
59,5,61.9512,,-0.073454,,,-0.073454
59,6,61.2428,,-0.011435,,,-0.084049
59,7,55.8373,,-0.088263,,,-0.164894
59,8,53.6047,,-0.039984,,,-0.198285
59,9,50.7458,,-0.053333,,,-0.241042
59,10,47.1877,,-0.070116,,,-0.294257
59,11,49.2326,,0.043335,,,-0.263674
59,12,47.2769,,-0.039724,,,-0.292924
59,13,53.8357,,0.138732,0.080129,0.291342,-0.194830
59,14,50.3889,,-0.064024,-0.078812,0.282840,-0.246380
59,15,53.0396,,0.052605,-0.100391,0.275924,-0.206736
59,16,52.6805,,-0.006770,-0.212106,0.230091,-0.212106
59,17,54.8717,,0.041594,-0.114275,0.228437,-0.179335
59,18,57.1543,,0.041599,-0.066758,0.233692,-0.145196
59,19,57.2725,,0.002068,0.025704,0.214720,-0.143428
59,20,61.0380,,0.065747,0.138670,0.217201,-0.087111
59,21,58.5808,,-0.040257,0.154398,0.213225,-0.123861
59,22,54.9610,,-0.061792,0.164731,0.209789,-0.178000
59,23,58.3919,,0.062424,0.186041,0.213494,-0.126687
59,24,61.5093,,0.053388,0.301045,0.207185,-0.080063
59,25,58.7711,,-0.044517,0.091676,0.174770,-0.121015
59,26,51.6857,,-0.120559,0.025736,0.206609,-0.226985
59,27,50.8727,,-0.015730,-0.040855,0.200199,-0.239144
59,28,51.4259,,0.010874,-0.023816,0.200508,-0.230871
59,29,56.2010,,0.092854,0.024225,0.218016,-0.159454
59,30,53.5664,,-0.046878,-0.062776,0.219250,-0.198857
59,31,52.4282,,-0.021248,-0.084584,0.219839,-0.215880
59,32,55.6924,,0.062260,-0.087579,0.218631,-0.167061
59,33,54.1305,,-0.028045,-0.075969,0.216863,-0.190420
59,34,69.6262,,0.286266,0.266830,0.353347,0.000000
59,35,77.9413,,0.119425,0.334798,0.364486,0.000000
59,36,76.1842,,-0.022544,0.238581,0.366847,-0.022544
59,37,75.1071,,-0.014138,0.277960,0.362002,-0.036363
59,38,72.0559,,-0.040625,0.394117,0.334683,-0.075511
59,39,74.2391,,0.030299,0.459312,0.330682,-0.047500
59,40,74.2596,,0.000276,0.444012,0.331718,-0.047237
59,41,69.4992,,-0.064105,0.236619,0.338823,-0.108314
59,42,69.6166,,0.001689,0.299632,0.331494,-0.106808
59,43,69.4405,,-0.002530,0.324486,0.329116,-0.109068
59,44,69.7505,,0.004464,0.252423,0.327499,-0.105090
59,45,68.3461,,-0.020135,0.262616,0.326260,-0.123110
59,46,72.3310,,0.058305,0.038846,0.166037,-0.071982
59,47,70.5443,,-0.024702,-0.094906,0.110031,-0.094906
59,48,74.6057,,0.057572,-0.020721,0.126295,-0.042798
59,49,72.7296,,-0.025147,-0.031657,0.127999,-0.066869
59,50,67.0049,,-0.078712,-0.070100,0.145051,-0.140318
59,51,68.0736,,0.015950,-0.083051,0.141892,-0.126606
59,52,61.2132,,-0.100779,-0.175687,0.169907,-0.214625
59,53,60.3401,,-0.014263,-0.131788,0.161232,-0.225827
59,54,64.4147,,0.067527,-0.074723,0.179189,-0.173550
59,55,72.2848,,0.122179,0.040960,0.219974,-0.072575
59,56,75.0789,,0.038654,0.076392,0.222494,-0.036726
59,57,79.6787,,0.061266,0.165812,0.226111,0.000000
59,58,85.2004,,0.069300,0.177924,0.228671,0.000000
59,59,88.8072,,0.042333,0.258886,0.225543,0.000000
59,60,88.6057,,-0.002269,0.187654,0.222975,-0.002269
59,61,94.0226,,0.061135,0.292771,0.222155,0.000000
59,62,110.5732,,0.176028,0.650227,0.239628,0.000000
59,63,108.3871,,-0.019771,0.592205,0.246865,-0.019771
59,64,103.7805,,-0.042501,0.695395,0.214971,-0.061432
59,65,107.2289,,0.033228,0.777076,0.205323,-0.030245
59,66,107.9984,,0.007176,0.676612,0.208734,-0.023286
59,67,110.1583,,0.019999,0.523948,0.192172,-0.003753
59,68,110.8254,,0.006056,0.476119,0.194624,0.000000
59,69,108.8928,,-0.017438,0.366649,0.198615,-0.017438
59,70,118.3320,,0.086683,0.388866,0.203286,0.000000
59,71,124.3083,,0.050505,0.399755,0.204023,0.000000
59,72,121.2461,,-0.024634,0.368378,0.209035,-0.024634
60,2,139.1707,,-0.109296,,,0.000000
60,3,123.5478,,-0.112257,,,-0.112257
60,4,139.9724,,0.132941,,,0.000000
60,5,148.7935,,0.063020,,,0.000000
60,6,148.9325,,0.000934,,,0.000000
60,7,152.7027,,0.025315,,,0.000000
60,8,169.5189,,0.110124,,,0.000000
60,9,174.2907,,0.028149,,,0.000000
60,10,156.8679,,-0.099964,,,-0.099964
60,11,180.6738,,0.151758,,,0.000000
60,12,185.2059,,0.025084,,,0.000000
60,13,175.6440,,-0.051628,0.124136,0.319929,-0.051628
60,14,183.1957,,0.042994,0.316338,0.291007,-0.010854
60,15,196.9533,,0.075098,0.594146,0.251235,0.000000
60,16,198.4545,,0.007622,0.417812,0.232281,0.000000
60,17,200.8136,,0.011887,0.349613,0.230342,0.000000
60,18,197.4683,,-0.016659,0.325891,0.233191,-0.016659
60,19,196.4178,,-0.005320,0.286275,0.235266,-0.021890
60,20,194.6939,,-0.008777,0.148507,0.216688,-0.030475
60,21,176.8458,,-0.091673,0.014659,0.239673,-0.119354
60,22,217.7980,,0.231570,0.388415,0.304323,0.000000
60,23,212.6012,,-0.023861,0.176710,0.277818,-0.023861
60,24,227.2984,,0.069130,0.227272,0.282774,0.000000
60,25,221.6934,,-0.024659,0.262172,0.276535,-0.024659
60,26,222.9625,,0.005725,0.217071,0.276000,-0.019075
60,27,248.8878,,0.116277,0.263688,0.287917,0.000000
60,28,213.4326,,-0.142455,0.075472,0.332153,-0.142455
60,29,200.2144,,-0.061931,-0.002985,0.339833,-0.195564
60,30,195.4411,,-0.023841,-0.010267,0.340384,-0.214742
60,31,208.2885,,0.065735,0.060435,0.345783,-0.163123
60,32,205.7318,,-0.012275,0.056693,0.346000,-0.173396
60,33,179.5294,,-0.127362,0.015174,0.358925,-0.278674
60,34,181.6673,,0.011908,-0.165891,0.262628,-0.270084
60,35,200.3648,,0.102922,-0.057556,0.286094,-0.194960
60,36,190.8179,,-0.047648,-0.160496,0.278264,-0.233318
60,37,189.3232,,-0.007833,-0.146014,0.277903,-0.239324
60,38,192.1882,,0.015133,-0.138025,0.278644,-0.227813
60,39,187.8653,,-0.022493,-0.245181,0.242661,-0.245181
60,40,182.6753,,-0.027626,-0.144108,0.203967,-0.266034
60,41,179.7070,,-0.016249,-0.102428,0.196572,-0.277960
60,42,192.2963,,0.070055,-0.016091,0.210007,-0.227378
60,43,218.0460,,0.133906,0.046846,0.241815,-0.123919
60,44,207.2856,,-0.049349,0.007553,0.247649,-0.167153
60,45,192.4858,,-0.071398,0.072169,0.220343,-0.226616
60,46,196.2480,,0.019545,0.080261,0.220637,-0.211501
60,47,212.9415,,0.085063,0.062769,0.212863,-0.144428
60,48,232.1777,,0.090336,0.216751,0.219023,-0.067140
60,49,231.8742,,-0.001307,0.224754,0.218270,-0.068359
60,50,241.1517,,0.040011,0.254769,0.219230,-0.031083
60,51,234.9813,,-0.025587,0.250798,0.219918,-0.055875
60,52,226.6018,,-0.035660,0.240463,0.221978,-0.089542
60,53,222.4550,,-0.018300,0.237877,0.222352,-0.106203
60,54,217.4200,,-0.022634,0.130651,0.218778,-0.126434
60,55,237.0902,,0.090471,0.087341,0.195455,-0.047401
60,56,246.0845,,0.037936,0.187176,0.186594,-0.011263
60,57,238.1101,,-0.032405,0.237027,0.170081,-0.043303
60,58,224.1895,,-0.058463,0.142379,0.186849,-0.099235
60,59,236.3519,,0.054251,0.109939,0.176013,-0.050367
60,60,220.2963,,-0.067931,-0.051173,0.168075,-0.114877
60,61,240.7569,,0.092878,0.038309,0.193727,-0.032668
60,62,239.6881,,-0.004439,-0.006068,0.189912,-0.036962
60,63,230.7967,,-0.037096,-0.017808,0.191996,-0.072687
60,64,210.6909,,-0.087115,-0.070215,0.208568,-0.153470
60,65,216.5526,,0.027821,-0.026533,0.210308,-0.129919
60,66,226.1405,,0.044275,0.040109,0.213269,-0.091396
60,67,218.1693,,-0.035249,-0.079805,0.194548,-0.123423
60,68,219.7419,,0.007208,-0.107047,0.189430,-0.117105
60,69,233.7737,,0.063856,-0.018212,0.200072,-0.060727
60,70,217.9494,,-0.067691,-0.027835,0.203202,-0.124307
60,71,229.2835,,0.052003,-0.029907,0.202550,-0.078768
60,72,228.7791,,-0.002200,0.038505,0.189055,-0.080795
61,2,398.2222,,-0.122006,,,0.000000
61,3,378.4062,,-0.049761,,,-0.049761
61,4,435.0670,,0.149735,,,0.000000
61,5,458.1185,,0.052984,,,0.000000
61,6,471.5075,,0.029226,,,0.000000
61,7,501.6271,,0.063879,,,0.000000
61,8,518.3594,,0.033356,,,0.000000
61,9,491.6298,,-0.051566,,,-0.051566
61,10,525.8786,,0.069664,,,0.000000
61,11,612.8859,,0.165451,,,0.000000
61,12,633.2377,,0.033207,,,0.000000
61,13,618.5654,,-0.023170,0.363803,0.285840,-0.023170
61,14,612.6025,,-0.009640,0.538343,0.239266,-0.032587
61,15,665.0510,,0.085616,0.757505,0.222424,0.000000
61,16,726.9658,,0.093098,0.670929,0.200855,0.000000
61,17,778.1986,,0.070475,0.698685,0.202353,0.000000
61,18,776.3617,,-0.002360,0.646554,0.207711,-0.002360
61,19,773.0384,,-0.004281,0.541063,0.211739,-0.006631
61,20,840.8956,,0.087780,0.622227,0.217269,0.000000
61,21,747.6232,,-0.110920,0.520706,0.250911,-0.110920
61,22,844.7169,,0.129870,0.606299,0.265993,0.000000
61,23,809.9330,,-0.041178,0.321510,0.241269,-0.041178
61,24,819.7369,,0.012105,0.294519,0.241477,-0.029571
61,25,740.2090,,-0.097016,0.196657,0.267125,-0.123719
61,26,669.1060,,-0.096058,0.092237,0.289822,-0.207892
61,27,687.3471,,0.027262,0.033528,0.279017,-0.186298
61,28,565.6219,,-0.177094,-0.221940,0.315200,-0.330400
61,29,605.8242,,0.071076,-0.221503,0.315382,-0.282807
61,30,551.4606,,-0.089735,-0.289685,0.323048,-0.347164
61,31,610.2529,,0.106612,-0.210577,0.348471,-0.277564
69,27,392.3899,,0.153991,0.122764,0.238018,0.000000
61,32,607.7086,,-0.004169,-0.277307,0.330624,-0.280576
61,33,501.8230,,-0.174237,-0.328774,0.354323,-0.405926
61,34,593.4326,,0.182554,-0.297476,0.382667,-0.297476
61,35,657.8282,,0.108514,-0.187797,0.403746,-0.221242
61,36,651.0569,,-0.010293,-0.205772,0.402977,-0.229258
61,37,702.3364,,0.078763,-0.051163,0.401196,-0.168552
61,38,637.7834,,-0.091912,-0.046811,0.400111,-0.244972
61,39,618.9950,,-0.029459,-0.099442,0.400268,-0.267214
61,40,625.4171,,0.010375,0.105717,0.352029,-0.259612
61,41,612.6981,,-0.020337,0.011347,0.347466,-0.274669
61,42,643.9969,,0.051084,0.167804,0.333594,-0.237616
61,43,693.5153,,0.076892,0.136440,0.326154,-0.178995
61,44,657.5560,,-0.051851,0.082026,0.332604,-0.221565
61,45,606.8224,,-0.077155,0.209236,0.284337,-0.281625
61,46,578.8811,,-0.046045,-0.024521,0.226928,-0.314703
61,47,710.2515,,0.226938,0.079690,0.305923,-0.159183
61,48,767.5175,,0.080628,0.178878,0.312857,-0.091389
61,49,736.9575,,-0.039817,0.049293,0.309913,-0.127567
61,50,772.2012,,0.047823,0.210756,0.292028,-0.085845
61,51,793.4827,,0.027560,0.281888,0.287214,-0.060651
61,52,722.6935,,-0.089213,0.155538,0.308765,-0.144453
61,53,739.3474,,0.023044,0.206707,0.306303,-0.124738
61,54,753.9901,,0.019805,0.170797,0.304337,-0.107403
61,55,844.9297,,0.120611,0.218328,0.316683,0.000000
61,56,869.3281,,0.028876,0.322059,0.306783,0.000000
61,57,915.3101,,0.052894,0.508366,0.285478,0.000000
61,58,951.2911,,0.039310,0.643327,0.270511,0.000000
61,59,991.7948,,0.042578,0.396400,0.184203,0.000000
61,60,994.0349,,0.002259,0.295131,0.177007,0.000000
61,61,1048.0618,,0.054351,0.422148,0.165219,0.000000
61,62,952.8347,,-0.090860,0.233922,0.203438,-0.090860
61,63,922.3332,,-0.032011,0.162387,0.209423,-0.119962
61,64,895.7986,,-0.028769,0.239529,0.184011,-0.145280
61,65,960.1034,,0.071785,0.298584,0.191388,-0.083924
61,66,1028.0629,,0.070784,0.363499,0.197049,-0.019081
61,67,1089.4159,,0.059678,0.289359,0.173731,0.000000
61,68,1110.2288,,0.019105,0.277114,0.173619,0.000000
61,69,1148.3777,,0.034361,0.254634,0.170962,0.000000
61,70,1071.5994,,-0.066858,0.126470,0.189938,-0.066858
61,71,1036.4570,,-0.032794,0.045033,0.191376,-0.097459
61,72,1059.2584,,0.021999,0.065616,0.192075,-0.077604
62,2,167.9344,,-0.065328,,,0.000000
62,3,141.8967,,-0.155047,,,-0.155047
62,4,159.6067,,0.124809,,,-0.049589
62,5,172.2609,,0.079284,,,0.000000
62,6,184.6195,,0.071744,,,0.000000
62,7,192.0307,,0.040143,,,0.000000
62,8,268.7050,,0.399281,,,0.000000
62,9,247.6836,,-0.078232,,,-0.078232
62,10,228.9092,,-0.075800,,,-0.148102
62,11,242.2435,,0.058251,,,-0.098478
62,12,219.3102,,-0.094670,,,-0.183825
62,13,222.2963,,0.013616,0.237234,0.503441,-0.172712
62,14,213.3674,,-0.040167,0.270540,0.499044,-0.205942
62,15,208.8044,,-0.021386,0.471524,0.461902,-0.222924
62,16,226.9875,,0.087082,0.422168,0.455823,-0.155254
62,17,234.6549,,0.033779,0.362206,0.453439,-0.126720
62,18,240.7356,,0.025913,0.303954,0.451457,-0.104090
62,19,238.4295,,-0.009579,0.241621,0.452852,-0.112672
62,20,261.4317,,0.096474,-0.027068,0.222230,-0.027068
62,21,267.2957,,0.022430,0.079181,0.205970,-0.005245
62,22,295.3537,,0.104970,0.290265,0.205065,0.000000
62,23,280.8369,,-0.049151,0.159316,0.212933,-0.049151
62,24,250.4530,,-0.108191,0.142002,0.220754,-0.152024
62,25,229.2640,,-0.084603,0.031342,0.241337,-0.223766
62,26,207.4838,,-0.095001,-0.027577,0.258127,-0.297509
62,27,209.2479,,0.008502,0.002122,0.257126,-0.291536
62,28,173.3943,,-0.171345,-0.236108,0.292114,-0.412928
62,29,157.9214,,-0.089235,-0.327007,0.293848,-0.465315
62,30,162.6520,,0.029955,-0.324355,0.294700,-0.449299
62,31,181.3574,,0.115003,-0.239368,0.327985,-0.385966
62,32,153.8611,,-0.151614,-0.411469,0.327063,-0.479063
62,33,141.7588,,-0.078657,-0.469656,0.321924,-0.520038
62,34,160.2374,,0.130352,-0.457474,0.335738,-0.457474
62,35,157.9313,,-0.014392,-0.437641,0.337103,-0.465282
62,36,130.6715,,-0.172605,-0.478260,0.356411,-0.557577
62,37,165.5396,,0.266838,-0.277952,0.471511,-0.439522
62,38,161.2427,,-0.025957,-0.222866,0.464293,-0.454070
62,39,196.8893,,0.221074,-0.059062,0.520209,-0.333379
62,40,195.4997,,-0.007058,0.127486,0.484164,-0.338084
62,41,220.1479,,0.126078,0.394034,0.479684,-0.254631
62,42,208.2032,,-0.054258,0.280053,0.488269,-0.295073
62,43,221.7543,,0.065086,0.222747,0.481242,-0.249192
62,44,218.2557,,-0.015777,0.418524,0.444501,-0.261038
62,45,199.8459,,-0.084350,0.409759,0.446147,-0.323369
62,46,197.9242,,-0.009616,0.235192,0.435777,-0.329876
62,47,248.2552,,0.254294,0.571918,0.489124,-0.159467
62,48,259.3326,,0.044621,0.984612,0.427034,-0.121962
62,49,277.0229,,0.068215,0.673452,0.366573,-0.062066
62,50,304.3516,,0.098651,0.887534,0.360073,0.000000
62,51,296.8222,,-0.024739,0.507557,0.321102,-0.024739
62,52,265.3949,,-0.105879,0.357520,0.350256,-0.127999
62,53,231.3497,,-0.128281,0.050883,0.366286,-0.239860
62,54,253.7109,,0.096655,0.218573,0.368935,-0.166389
62,55,255.3885,,0.006612,0.151672,0.366034,-0.160877
62,56,249.9548,,-0.021276,0.145238,0.366607,-0.178730
62,57,270.5224,,0.082285,0.353654,0.354395,-0.111152
62,58,288.4289,,0.066192,0.457269,0.353226,-0.052317
62,59,326.6590,,0.132546,0.315819,0.285874,0.000000
62,60,330.9552,,0.013152,0.276180,0.285405,0.000000
62,61,338.6368,,0.023210,0.222413,0.281262,0.000000
62,62,295.1799,,-0.128329,-0.030136,0.302725,-0.128329
62,63,265.9543,,-0.099009,-0.103995,0.318325,-0.214632
62,64,266.3011,,0.001304,0.003414,0.298780,-0.213608
62,65,263.4043,,-0.010878,0.138554,0.263119,-0.222163
62,66,270.6701,,0.027584,0.066844,0.247945,-0.200707
62,67,256.8230,,-0.051159,0.005616,0.254876,-0.241598
62,68,254.7552,,-0.008051,0.019204,0.253845,-0.247704
62,69,235.6175,,-0.075122,-0.129028,0.249706,-0.304218
62,70,259.3417,,0.100689,-0.100848,0.263070,-0.234160
62,71,229.5943,,-0.114703,-0.297144,0.235598,-0.322004
62,72,263.8233,,0.149085,-0.202843,0.292961,-0.220925
63,2,33.8700,,-0.066685,,,0.000000
63,3,27.9200,,-0.175672,,,-0.175672
63,4,30.2700,,0.084169,,,-0.106289
63,5,36.3200,,0.199868,,,0.000000
63,6,31.0800,,-0.144273,,,-0.144273
63,7,30.2600,,-0.026384,,,-0.166851
63,8,33.6300,,0.111368,,,-0.074064
63,9,36.4800,,0.084746,,,0.000000
63,10,33.4100,,-0.084156,,,-0.084156
63,11,49.6600,,0.486381,,,0.000000
63,12,51.0000,,0.026983,,,0.000000
63,13,50.9300,,-0.001373,0.403414,0.615612,-0.001373
63,14,51.7500,,0.016101,0.527898,0.605258,0.000000
63,15,54.5100,,0.053333,0.952361,0.554030,0.000000
63,16,54.7700,,0.004770,0.809380,0.557063,0.000000
63,17,50.8300,,-0.071937,0.399503,0.549195,-0.071937
63,18,50.1200,,-0.013968,0.612611,0.516512,-0.084900
63,19,43.4600,,-0.132881,0.436219,0.543692,-0.206500
63,20,39.1400,,-0.099402,0.163841,0.554240,-0.285375
63,21,44.8000,,0.144609,0.228069,0.564721,-0.182034
63,22,43.8200,,-0.021875,0.311582,0.554648,-0.199927
63,23,38.0000,,-0.132816,-0.234797,0.279178,-0.306189
63,24,41.9300,,0.103421,-0.177843,0.302421,-0.234435
63,25,37.4000,,-0.108037,-0.265658,0.316555,-0.317144
63,26,36.0300,,-0.036631,-0.303768,0.314094,-0.342158
63,27,35.6800,,-0.009714,-0.345441,0.302860,-0.348548
63,28,31.4800,,-0.117713,-0.425233,0.311628,-0.425233
63,29,23.2000,,-0.263024,-0.543576,0.382561,-0.576410
63,30,20.4600,,-0.118103,-0.591779,0.383854,-0.626437
63,31,23.4500,,0.146139,-0.460423,0.429522,-0.571845
63,32,28.7600,,0.226439,-0.265201,0.500394,-0.474894
63,33,26.5000,,-0.078581,-0.408481,0.471369,-0.516158
63,34,26.5700,,0.002642,-0.393655,0.472704,-0.514879
63,35,29.1400,,0.096726,-0.233156,0.475112,-0.467956
63,36,24.7300,,-0.151338,-0.410206,0.475291,-0.548474
63,37,30.9300,,0.250708,-0.172992,0.544847,-0.435273
63,38,33.2600,,0.075331,-0.076878,0.549102,-0.392732
63,39,31.7000,,-0.046903,-0.111545,0.551441,-0.421214
63,40,31.0500,,-0.020505,-0.013657,0.536820,-0.433082
63,41,37.9300,,0.221578,0.634917,0.484133,-0.307466
63,42,43.1700,,0.138149,1.109973,0.453730,-0.211793
63,43,49.4600,,0.145703,1.109171,0.453653,-0.096949
63,44,47.2300,,-0.045087,0.642213,0.433398,-0.137665
63,45,45.9900,,-0.026254,0.735474,0.419527,-0.160304
63,46,43.2800,,-0.058926,0.628906,0.431985,-0.209784
63,47,56.3800,,0.302680,0.934798,0.500804,0.000000
63,48,61.5700,,0.092054,1.489688,0.441512,0.000000
63,49,65.2700,,0.060094,1.110247,0.403295,0.000000
63,50,79.5000,,0.218017,1.390257,0.429790,0.000000
63,51,76.9900,,-0.031572,1.428705,0.425032,-0.031572
63,52,66.2700,,-0.139239,1.134298,0.470704,-0.166415
63,53,64.5600,,-0.025804,0.702081,0.450134,-0.187925
63,54,72.6800,,0.125774,0.683575,0.447728,-0.085787
63,55,64.4700,,-0.112961,0.303476,0.462793,-0.189057
63,56,73.1300,,0.134326,0.548378,0.465847,-0.080127
63,57,75.1600,,0.027759,0.634266,0.459947,-0.054592
63,58,72.0500,,-0.041378,0.664740,0.455757,-0.093711
63,59,71.9600,,-0.001249,0.276338,0.364786,-0.094843
63,60,60.3200,,-0.161757,-0.020303,0.400781,-0.241258
63,61,66.8500,,0.108256,0.024206,0.410858,-0.159120
63,62,76.0100,,0.137023,-0.043900,0.371904,-0.043900
63,63,72.8600,,-0.041442,-0.053644,0.372994,-0.083523
63,64,81.0100,,0.111858,0.222422,0.354214,0.000000
63,65,84.1600,,0.038884,0.303592,0.350638,0.000000
63,66,93.3000,,0.108603,0.283709,0.345753,0.000000
63,67,87.7500,,-0.059486,0.361097,0.325931,-0.059486
63,68,93.7500,,0.068376,0.281963,0.309169,0.000000
63,69,97.9700,,0.045013,0.303484,0.309841,0.000000
63,70,96.5000,,-0.015005,0.339345,0.304658,-0.015005
63,71,87.5400,,-0.092850,0.216506,0.327268,-0.106462
63,72,81.7100,,-0.066598,0.354606,0.279811,-0.165970
64,2,177.9867,,-0.046125,,,0.000000
64,3,165.0700,,-0.072571,,,-0.072571
64,4,170.2933,,0.031643,,,-0.043224
64,5,193.3433,,0.135355,,,0.000000
64,6,189.9433,,-0.017585,,,-0.017585
64,7,228.4800,,0.202885,,,0.000000
64,8,243.6133,,0.066235,,,0.000000
64,9,236.5133,,-0.029145,,,-0.029145
64,10,222.3600,,-0.059841,,,-0.087242
64,11,242.0167,,0.088400,,,-0.006554
64,12,272.7000,,0.126782,,,0.000000
64,13,249.2133,,-0.086127,0.335596,0.328108,-0.086127
64,14,245.6000,,-0.014499,0.379878,0.321742,-0.099377
64,15,246.3133,,0.002904,0.492174,0.303587,-0.096762
64,16,288.3333,,0.170596,0.693157,0.331320,0.000000
64,17,280.7267,,-0.026381,0.451959,0.324652,-0.026381
64,18,306.5467,,0.091976,0.613885,0.323648,0.000000
64,19,330.4867,,0.078096,0.446458,0.277836,0.000000
64,20,351.1867,,0.062635,0.441575,0.277404,0.000000
64,21,331.3833,,-0.056390,0.401120,0.285370,-0.056390
64,22,361.1300,,0.089765,0.624078,0.272028,0.000000
64,23,324.3400,,-0.101875,0.340155,0.302924,-0.101875
64,24,359.3000,,0.107788,0.317564,0.296707,-0.005068
64,25,284.1800,,-0.209073,0.140309,0.365203,-0.213081
64,26,290.3300,,0.021641,0.182126,0.363664,-0.196052
64,27,301.6800,,0.039093,0.224782,0.363684,-0.164623
64,28,239.3000,,-0.206775,-0.170057,0.390631,-0.337358
64,29,227.6400,,-0.048725,-0.189104,0.392344,-0.369645
64,30,200.7100,,-0.118301,-0.345255,0.388474,-0.444217
64,31,230.1700,,0.146779,-0.303542,0.414252,-0.362640
64,32,205.7400,,-0.106139,-0.414158,0.410651,-0.430288
64,33,187.4400,,-0.088947,-0.434371,0.413621,-0.480962
64,34,246.4700,,0.314927,-0.317504,0.534148,-0.317504
64,35,270.3900,,0.097050,-0.166338,0.538236,-0.251267
64,36,265.3500,,-0.018640,-0.261481,0.524199,-0.265224
64,37,245.6900,,-0.074091,-0.135443,0.485570,-0.319664
64,38,229.3900,,-0.066344,-0.209900,0.488560,-0.364800
64,39,255.4700,,0.113693,-0.153176,0.502378,-0.292582
64,40,301.2200,,0.179082,0.258754,0.480714,-0.165897
64,41,307.8400,,0.021977,0.352309,0.473627,-0.147566
64,42,341.9400,,0.110772,0.703651,0.448293,-0.053140
72,40,105.4819,,0.012781,0.215355,0.404691,0.000000
64,43,324.4000,,-0.051296,0.409391,0.446611,-0.101710
64,44,312.6800,,-0.036128,0.519781,0.427376,-0.134163
64,45,292.2900,,-0.065210,0.559378,0.420048,-0.190624
64,46,262.2200,,-0.102877,0.063902,0.322278,-0.273891
64,47,310.8400,,0.185417,0.149599,0.358675,-0.139258
64,48,337.3600,,0.085317,0.271378,0.362651,-0.065822
64,49,378.2200,,0.121117,0.539421,0.356942,0.000000
64,50,385.6000,,0.019512,0.680981,0.338549,0.000000
64,51,399.0900,,0.034984,0.562179,0.331069,0.000000
64,52,370.6200,,-0.071337,0.230396,0.312023,-0.071337
64,53,402.1200,,0.084993,0.306264,0.318529,0.000000
64,54,444.8500,,0.106262,0.300960,0.317253,0.000000
64,55,444.6100,,-0.000540,0.370562,0.307697,-0.000540
64,56,492.6300,,0.108005,0.575509,0.307598,0.000000
64,57,491.2700,,-0.002761,0.680762,0.289638,-0.002761
64,58,503.8400,,0.025587,0.921439,0.241432,0.000000
64,59,542.0000,,0.075738,0.743661,0.199597,0.000000
64,60,521.9600,,-0.036974,0.547189,0.212319,-0.036974
64,61,571.8800,,0.095640,0.512030,0.202850,0.000000
64,62,573.1500,,0.002221,0.486386,0.205162,0.000000
64,63,495.2700,,-0.135881,0.240999,0.267112,-0.135881
64,64,515.8000,,0.041452,0.391722,0.247727,-0.100062
64,65,552.3400,,0.070841,0.373569,0.244705,-0.036309
64,66,543.4100,,-0.016168,0.221556,0.232952,-0.051890
64,67,481.0900,,-0.114683,0.082049,0.268597,-0.160622
64,68,473.3000,,-0.016192,-0.039239,0.246687,-0.174213
64,69,447.2300,,-0.055081,-0.089645,0.252588,-0.219698
64,70,534.2800,,0.194643,0.060417,0.322134,-0.067818
64,71,573.4800,,0.073370,0.058082,0.321605,0.000000
64,72,566.3600,,-0.012415,0.085065,0.318734,-0.012415
65,2,37.2287,,-0.105380,,,0.000000
65,3,30.8310,,-0.171849,,,-0.171849
65,4,34.5909,,0.121952,,,-0.070854
65,5,32.9310,,-0.047987,,,-0.115441
65,6,31.1030,,-0.055510,,,-0.164543
65,7,30.5591,,-0.017487,,,-0.179153
65,8,32.7531,,0.071795,,,-0.120220
65,9,33.5751,,0.025097,,,-0.098140
65,10,38.0975,,0.134695,,,0.000000
65,11,45.2054,,0.186571,,,0.000000
65,12,49.3454,,0.091582,,,0.000000
65,13,47.9498,,-0.028282,0.152251,0.370179,-0.028282
65,14,57.4207,,0.197517,0.542376,0.384495,0.000000
65,15,60.8363,,0.059484,0.973218,0.305359,0.000000
65,16,65.7085,,0.080087,0.899589,0.299142,0.000000
65,17,68.9285,,0.049004,1.093118,0.276472,0.000000
65,18,68.1353,,-0.011508,1.190633,0.258239,-0.011508
65,19,63.5873,,-0.066750,1.080795,0.280187,-0.077490
65,20,68.1727,,0.072112,1.081410,0.280194,-0.010966
65,21,68.3278,,0.002275,1.035071,0.284704,-0.008716
65,22,76.9485,,0.126167,1.019777,0.282510,0.000000
65,23,72.5959,,-0.056565,0.605911,0.271063,-0.056565
65,24,79.0664,,0.089130,0.602304,0.270593,0.000000
65,25,82.4509,,0.042806,0.719524,0.259348,0.000000
65,26,79.4049,,-0.036943,0.382861,0.214659,-0.036943
65,27,79.4319,,0.000340,0.305665,0.213674,-0.036616
65,28,62.4922,,-0.213261,-0.048949,0.309721,-0.242068
65,29,66.0441,,0.056837,-0.041848,0.311176,-0.198989
65,30,59.7079,,-0.095939,-0.123687,0.325807,-0.275837
65,31,65.2553,,0.092909,0.026231,0.332724,-0.208556
65,32,67.0508,,0.027515,-0.016457,0.326075,-0.186780
65,33,68.1346,,0.016164,-0.002828,0.326340,-0.173635
65,34,75.5292,,0.108529,-0.018446,0.319549,-0.083950
65,35,78.2500,,0.036023,0.077883,0.314208,-0.050951
65,36,79.1513,,0.011518,0.001073,0.302339,-0.040020
65,37,73.5995,,-0.070142,-0.107355,0.307526,-0.107355
65,38,74.0748,,0.006458,-0.067127,0.305748,-0.101590
65,39,49.9501,,-0.325680,-0.371159,0.445155,-0.394184
65,40,49.8166,,-0.002673,-0.202836,0.397353,-0.395804
65,41,50.2457,,0.008614,-0.239210,0.391179,-0.390599
65,42,54.3363,,0.081412,-0.089965,0.391626,-0.340987
65,43,63.3667,,0.166195,-0.028942,0.416800,-0.231462
65,44,56.7041,,-0.105144,-0.154312,0.429999,-0.312269
65,45,52.8322,,-0.068283,-0.224592,0.433586,-0.359229
65,46,50.0799,,-0.052095,-0.336947,0.413871,-0.392610
65,47,59.0104,,0.178325,-0.245874,0.459176,-0.284298
65,48,66.5115,,0.127115,-0.159692,0.480328,-0.193321
65,49,60.8271,,-0.085465,-0.173539,0.482844,-0.262264
65,50,64.5587,,0.061348,-0.128466,0.487479,-0.217005
65,51,70.2149,,0.087613,0.405700,0.340586,-0.148405
65,52,71.7776,,0.022256,0.440837,0.338638,-0.129452
65,53,71.1273,,-0.009060,0.415589,0.340604,-0.137339
65,54,71.7601,,0.008897,0.320666,0.337222,-0.129664
65,55,63.4827,,-0.115348,0.001830,0.328444,-0.230055
65,56,63.3950,,-0.001381,0.117997,0.306418,-0.231119
65,57,63.3650,,-0.000473,0.199365,0.294092,-0.231482
65,58,69.2508,,0.092887,0.382808,0.291866,-0.160097
65,59,80.9148,,0.168431,0.371197,0.286521,-0.018631
65,60,72.6079,,-0.102662,0.091660,0.293380,-0.119381
65,61,81.1529,,0.117687,0.334159,0.291150,-0.015743
65,62,78.0234,,-0.038563,0.208566,0.295594,-0.053699
65,63,77.0521,,-0.012449,0.097376,0.287142,-0.065480
65,64,80.1231,,0.039856,0.116270,0.288441,-0.028233
65,65,86.9543,,0.085259,0.222518,0.296133,0.000000
65,66,90.0971,,0.036143,0.255533,0.296254,0.000000
65,67,96.5058,,0.071131,0.520191,0.257830,0.000000
65,68,94.6395,,-0.019339,0.492854,0.261422,-0.019339
65,69,94.5400,,-0.001051,0.491991,0.261512,-0.020370
65,70,93.5993,,-0.009950,0.351599,0.257487,-0.030117
65,71,91.8267,,-0.018938,0.134857,0.209634,-0.048485
65,72,99.2177,,0.080489,0.366487,0.177673,0.000000
66,2,68.7974,,-0.112265,,,0.000000
66,3,70.4764,,0.024405,,,0.000000
66,4,82.2478,,0.167026,,,0.000000
66,5,85.1324,,0.035072,,,0.000000
66,6,82.0022,,-0.036769,,,-0.036769
66,7,90.2626,,0.100734,,,0.000000
66,8,98.5632,,0.091961,,,0.000000
66,9,97.9870,,-0.005846,,,-0.005846
66,10,94.6376,,-0.034182,,,-0.039828
66,11,97.7625,,0.033020,,,-0.008123
66,12,98.9098,,0.011736,,,0.000000
66,13,111.6473,,0.128779,0.440655,0.271799,0.000000
66,14,108.6414,,-0.026923,0.579151,0.232358,-0.026923
66,15,108.6958,,0.000501,0.542303,0.235402,-0.026435
66,16,108.9135,,0.002003,0.324214,0.190956,-0.024485
66,17,106.1909,,-0.024998,0.247364,0.196859,-0.048871
66,18,105.5355,,-0.006172,0.286986,0.189473,-0.054742
66,19,110.1327,,0.043561,0.220139,0.171511,-0.013565
66,20,115.4774,,0.048530,0.171610,0.155800,0.000000
66,21,107.9476,,-0.065206,0.101654,0.174325,-0.065206
66,22,117.7802,,0.091087,0.244541,0.184984,0.000000
66,23,115.3728,,-0.020440,0.180135,0.188464,-0.020440
66,24,129.1053,,0.119027,0.305284,0.214984,0.000000
66,25,116.9231,,-0.094359,0.047254,0.212293,-0.094359
66,26,111.0388,,-0.050326,0.022067,0.217426,-0.139936
66,27,108.9584,,-0.018736,0.002416,0.218573,-0.156050
66,28,104.4844,,-0.041062,-0.040667,0.222774,-0.190705
66,29,108.5608,,0.039014,0.022316,0.224626,-0.159131
66,30,100.4183,,-0.075004,-0.048489,0.238083,-0.222199
66,31,100.5939,,0.001749,-0.086613,0.232973,-0.220839
66,32,95.2946,,-0.052680,-0.174778,0.229333,-0.261885
66,33,89.8266,,-0.057380,-0.167869,0.227550,-0.304238
66,34,91.8504,,0.022530,-0.220155,0.202166,-0.288563
66,35,100.3426,,0.092457,-0.130276,0.230771,-0.222785
66,36,102.4039,,0.020543,-0.206819,0.187946,-0.206819
66,37,103.1127,,0.006922,-0.118115,0.169285,-0.201329
66,38,95.3064,,-0.075706,-0.141683,0.177684,-0.261793
66,39,94.8754,,-0.004522,-0.129250,0.177616,-0.265131
66,40,103.5047,,0.090954,-0.009375,0.200260,-0.198292
66,41,96.0463,,-0.072059,-0.115275,0.207764,-0.256062
66,42,102.6565,,0.068823,0.022290,0.207336,-0.204862
66,43,104.8317,,0.021189,0.042129,0.208070,-0.188014
66,44,97.3585,,-0.071288,0.021659,0.214440,-0.245899
66,45,91.6343,,-0.058795,0.020125,0.214883,-0.290236
66,46,89.4581,,-0.023749,-0.026045,0.215376,-0.307092
66,47,99.2198,,0.109120,-0.011190,0.223700,-0.231482
66,48,104.7188,,0.055422,0.022605,0.229672,-0.188889
66,49,107.6491,,0.027983,0.043994,0.230940,-0.166192
66,50,113.4175,,0.053585,0.190028,0.217048,-0.121513
66,51,108.6567,,-0.041976,0.145255,0.224102,-0.158388
66,52,101.3052,,-0.067658,-0.021252,0.220216,-0.215330
66,53,98.1761,,-0.030888,0.022173,0.209076,-0.239567
66,54,99.8285,,0.016831,-0.027550,0.197493,-0.226768
66,55,101.7788,,0.019537,-0.029123,0.197299,-0.211661
66,56,109.3982,,0.074862,0.123663,0.194603,-0.152644
66,57,110.1129,,0.006533,0.201655,0.179340,-0.147109
66,58,109.4948,,-0.005613,0.223978,0.175767,-0.151896
66,59,115.2508,,0.052569,0.161571,0.151219,-0.107312
66,60,109.7586,,-0.047654,0.048128,0.155076,-0.149852
66,61,124.1394,,0.131022,0.153186,0.199669,-0.038464
66,62,134.6235,,0.084454,0.186974,0.208627,0.000000
66,63,129.3951,,-0.038837,0.190863,0.207697,-0.038837
66,64,127.5417,,-0.014324,0.258985,0.190308,-0.052605
66,65,130.9058,,0.026376,0.333378,0.181796,-0.027616
66,66,133.2872,,0.018192,0.335162,0.181731,-0.009927
66,67,123.6638,,-0.072200,0.215026,0.206528,-0.081410
66,68,130.5878,,0.055991,0.193694,0.201660,-0.029977
66,69,131.8478,,0.009649,0.197389,0.201518,-0.020617
66,70,121.6890,,-0.077049,0.111370,0.221766,-0.096078
66,71,127.4508,,0.047349,0.105858,0.220750,-0.053278
66,72,123.8814,,-0.028006,0.128673,0.215950,-0.079792
67,2,23.3314,,-0.093409,,,0.000000
67,3,22.7868,,-0.023342,,,-0.023342
67,4,26.7801,,0.175246,,,0.000000
67,5,26.6614,,-0.004432,,,-0.004432
67,6,23.0562,,-0.135222,,,-0.139055
67,7,27.1316,,0.176759,,,0.000000
67,8,26.9055,,-0.008333,,,-0.008333
67,9,26.1295,,-0.028842,,,-0.036935
67,10,25.2609,,-0.033242,,,-0.068949
67,11,28.7487,,0.138071,,,0.000000
67,12,27.9071,,-0.029274,,,-0.029274
67,13,27.2172,,-0.024721,0.057582,0.348095,-0.053271
67,14,25.6663,,-0.056982,0.100076,0.338156,-0.107218
67,15,27.7662,,0.081815,0.218522,0.342443,-0.034175
67,16,29.6208,,0.066793,0.106075,0.304151,0.000000
67,17,29.6822,,0.002073,0.113302,0.303840,0.000000
67,18,30.3074,,0.021063,0.314501,0.257690,0.000000
67,19,33.1323,,0.093208,0.221170,0.214007,0.000000
67,20,35.9783,,0.085898,0.337209,0.221739,0.000000
67,21,33.5886,,-0.066421,0.285466,0.234741,-0.066421
67,22,34.1587,,0.016973,0.352235,0.226808,-0.050575
67,23,41.9603,,0.228393,0.459554,0.285332,0.000000
67,24,46.5198,,0.108662,0.666951,0.284828,0.000000
67,25,41.5093,,-0.107707,0.525111,0.317632,-0.107707
67,26,37.2606,,-0.102355,0.451730,0.335408,-0.199038
67,27,41.0947,,0.102900,0.480025,0.339212,-0.116619
67,28,38.9514,,-0.052155,0.315002,0.348711,-0.162691
67,29,42.1028,,0.080906,0.418453,0.351331,-0.094948
67,30,41.9579,,-0.003442,0.384411,0.353174,-0.098063
67,31,40.4214,,-0.036620,0.220000,0.352519,-0.131092
67,32,36.4769,,-0.097584,0.013859,0.363395,-0.215884
67,33,35.2914,,-0.032500,0.050697,0.357560,-0.241367
67,34,37.5414,,0.063755,0.099030,0.361764,-0.193001
67,35,40.4286,,0.076907,-0.036503,0.287276,-0.130937
67,36,41.6780,,0.030904,-0.104079,0.264858,-0.104079
67,37,35.9192,,-0.138174,-0.134670,0.278946,-0.227872
67,38,33.3021,,-0.072861,-0.106238,0.269575,-0.284130
67,39,33.4909,,0.005669,-0.185032,0.242728,-0.280072
67,40,31.9231,,-0.046813,-0.180438,0.241884,-0.313774
67,41,31.2089,,-0.022373,-0.258746,0.218527,-0.329127
67,42,30.4348,,-0.024804,-0.274636,0.217508,-0.345767
67,43,29.9203,,-0.016905,-0.259792,0.217207,-0.356827
67,44,29.6832,,-0.007924,-0.186248,0.201513,-0.361924
67,45,27.8290,,-0.062466,-0.211452,0.206451,-0.401782
67,46,25.6393,,-0.078684,-0.317040,0.193719,-0.448852
67,47,25.5638,,-0.002945,-0.367681,0.159103,-0.450475
67,48,24.4799,,-0.042400,-0.412643,0.141121,-0.473775
67,49,23.0259,,-0.059396,-0.358954,0.098420,-0.505031
67,50,22.9236,,-0.004443,-0.311648,0.094148,-0.507230
67,51,23.9507,,0.044805,-0.284861,0.116043,-0.485151
67,52,22.1123,,-0.076758,-0.307327,0.125121,-0.524670
67,53,24.7361,,0.118658,-0.207403,0.194282,-0.468268
74,15,34.0818,,0.173398,0.446046,0.254152,0.000000
67,54,24.5134,,-0.009003,-0.194561,0.194300,-0.473055
67,55,26.7562,,0.091493,-0.105752,0.222253,-0.424844
67,56,25.7745,,-0.036691,-0.131682,0.224177,-0.445947
67,57,25.7123,,-0.002413,-0.076062,0.216711,-0.447284
67,58,25.1437,,-0.022114,-0.019331,0.202600,-0.459506
67,59,23.2868,,-0.073852,-0.089073,0.215672,-0.499423
67,60,23.9372,,0.027930,-0.022171,0.214189,-0.485442
67,61,23.9282,,-0.000376,0.039185,0.204281,-0.485635
67,62,24.2412,,0.013081,0.057477,0.204171,-0.478907
67,63,23.2415,,-0.041240,-0.029612,0.204567,-0.500397
67,64,22.3885,,-0.036702,0.012490,0.191901,-0.518733
67,65,21.5447,,-0.037689,-0.129019,0.147008,-0.536872
67,66,22.6567,,0.051614,-0.075743,0.159691,-0.512968
67,67,21.7688,,-0.039189,-0.186402,0.122070,-0.532054
67,68,23.5421,,0.081461,-0.086613,0.153780,-0.493935
67,69,24.2267,,0.029080,-0.057778,0.157891,-0.479218
67,70,23.4375,,-0.032576,-0.067858,0.159538,-0.496183
67,71,24.4739,,0.044220,0.050978,0.147049,-0.473905
67,72,24.0921,,-0.015600,0.006472,0.146073,-0.482112
68,2,38.2960,,-0.185259,,,0.000000
68,3,24.5325,,-0.359398,,,-0.359398
68,4,33.5331,,0.366885,,,-0.124371
68,5,33.5968,,0.001900,,,-0.122707
68,6,33.8041,,0.006170,,,-0.117294
68,7,30.0793,,-0.110188,,,-0.214558
68,8,30.7925,,0.023711,,,-0.195934
68,9,26.6885,,-0.133279,,,-0.303099
68,10,23.2590,,-0.128501,,,-0.392652
68,11,32.5450,,0.399243,,,-0.150172
68,12,32.8988,,0.010871,,,-0.140934
68,13,32.9317,,0.001000,-0.299383,0.741259,-0.140075
68,14,42.7873,,0.299274,0.117279,0.773176,0.000000
68,15,43.9773,,0.027812,0.792615,0.646154,0.000000
68,16,42.4580,,-0.034547,0.266153,0.559602,-0.034547
68,17,46.2771,,0.089950,0.377426,0.561652,0.000000
68,18,50.9545,,0.101074,0.507348,0.563868,0.000000
68,19,46.9049,,-0.079475,0.559376,0.555387,-0.079475
68,20,46.8167,,-0.001880,0.520394,0.557200,-0.081206
68,21,57.1361,,0.220421,1.140851,0.545209,0.000000
68,22,62.8016,,0.099158,1.700099,0.497779,0.000000
68,23,59.4810,,-0.052874,0.827656,0.389222,-0.052874
68,24,61.2197,,0.029231,0.860851,0.387290,-0.025189
68,25,75.3719,,0.231171,1.288736,0.417392,0.000000
68,26,80.6791,,0.070414,0.885588,0.340331,0.000000
68,27,85.4785,,0.059488,0.943700,0.338699,0.000000
68,28,81.8930,,-0.041946,0.928804,0.341049,-0.041946
68,29,96.3306,,0.176298,1.081607,0.359636,0.000000
68,30,77.3433,,-0.197106,0.517891,0.443245,-0.197106
68,31,84.5567,,0.093265,0.802729,0.424550,-0.122224
68,32,94.9885,,0.123370,1.028946,0.424032,-0.013933
68,33,89.2173,,-0.060757,0.561488,0.406320,-0.073843
68,34,111.5026,,0.249787,0.775475,0.453724,0.000000
68,35,109.2211,,-0.020461,0.836236,0.446282,-0.020461
68,36,104.7473,,-0.040961,0.711008,0.456852,-0.060584
68,37,108.8576,,0.039240,0.444274,0.413727,-0.023721
68,38,92.3150,,-0.151966,0.144224,0.452414,-0.172082
68,39,89.0116,,-0.035784,0.041332,0.453148,-0.201709
68,40,92.8851,,0.043517,0.134224,0.450288,-0.166969
68,41,89.6441,,-0.034893,-0.069413,0.417749,-0.196036
68,42,94.0173,,0.048784,0.215583,0.359037,-0.156816
68,43,107.4627,,0.143010,0.270894,0.373115,-0.036232
68,44,108.6586,,0.011129,0.143913,0.357466,-0.025506
68,45,109.8375,,0.010850,0.231124,0.347757,-0.014933
68,46,109.4673,,-0.003370,-0.018253,0.243160,-0.018253
68,47,106.4911,,-0.027188,-0.024995,0.243892,-0.044944
68,48,107.4911,,0.009390,0.026195,0.239785,-0.035976
68,49,103.6015,,-0.036185,-0.048284,0.239690,-0.070860
68,50,104.2220,,0.005989,0.128983,0.175161,-0.065295
68,51,118.7134,,0.139044,0.333686,0.208081,0.000000
68,52,117.1651,,-0.013042,0.261400,0.210511,-0.013042
68,53,108.6403,,-0.072759,0.211909,0.224448,-0.084852
68,54,107.3603,,-0.011782,0.141923,0.223548,-0.095634
68,56,106.8065,,0.023292,-0.017044,0.176487,-0.100300
68,57,99.5336,,-0.068094,-0.093810,0.188308,-0.161564
68,58,103.5611,,0.040464,-0.053954,0.194208,-0.127637
68,59,102.4266,,-0.010955,-0.038167,0.192695,-0.137194
68,60,94.4123,,-0.078244,-0.121672,0.206539,-0.204703
68,61,94.0886,,-0.003429,-0.091822,0.204452,-0.207431
68,62,94.3932,,0.003237,-0.094306,0.204288,-0.204865
68,63,100.7929,,0.067798,-0.150956,0.155430,-0.150956
68,64,85.5329,,-0.151400,-0.269981,0.208403,-0.279502
68,65,81.9147,,-0.042302,-0.246002,0.202802,-0.309980
68,66,86.8610,,0.060384,-0.190940,0.218821,-0.268314
68,67,92.2813,,0.062402,-0.115872,0.231550,-0.222655
68,68,95.7949,,0.038075,-0.103099,0.234192,-0.193058
68,69,92.3107,,-0.036371,-0.072568,0.227183,-0.222407
68,70,86.7187,,-0.060578,-0.162633,0.227984,-0.269512
68,71,86.5528,,-0.001913,-0.154978,0.228235,-0.270910
68,72,92.2019,,0.065268,-0.023413,0.227819,-0.223323
69,2,143.6972,,-0.013242,,,0.000000
69,3,126.8737,,-0.117076,,,-0.117076
69,4,133.9636,,0.055882,,,-0.067736
69,5,140.4836,,0.048670,,,-0.022363
69,6,145.1288,,0.033066,,,0.000000
69,7,163.6577,,0.127672,,,0.000000
69,8,194.9857,,0.191424,,,0.000000
69,9,205.7255,,0.055080,,,0.000000
69,10,210.4190,,0.022814,,,0.000000
69,11,243.6803,,0.158072,,,0.000000
69,13,269.7693,,0.076490,0.852487,0.279298,0.000000
69,14,326.1144,,0.208864,1.269457,0.306555,0.000000
69,15,349.4857,,0.071666,1.754597,0.225538,0.000000
69,16,347.2619,,-0.006363,1.592211,0.243626,-0.006363
69,17,338.1320,,-0.026291,1.406915,0.266192,-0.032487
69,18,330.2757,,-0.023234,1.275743,0.282130,-0.054966
69,19,339.4640,,0.027820,1.074233,0.278950,-0.028675
69,20,354.8980,,0.045466,0.820124,0.242863,0.000000
69,21,314.5668,,-0.113642,0.529061,0.294567,-0.113642
69,22,322.3199,,0.024647,0.531801,0.294461,-0.091796
69,23,325.3613,,0.009436,0.335198,0.265124,-0.083226
69,24,322.8661,,-0.007669,0.288369,0.267351,-0.090257
69,25,355.4989,,0.101072,0.317789,0.273678,0.000000
69,26,340.0285,,-0.043517,0.042667,0.194657,-0.043517
69,28,357.4941,,-0.088931,0.029466,0.258348,-0.088931
69,29,338.7743,,-0.052364,0.001900,0.263058,-0.136638
69,30,283.5618,,-0.162977,-0.141439,0.310889,-0.277346
69,31,326.1419,,0.150162,-0.039244,0.348451,-0.168831
69,32,347.1162,,0.064310,-0.021926,0.351552,-0.115379
69,33,317.3133,,-0.085859,0.008731,0.342487,-0.191331
69,34,377.4014,,0.189365,0.170891,0.389129,-0.038198
69,35,420.4791,,0.114143,0.292345,0.400273,0.000000
69,36,408.8087,,-0.027755,0.266187,0.402703,-0.027755
69,37,404.2919,,-0.011049,0.137252,0.395435,-0.038497
69,38,400.8498,,-0.008514,0.178871,0.391153,-0.046684
69,39,394.7688,,-0.015170,0.006063,0.363311,-0.061145
69,40,362.5687,,-0.081567,0.014194,0.361293,-0.137725
69,41,331.8383,,-0.084757,-0.020474,0.368390,-0.210809
69,42,388.6282,,0.171137,0.370523,0.355087,-0.075749
69,43,413.3156,,0.063524,0.267286,0.333326,-0.017037
69,44,395.3628,,-0.043436,0.138992,0.336505,-0.059733
69,45,363.0750,,-0.081666,0.144216,0.335158,-0.136521
69,46,352.7495,,-0.028439,-0.065320,0.277629,-0.161077
69,47,351.8323,,-0.002600,-0.163258,0.246822,-0.163258
69,48,386.0684,,0.097308,-0.055626,0.269084,-0.081837
69,49,381.3914,,-0.012114,-0.056643,0.269124,-0.092959
69,50,353.7449,,-0.072489,-0.117512,0.278214,-0.158710
69,51,398.0200,,0.125161,0.008236,0.307822,-0.053413
69,52,380.6929,,-0.043533,0.049989,0.298473,-0.094621
69,53,364.4987,,-0.042539,0.098422,0.287028,-0.133135
69,54,363.3997,,-0.003015,-0.064917,0.227627,-0.135748
69,55,363.2119,,-0.000517,-0.121224,0.215705,-0.136195
69,56,376.6476,,0.036991,-0.047337,0.216686,-0.104242
69,57,407.4930,,0.081895,0.122338,0.213021,-0.030884
69,58,396.5454,,-0.026866,0.124155,0.212706,-0.056920
69,59,456.5235,,0.151252,0.297560,0.253358,0.000000
69,60,415.1728,,-0.090577,0.075387,0.263743,-0.090577
69,61,468.7573,,0.129066,0.229072,0.288271,0.000000
69,62,472.9181,,0.008876,0.336891,0.270610,0.000000
69,63,461.6654,,-0.023794,0.159906,0.252142,-0.023794
69,64,457.5632,,-0.008886,0.201922,0.245700,-0.032469
69,65,499.7108,,0.092113,0.370954,0.246607,0.000000
69,66,501.9120,,0.004405,0.381157,0.245670,0.000000
69,67,519.2251,,0.034494,0.429538,0.243489,0.000000
69,68,473.9438,,-0.087209,0.258323,0.271057,-0.087209
69,69,452.7736,,-0.044668,0.111121,0.270127,-0.127982
69,70,458.6971,,0.013083,0.156734,0.266869,-0.116573
69,71,461.5389,,0.006195,0.010987,0.221562,-0.111100
69,72,462.6120,,0.002325,0.114264,0.196982,-0.109033
70,2,133.4804,,-0.063792,,,0.000000
70,3,110.7172,,-0.170536,,,-0.170536
70,4,117.4286,,0.060618,,,-0.120256
70,5,120.6973,,0.027836,,,-0.095767
70,6,120.5368,,-0.001330,,,-0.096970
70,7,124.5217,,0.033060,,,-0.067115
70,8,138.0101,,0.108322,,,0.000000
70,9,138.0024,,-0.000056,,,-0.000056
70,10,138.2874,,0.002065,,,0.000000
70,11,170.9583,,0.236254,,,0.000000
70,12,179.1551,,0.047946,,,0.000000
70,13,164.5582,,-0.081476,0.154184,0.349373,-0.081476
70,14,170.4374,,0.035727,0.276873,0.338401,-0.048660
70,15,183.6452,,0.077494,0.658690,0.265122,0.000000
70,16,188.6960,,0.027503,0.606902,0.265135,0.000000
70,17,195.3541,,0.035285,0.618547,0.264781,0.000000
70,18,186.3618,,-0.046031,0.546100,0.276532,-0.046031
70,19,198.6301,,0.065831,0.595146,0.277616,0.000000
70,20,197.0329,,-0.008041,0.427671,0.271801,-0.008041
70,21,181.0742,,-0.080995,0.312110,0.293621,-0.088385
70,22,186.4822,,0.029866,0.348513,0.292466,-0.061158
70,23,172.5101,,-0.074925,0.009077,0.202899,-0.131501
70,24,178.6270,,0.035458,-0.002947,0.200204,-0.100706
70,25,175.1746,,-0.019327,0.064515,0.180883,-0.118087
70,26,162.5556,,-0.072037,-0.046244,0.193538,-0.181617
70,27,167.6113,,0.031101,-0.087310,0.177518,-0.156164
70,28,166.6895,,-0.005500,-0.116625,0.173677,-0.160806
70,29,166.7843,,0.000569,-0.146247,0.167351,-0.160328
70,30,150.4880,,-0.097709,-0.192496,0.185778,-0.242372
70,31,166.6355,,0.107301,-0.161077,0.208963,-0.161077
70,32,163.9428,,-0.016159,-0.167943,0.208916,-0.174633
70,33,145.2877,,-0.113790,-0.197635,0.222596,-0.268552
70,34,177.5265,,0.221896,-0.048025,0.325194,-0.106246
70,35,191.0398,,0.076120,0.107412,0.322428,-0.038214
70,36,187.3847,,-0.019133,0.049027,0.322777,-0.056616
70,37,182.2957,,-0.027158,0.040651,0.323588,-0.082236
70,38,167.4308,,-0.081543,0.029990,0.326254,-0.157073
70,39,168.0012,,0.003407,0.002326,0.325134,-0.154202
70,40,175.6664,,0.045626,0.053854,0.327511,-0.115611
70,41,168.4232,,-0.041233,0.009826,0.331232,-0.152077
70,42,183.3568,,0.088667,0.218415,0.320571,-0.076894
70,43,171.5425,,-0.064433,0.029448,0.315709,-0.136373
70,44,166.0727,,-0.031886,0.012992,0.317302,-0.163910
70,45,164.1384,,-0.011647,0.129747,0.291041,-0.173648
70,46,162.8234,,-0.008012,-0.082822,0.181352,-0.180269
70,47,174.0716,,0.069082,-0.088821,0.177984,-0.123640
70,48,187.4202,,0.076685,0.000190,0.195506,-0.056437
70,49,180.7620,,-0.035526,-0.008414,0.197016,-0.089958
70,50,177.6072,,-0.017453,0.060779,0.177238,-0.105841
70,51,184.4425,,0.038485,0.097863,0.180104,-0.071429
70,52,173.1917,,-0.060999,-0.014089,0.187863,-0.128071
70,53,181.6927,,0.049084,0.078785,0.187873,-0.085273
70,54,192.9081,,0.061727,0.052090,0.176808,-0.028810
70,55,184.9673,,-0.041164,0.078257,0.168095,-0.068788
70,56,187.8220,,0.015434,0.130961,0.162612,-0.054416
70,57,187.7598,,-0.000331,0.143909,0.161258,-0.054729
70,58,186.8242,,-0.004983,0.147402,0.160870,-0.059439
70,59,211.5760,,0.132487,0.215452,0.194233,0.000000
70,60,206.1915,,-0.025449,0.100155,0.187171,-0.025449
70,61,204.2107,,-0.009607,0.129720,0.182130,-0.034812
70,62,194.3251,,-0.048409,0.094127,0.189949,-0.081535
70,63,194.3190,,-0.000031,0.053548,0.187282,-0.081564
70,64,193.1719,,-0.005903,0.115365,0.173489,-0.086985
70,65,208.0108,,0.076817,0.144850,0.182259,-0.016850
70,66,214.8015,,0.032646,0.113492,0.175908,0.000000
70,67,205.0890,,-0.045216,0.108786,0.177238,-0.045216
70,68,202.4602,,-0.012818,0.077937,0.178504,-0.057454
70,69,195.1696,,-0.036010,0.039465,0.183687,-0.091395
70,70,198.0542,,0.014780,0.060111,0.183642,-0.077966
70,71,189.0629,,-0.045398,-0.106406,0.127741,-0.119825
70,72,193.0652,,0.021169,-0.063661,0.129573,-0.101192
71,2,95.0551,,-0.079050,,,0.000000
71,3,76.7523,,-0.192549,,,-0.192549
71,4,93.4317,,0.217315,,,-0.017078
71,5,116.9418,,0.251629,,,0.000000
71,6,121.2211,,0.036593,,,0.000000
71,7,133.5926,,0.102057,,,0.000000
71,8,148.3155,,0.110207,,,0.000000
71,9,149.3692,,0.007104,,,0.000000
71,10,142.3807,,-0.046787,,,-0.046787
71,11,140.8099,,-0.011032,,,-0.057303
71,12,145.0481,,0.030099,,,-0.028929
71,13,150.7773,,0.039499,0.460820,0.423710,0.000000
71,14,144.8686,,-0.039188,0.524049,0.413368,-0.039188
71,15,172.4639,,0.190485,1.247019,0.348579,0.000000
71,16,177.9684,,0.031917,0.904796,0.312902,0.000000
71,17,177.2019,,-0.004307,0.515299,0.235782,-0.004307
71,18,176.4197,,-0.004414,0.455355,0.239439,-0.008702
71,19,175.2556,,-0.006598,0.311867,0.230123,-0.015243
71,20,186.2144,,0.062530,0.255530,0.215267,0.000000
71,21,185.2737,,-0.005052,0.240376,0.216449,-0.005052
71,22,213.5498,,0.152618,0.499853,0.240123,0.000000
71,23,224.1949,,0.049848,0.592182,0.234666,0.000000
71,24,236.9267,,0.056789,0.633436,0.234775,0.000000
71,25,217.5586,,-0.081747,0.442914,0.266317,-0.081747
71,26,203.2952,,-0.065561,0.403308,0.275331,-0.141949
71,27,185.9416,,-0.085362,0.078148,0.236937,-0.215194
71,28,181.8400,,-0.022059,0.021754,0.237238,-0.232506
71,29,180.3320,,-0.008293,0.017663,0.237421,-0.238870
71,30,161.2831,,-0.105632,-0.085799,0.261485,-0.319270
71,31,176.8509,,0.096525,0.009102,0.280396,-0.253563
71,32,180.2797,,0.019388,-0.031871,0.273764,-0.239091
71,33,174.4017,,-0.032605,-0.058681,0.275712,-0.263900
71,34,181.0319,,0.038017,-0.152273,0.224603,-0.235916
71,35,198.4490,,0.096210,-0.114837,0.242537,-0.162403
71,36,186.0220,,-0.062621,-0.214854,0.237149,-0.214854
71,37,194.4342,,0.045222,-0.106291,0.233772,-0.179349
71,38,193.0886,,-0.006921,-0.050206,0.225000,-0.185028
71,39,187.6642,,-0.028093,0.009264,0.208642,-0.207923
71,40,195.0406,,0.039306,0.072594,0.209807,-0.176790
71,41,189.6967,,-0.027399,0.051930,0.212235,-0.199345
71,42,212.8700,,0.122160,0.319852,0.203659,-0.101537
71,43,220.9528,,0.037971,0.249373,0.189101,-0.067422
71,44,218.4049,,-0.011531,0.211478,0.191729,-0.078175
71,45,196.9511,,-0.098229,0.129296,0.219630,-0.168725
71,46,180.5859,,-0.083093,-0.002464,0.236711,-0.237798
71,47,189.5198,,0.049472,-0.044994,0.220456,-0.200091
71,48,212.1291,,0.119298,0.140345,0.240054,-0.104663
71,49,202.8738,,-0.043631,0.043406,0.243535,-0.143727
71,50,230.5541,,0.136441,0.194033,0.275482,-0.026897
71,51,244.0231,,0.058420,0.300319,0.273362,0.000000
71,52,218.4071,,-0.104974,0.119804,0.301693,-0.104974
71,53,213.0020,,-0.024748,0.122856,0.301318,-0.127124
71,54,212.2031,,-0.003751,-0.003133,0.276937,-0.130398
71,55,236.3149,,0.113626,0.069526,0.297069,-0.031589
71,56,240.3528,,0.017087,0.100491,0.296295,-0.015042
71,57,261.9700,,0.089939,0.330125,0.279679,0.000000
71,58,253.2457,,-0.033303,0.402353,0.262181,-0.033303
71,59,264.6161,,0.044899,0.396243,0.261872,0.000000
71,60,239.7212,,-0.094079,0.130070,0.269991,-0.094079
71,61,252.5815,,0.053647,0.245017,0.265217,-0.045479
71,62,242.5637,,-0.039662,0.052089,0.238821,-0.083337
71,63,227.5302,,-0.061978,-0.067589,0.240567,-0.140150
71,64,218.0966,,-0.041461,-0.001423,0.218769,-0.175800
71,65,221.3756,,0.015035,0.039311,0.217136,-0.163409
71,66,217.5901,,-0.017100,0.025385,0.218131,-0.177714
71,67,219.2573,,0.007662,-0.072182,0.182863,-0.171414
71,68,254.4280,,0.160408,0.058559,0.246715,-0.038502
71,69,247.7730,,-0.026157,-0.054194,0.230951,-0.063652
71,70,234.7785,,-0.052445,-0.072923,0.234487,-0.112759
71,71,240.2427,,0.023274,-0.092109,0.230503,-0.092109
71,72,238.9349,,-0.005444,-0.003281,0.209687,-0.097052
72,2,66.5826,,-0.073688,,,0.000000
72,3,52.8259,,-0.206611,,,-0.206611
72,4,58.1367,,0.100534,,,-0.126848
72,5,64.3742,,0.107290,,,-0.033168
72,6,62.5256,,-0.028716,,,-0.060932
72,7,65.2660,,0.043828,,,-0.019774
72,8,75.0166,,0.149398,,,0.000000
72,9,67.1723,,-0.104568,,,-0.104568
72,10,63.7098,,-0.051547,,,-0.150725
72,11,79.6500,,0.250200,,,0.000000
72,12,87.4570,,0.098016,,,0.000000
72,13,76.3469,,-0.127035,0.062154,0.460847,-0.127035
72,14,91.4324,,0.197592,0.373216,0.484365,0.000000
72,15,91.4846,,0.000571,0.731812,0.409880,0.000000
72,16,96.8342,,0.058475,0.665627,0.406700,0.000000
72,18,85.9185,,-0.073452,0.374131,0.421114,-0.112726
72,19,85.5326,,-0.004491,0.310522,0.422560,-0.116710
72,20,90.2999,,0.055737,0.203732,0.403451,-0.067478
72,21,93.2135,,0.032266,0.387678,0.379317,-0.037390
72,22,95.0555,,0.019761,0.492009,0.368564,-0.018368
72,23,82.5322,,-0.131747,0.036187,0.324855,-0.147695
72,24,94.2093,,0.141485,0.077208,0.340673,-0.027106
72,25,96.4435,,0.023715,0.263228,0.305820,-0.004034
72,26,85.2965,,-0.115581,-0.067109,0.269060,-0.119149
72,27,92.2153,,0.081115,0.007987,0.281963,-0.047699
72,28,86.7910,,-0.058822,-0.103715,0.281521,-0.103715
72,29,88.0967,,0.015044,-0.049962,0.279280,-0.090231
72,30,68.6767,,-0.220440,-0.200676,0.350370,-0.290781
72,31,76.0077,,0.106747,-0.111360,0.370565,-0.215074
72,32,73.6564,,-0.030935,-0.184314,0.365364,-0.239355
72,33,64.5230,,-0.124000,-0.307794,0.378161,-0.333675
72,34,73.4079,,0.137701,-0.227737,0.410241,-0.241922
72,35,81.6526,,0.112314,-0.010658,0.406824,-0.156779
72,36,79.1329,,-0.030859,-0.160031,0.379669,-0.182800
72,37,95.5785,,0.207823,-0.008969,0.437094,-0.012967
72,38,99.1085,,0.036933,0.161930,0.416690,0.000000
72,39,104.1507,,0.050876,0.129431,0.412882,0.000000
72,41,98.5105,,-0.066091,0.118209,0.414411,-0.066091
72,42,106.0324,,0.076356,0.543936,0.326604,0.000000
72,43,116.6528,,0.100162,0.534750,0.325217,0.000000
72,44,121.9235,,0.045183,0.655301,0.315812,0.000000
72,45,121.0958,,-0.006789,0.876785,0.264288,-0.006789
72,46,109.5361,,-0.095459,0.492157,0.287812,-0.101600
72,47,122.7352,,0.120500,0.503139,0.290256,0.000000
72,48,139.2868,,0.134856,0.760163,0.294876,0.000000
72,49,137.7259,,-0.011206,0.440972,0.245330,-0.011206
72,50,136.2087,,-0.011016,0.374339,0.249184,-0.022099
72,51,142.4540,,0.045851,0.367768,0.248757,0.000000
72,52,135.8959,,-0.046037,0.288334,0.259597,-0.046037
72,53,148.6633,,0.093950,0.509111,0.248183,0.000000
72,54,155.9521,,0.049029,0.470797,0.244963,0.000000
72,55,146.5852,,-0.060063,0.256594,0.250741,-0.060063
72,56,154.2487,,0.052280,0.265126,0.251569,-0.010923
72,57,166.2000,,0.077481,0.372467,0.255081,0.000000
72,58,184.9413,,0.112764,0.688406,0.227593,0.000000
72,59,205.7334,,0.112425,0.676238,0.224857,0.000000
72,60,196.4963,,-0.044898,0.410732,0.219017,-0.044898
72,61,187.6766,,-0.044885,0.362682,0.228463,-0.087768
72,62,198.7073,,0.058775,0.458844,0.226084,-0.034151
72,63,182.5009,,-0.081559,0.281122,0.253026,-0.112925
72,64,202.4198,,0.109144,0.489521,0.254238,-0.016106
72,65,219.0781,,0.082296,0.473653,0.251604,0.000000
72,66,229.8083,,0.048979,0.473583,0.251601,0.000000
72,67,218.8650,,-0.047619,0.493092,0.246720,-0.047619
72,68,222.6422,,0.017258,0.443399,0.246725,-0.031183
72,69,214.6981,,-0.035681,0.291807,0.250564,-0.065751
72,70,202.2603,,-0.057932,0.093646,0.242549,-0.119874
72,71,195.7656,,-0.032111,-0.048450,0.217540,-0.148136
72,72,213.3175,,0.089658,0.085605,0.230085,-0.071759
73,3,48.4062,,0.002535,,,0.000000
73,4,50.2174,,0.037417,,,0.000000
73,5,53.9449,,0.074227,,,0.000000
73,6,53.4513,,-0.009150,,,-0.009150
73,7,51.7812,,-0.031245,,,-0.040109
73,8,51.5057,,-0.005320,,,-0.045216
73,9,48.4214,,-0.059883,,,-0.102391
73,10,46.5061,,-0.039555,,,-0.137896
73,11,56.6838,,0.218847,,,0.000000
73,12,57.1103,,0.007524,,,0.000000
73,13,59.9114,,0.049047,0.090050,0.289857,0.000000
73,14,57.3492,,-0.042766,0.187753,0.259966,-0.042766
73,15,63.3257,,0.104212,0.308215,0.273413,0.000000
73,16,64.3105,,0.015551,0.280642,0.273228,0.000000
73,17,73.2393,,0.138839,0.357669,0.293233,0.000000
73,18,70.6974,,-0.034707,0.322650,0.297921,-0.034707
73,19,69.7823,,-0.012944,0.347637,0.294581,-0.047202
73,20,73.6402,,0.055285,0.429747,0.293281,0.000000
73,21,72.3360,,-0.017710,0.493885,0.281459,-0.017710
73,22,76.1037,,0.052086,0.636424,0.268980,0.000000
73,23,76.3572,,0.003331,0.347072,0.191801,0.000000
73,24,88.4462,,0.158322,0.548691,0.230849,0.000000
73,25,91.3183,,0.032473,0.524223,0.230660,0.000000
73,26,89.3413,,-0.021650,0.557847,0.223483,-0.021650
73,27,87.2381,,-0.023541,0.377610,0.219560,-0.044681
73,28,82.8594,,-0.050193,0.288427,0.233295,-0.092632
73,29,83.8261,,0.011667,0.144551,0.196318,-0.082045
73,30,80.2825,,-0.042273,0.135580,0.198445,-0.120850
73,31,82.8991,,0.032592,0.187968,0.197405,-0.092197
73,32,85.5335,,0.031778,0.161505,0.193648,-0.063349
73,33,83.1109,,-0.028323,0.148956,0.195817,-0.089877
73,34,82.5270,,-0.007026,0.084401,0.191835,-0.096272
73,35,89.3200,,0.082312,0.169764,0.205469,-0.021884
73,36,81.7013,,-0.085297,-0.076262,0.158796,-0.105315
73,37,77.3441,,-0.053331,-0.153029,0.159520,-0.153029
73,38,73.7469,,-0.046509,-0.174550,0.162929,-0.192421
73,39,65.5989,,-0.110486,-0.248049,0.189090,-0.281647
73,40,64.7161,,-0.013458,-0.218966,0.186687,-0.291315
73,41,60.5487,,-0.064395,-0.277688,0.188529,-0.336950
73,42,61.5277,,0.016169,-0.233611,0.191842,-0.326230
73,43,66.4763,,0.080429,-0.198107,0.211264,-0.272039
73,44,58.4789,,-0.120305,-0.316305,0.227461,-0.359616
73,45,62.6514,,0.071351,-0.246172,0.248719,-0.313924
73,46,61.9246,,-0.011601,-0.249645,0.248483,-0.321883
73,47,61.4968,,-0.006908,-0.311501,0.222581,-0.326568
73,48,71.4612,,0.162031,-0.125336,0.283142,-0.217451
73,49,67.3071,,-0.058131,-0.129771,0.284019,-0.262941
73,50,67.9184,,0.009082,-0.079034,0.281327,-0.256247
73,51,72.8409,,0.072477,0.110398,0.264675,-0.202342
73,52,61.8362,,-0.151079,-0.044501,0.310572,-0.322852
73,53,54.9564,,-0.111258,-0.092360,0.324388,-0.398190
73,54,54.4585,,-0.009060,-0.114895,0.323659,-0.403642
73,55,55.6295,,0.021503,-0.163168,0.311617,-0.390819
73,56,53.3761,,-0.040507,-0.087258,0.290587,-0.415495
73,57,58.6354,,0.098533,-0.064100,0.299448,-0.357902
73,58,52.6488,,-0.102099,-0.149791,0.315815,-0.423459
73,59,56.4319,,0.071855,-0.082361,0.326203,-0.382032
73,60,42.3263,,-0.249958,-0.407702,0.357422,-0.536498
73,61,53.2543,,0.258185,-0.208786,0.462050,-0.416829
73,62,62.7542,,0.178387,-0.076035,0.499582,-0.312799
73,63,64.6926,,0.030889,-0.111864,0.494990,-0.291572
73,64,63.6995,,-0.015351,0.030133,0.467773,-0.302447
73,65,61.7804,,-0.030127,0.124172,0.451404,-0.323462
73,67,59.9088,,-0.099740,0.076925,0.470910,-0.343958
73,68,71.3386,,0.190787,0.336527,0.497352,-0.218793
73,69,73.5231,,0.030622,0.253903,0.492357,-0.194871
73,70,76.2148,,0.036610,0.447608,0.471346,-0.165395
73,71,79.0107,,0.036684,0.400107,0.470059,-0.134779
73,72,78.0275,,-0.012444,0.843476,0.358689,-0.145546
74,2,24.6052,,-0.150640,,,0.000000
74,3,23.5690,,-0.042113,,,-0.042113
74,4,24.5805,,0.042917,,,-0.001003
74,5,24.4553,,-0.005093,,,-0.006091
74,6,24.5805,,0.005120,,,-0.001002
74,7,26.3334,,0.071313,,,0.000000
74,8,27.9908,,0.062939,,,0.000000
74,9,24.7271,,-0.116599,,,-0.116599
74,10,23.5536,,-0.047458,,,-0.158523
74,11,26.0017,,0.103937,,,-0.071063
74,12,26.7655,,0.029375,,,-0.043775
74,13,27.3667,,0.022462,-0.055313,0.262943,-0.022297
74,14,29.0454,,0.061341,0.180460,0.212890,0.000000
74,16,32.3611,,-0.050487,0.316538,0.267257,-0.050487
74,17,33.3573,,0.030784,0.364013,0.265125,-0.021257
74,18,32.3137,,-0.031286,0.314608,0.271111,-0.051878
74,19,33.1302,,0.025268,0.258106,0.266552,-0.027921
74,20,34.6405,,0.045587,0.237568,0.264197,0.000000
74,21,31.3923,,-0.093769,0.269551,0.251974,-0.093769
74,22,30.9766,,-0.013242,0.315154,0.243812,-0.105769
74,23,29.9443,,-0.033325,0.151630,0.233942,-0.135570
74,24,33.2800,,0.111397,0.243393,0.253449,-0.039275
74,25,36.4170,,0.094261,0.330706,0.263953,0.000000
74,26,36.7105,,0.008059,0.263902,0.261684,0.000000
74,27,37.3976,,0.018717,0.097290,0.203431,0.000000
74,28,40.4580,,0.081834,0.250205,0.204019,0.000000
74,29,39.3805,,-0.026633,0.180566,0.208841,-0.026633
74,30,30.4109,,-0.227768,-0.058886,0.319855,-0.248335
74,31,32.5538,,0.070465,-0.017399,0.326987,-0.195369
74,32,33.4890,,0.028728,-0.033242,0.325019,-0.172253
74,33,29.9708,,-0.105055,-0.045282,0.328804,-0.259212
74,34,35.1106,,0.171494,0.133456,0.369665,-0.132172
74,35,35.3458,,0.006699,0.180385,0.365986,-0.126358
74,36,34.6856,,-0.018678,0.042236,0.353188,-0.142676
74,37,34.8833,,0.005700,-0.042114,0.340611,-0.137789
74,38,35.9599,,0.030863,-0.020445,0.341878,-0.111179
74,39,34.5580,,-0.038985,-0.075929,0.343854,-0.145829
74,40,37.5787,,0.087410,-0.071166,0.345375,-0.071166
74,41,35.1346,,-0.065040,-0.107816,0.350543,-0.131578
74,42,35.8307,,0.019812,0.178221,0.252151,-0.114373
74,43,36.6790,,0.023675,0.126721,0.245400,-0.093405
74,44,35.7100,,-0.026418,0.066322,0.247540,-0.117356
74,45,33.9576,,-0.049073,0.133024,0.225049,-0.160670
74,46,33.1657,,-0.023320,-0.055393,0.144670,-0.180243
74,47,34.7096,,0.046551,-0.017999,0.153112,-0.142082
74,48,33.3061,,-0.040435,-0.039771,0.157396,-0.176772
74,49,33.9074,,0.018054,-0.027975,0.158574,-0.161910
74,50,34.5751,,0.019692,-0.038509,0.156473,-0.145406
74,51,36.8654,,0.066241,0.066769,0.164752,-0.088797
74,52,37.8512,,0.026741,0.007252,0.141790,-0.064430
74,53,39.9593,,0.055694,0.137321,0.131098,-0.012325
74,54,39.3546,,-0.015133,0.098350,0.133301,-0.027271
74,55,43.2708,,0.099511,0.179718,0.161330,0.000000
74,56,47.4734,,0.097123,0.329416,0.173690,0.000000
74,57,45.0631,,-0.050772,0.327041,0.174489,-0.050772
74,58,49.0269,,0.087961,0.478241,0.176349,0.000000
74,59,51.9797,,0.060228,0.497560,0.177912,0.000000
74,60,47.0734,,-0.094389,0.413356,0.208547,-0.094389
74,61,47.9337,,0.018276,0.413664,0.208532,-0.077838
74,62,51.2560,,0.069310,0.482452,0.211496,-0.013923
74,63,55.0830,,0.074664,0.494163,0.213013,0.000000
74,64,55.2623,,0.003255,0.459985,0.215381,0.000000
74,65,56.6263,,0.024682,0.417097,0.214172,0.000000
74,66,54.7765,,-0.032667,0.391868,0.218977,-0.032667
74,67,58.8729,,0.074784,0.360566,0.211659,0.000000
74,68,63.8820,,0.085083,0.345635,0.207656,0.000000
74,69,62.7889,,-0.017111,0.393353,0.196377,-0.017111
74,70,54.4543,,-0.132740,0.110701,0.243157,-0.147580
74,71,56.9944,,0.046646,0.096472,0.240530,-0.107818
74,72,55.6906,,-0.022876,0.183057,0.216064,-0.128227
75,2,67.8243,,-0.075446,,,0.000000
75,3,57.1153,,-0.157893,,,-0.157893
75,4,66.6634,,0.167172,,,-0.017116
75,5,67.7581,,0.016421,,,-0.000976
75,6,64.2967,,-0.051085,,,-0.052011
75,7,66.8654,,0.039951,,,-0.014138
75,8,73.8027,,0.103750,,,0.000000
75,9,75.4779,,0.022698,,,0.000000
75,10,76.3916,,0.012106,,,0.000000
75,11,86.1074,,0.127184,,,0.000000
75,12,94.4217,,0.096557,,,0.000000
75,13,85.4455,,-0.095065,0.164758,0.339183,-0.095065
75,14,95.3484,,0.115897,0.405813,0.336127,0.000000
75,15,96.8534,,0.015784,0.695749,0.266001,0.000000
75,16,101.4803,,0.047772,0.522277,0.232092,0.000000
75,17,100.9396,,-0.005328,0.489704,0.235261,-0.005328
75,18,99.4991,,-0.014271,0.547498,0.222980,-0.019523
75,19,108.0599,,0.086039,0.616079,0.227921,0.000000
75,20,104.5537,,-0.032447,0.416663,0.228854,-0.032447
75,21,98.5453,,-0.057467,0.305617,0.245610,-0.088049
75,22,94.7575,,-0.038437,0.240417,0.253518,-0.123102
75,23,97.9467,,0.033656,0.137493,0.226390,-0.093589
75,24,104.9455,,0.071455,0.111454,0.217465,-0.028822
75,25,88.2128,,-0.159442,0.032385,0.257452,-0.183668
75,26,82.3540,,-0.066417,-0.136285,0.235615,-0.237886
75,27,82.0322,,-0.003908,-0.153029,0.234089,-0.240865
75,28,67.3066,,-0.179510,-0.336753,0.277542,-0.377137
75,29,70.7874,,0.051716,-0.298716,0.288820,-0.344925
75,30,69.3698,,-0.020026,-0.302810,0.288628,-0.358044
75,31,76.9888,,0.109832,-0.287536,0.299500,-0.287536
75,32,76.3440,,-0.008375,-0.269811,0.299749,-0.293503
75,33,76.9525,,0.007971,-0.219115,0.298501,-0.287872
75,34,79.0805,,0.027653,-0.165444,0.300581,-0.268179
75,35,93.3367,,0.180275,-0.047066,0.355277,-0.136250
75,36,91.1176,,-0.023775,-0.131762,0.347331,-0.156786
75,37,100.2477,,0.100201,0.136431,0.318898,-0.072295
75,38,93.7721,,-0.064596,0.138648,0.318398,-0.132221
75,39,96.1251,,0.025093,0.171799,0.317860,-0.110446
75,40,105.5041,,0.097571,0.567518,0.242666,-0.023651
75,41,90.1340,,-0.145682,0.273308,0.304851,-0.165888
75,42,91.9002,,0.019595,0.324789,0.301183,-0.149543
75,43,94.2288,,0.025338,0.223930,0.287415,-0.127994
75,44,90.3973,,-0.040662,0.184079,0.292671,-0.163452
75,45,85.1248,,-0.058326,0.106199,0.302354,-0.212244
75,46,86.0295,,0.010628,0.087873,0.301864,-0.203872
75,47,92.6141,,0.076539,-0.007742,0.251895,-0.142937
75,48,90.0377,,-0.027819,-0.011852,0.252376,-0.166780
75,49,87.2431,,-0.031038,-0.129725,0.229461,-0.192641
75,50,88.9967,,0.020100,-0.050926,0.222788,-0.176414
75,51,86.2207,,-0.031192,-0.103037,0.222323,-0.202103
75,52,83.4847,,-0.031733,-0.208707,0.191373,-0.227422
75,53,75.6825,,-0.093457,-0.160335,0.157434,-0.299625
75,54,74.0038,,-0.022181,-0.194739,0.153343,-0.315160
75,55,74.0989,,0.001285,-0.213629,0.147891,-0.314280
75,56,89.8978,,0.213214,-0.005527,0.272615,-0.168075
75,57,93.2336,,0.037107,0.095257,0.266140,-0.137205
75,58,93.4344,,0.002154,0.086074,0.266258,-0.135347
75,59,97.9866,,0.048721,0.058009,0.259986,-0.093220
75,60,87.8058,,-0.103900,-0.024788,0.281384,-0.187434
75,61,103.6157,,0.180055,0.187666,0.330293,-0.041128
75,62,111.4388,,0.075501,0.252167,0.335224,0.000000
75,63,94.8999,,-0.148412,0.100663,0.374120,-0.148412
75,64,77.4466,,-0.183913,-0.072326,0.421951,-0.305030
75,65,81.2198,,0.048720,0.073165,0.411226,-0.271171
75,66,89.2741,,0.099167,0.206346,0.417955,-0.198895
75,67,86.8676,,-0.026956,0.172321,0.420463,-0.220490
75,68,85.9226,,-0.010879,-0.044218,0.364140,-0.228970
75,69,82.9687,,-0.034379,-0.110099,0.363520,-0.255477
75,70,79.3106,,-0.044090,-0.151163,0.365531,-0.288303
75,71,85.4303,,0.077161,-0.128144,0.371435,-0.233388
75,72,83.1829,,-0.026307,-0.052650,0.356945,-0.253556
76,2,78.9729,,-0.115632,,,0.000000
76,3,45.2896,,-0.426517,,,-0.426517
76,4,58.1705,,0.284412,,,-0.263412
76,5,61.1167,,0.050648,,,-0.226105
76,6,56.5935,,-0.074009,,,-0.283380
76,7,57.6875,,0.019331,,,-0.269527
76,8,62.4165,,0.081976,,,-0.209646
76,9,65.0778,,0.042638,,,-0.175947
76,10,66.1826,,0.016977,,,-0.161957
76,11,77.5572,,0.171867,,,-0.017925
76,12,89.6343,,0.155719,,,0.000000
76,13,94.5399,,0.054729,0.058695,0.613019,0.000000
76,14,108.9848,,0.152792,0.380031,0.606077,0.000000
76,15,115.7617,,0.062182,1.556038,0.322860,0.000000
76,16,135.6422,,0.171736,1.331807,0.260569,0.000000
76,17,146.2876,,0.078481,1.393580,0.259150,0.000000
76,18,141.1077,,-0.035409,1.493356,0.236343,-0.035409
76,19,147.5022,,0.045316,1.556918,0.230287,0.000000
76,20,151.3972,,0.026406,1.425595,0.237223,0.000000
76,21,148.8429,,-0.016872,1.287151,0.253944,-0.016872
76,22,138.7896,,-0.067543,1.097068,0.286503,-0.083275
76,23,129.1406,,-0.069523,0.665098,0.291413,-0.147009
76,24,133.8420,,0.036405,0.493197,0.265943,-0.115956
76,25,135.3549,,0.011304,0.431719,0.266251,-0.105962
76,26,141.3879,,0.044572,0.297315,0.233028,-0.066113
76,27,121.5750,,-0.140132,0.050215,0.279901,-0.196981
76,28,115.3985,,-0.050804,-0.149245,0.218888,-0.237777
76,29,118.3988,,0.025999,-0.190646,0.200911,-0.217960
76,30,96.9901,,-0.180819,-0.312654,0.260216,-0.359368
76,31,102.2403,,0.054131,-0.306858,0.263058,-0.324690
76,32,98.5074,,-0.036511,-0.349346,0.256503,-0.349346
76,33,86.2850,,-0.124076,-0.420296,0.271358,-0.430077
76,34,99.2507,,0.150266,-0.284885,0.329636,-0.344437
76,35,96.6482,,-0.026221,-0.251606,0.325830,-0.361626
76,36,87.5422,,-0.094218,-0.345929,0.327490,-0.421772
76,37,112.0646,,0.280121,-0.172069,0.451725,-0.259799
76,38,102.7228,,-0.083361,-0.273469,0.453552,-0.321503
76,39,91.0040,,-0.114082,-0.251459,0.446645,-0.398907
76,40,92.0828,,0.011854,-0.202046,0.445809,-0.391782
76,41,98.6223,,0.071018,-0.167034,0.452158,-0.348587
76,42,104.2210,,0.056769,0.074553,0.413682,-0.311607
76,43,111.5108,,0.069946,0.090674,0.415731,-0.263457
76,44,97.5696,,-0.125021,-0.009520,0.436252,-0.355540
76,45,92.9750,,-0.047090,0.077535,0.417588,-0.385888
76,46,97.0370,,0.043689,-0.022303,0.392050,-0.359058
76,47,106.9716,,0.102380,0.106815,0.402330,-0.293438
76,48,126.3399,,0.181060,0.443189,0.415272,-0.165508
76,49,130.3868,,0.032032,0.163498,0.320233,-0.138778
76,50,132.5933,,0.016923,0.290789,0.301222,-0.124203
76,51,144.1008,,0.086788,0.583458,0.264855,-0.048195
76,52,138.8164,,-0.036672,0.507519,0.275068,-0.083099
76,53,133.2030,,-0.040438,0.350638,0.282791,-0.120177
76,54,134.5632,,0.010211,0.291134,0.281519,-0.111193
76,55,147.1496,,0.093535,0.319599,0.286617,-0.028058
76,56,142.8051,,-0.029524,0.463623,0.244354,-0.056754
76,57,146.1771,,0.023613,0.572219,0.228333,-0.034481
76,58,158.9272,,0.087224,0.637800,0.233138,0.000000
76,59,187.4539,,0.179495,0.752370,0.264829,0.000000
76,60,174.6535,,-0.068286,0.382409,0.247387,-0.068286
76,61,199.5215,,0.142385,0.530227,0.271973,0.000000
76,62,196.4265,,-0.015512,0.481420,0.276709,-0.015512
76,63,176.1362,,-0.103297,0.222311,0.302762,-0.117207
76,64,177.0792,,0.005354,0.275636,0.297008,-0.112480
76,65,185.8123,,0.049317,0.394956,0.289316,-0.068710
76,66,209.6729,,0.128412,0.558174,0.303743,0.000000
76,67,211.8804,,0.010528,0.439898,0.299410,0.000000
76,68,223.9231,,0.056837,0.568032,0.291733,0.000000
76,69,210.0656,,-0.061885,0.437061,0.309395,-0.061885
76,70,217.3880,,0.034858,0.367845,0.303991,-0.029184
76,71,216.4789,,-0.004182,0.154837,0.257251,-0.033244
76,72,240.4043,,0.110521,0.376464,0.256585,0.000000
77,2,46.4593,,-0.055171,,,0.000000
77,3,43.8476,,-0.056215,,,-0.056215
77,4,47.8359,,0.090958,,,0.000000
77,5,47.3673,,-0.009796,,,-0.009796
77,6,46.6376,,-0.015405,,,-0.025050
77,7,46.5266,,-0.002380,,,-0.027370
77,8,49.7108,,0.068438,,,0.000000
77,9,48.1843,,-0.030708,,,-0.030708
77,10,46.7137,,-0.030520,,,-0.060291
77,11,50.2456,,0.075607,,,0.000000
77,12,49.9477,,-0.005929,,,-0.005929
77,13,49.8591,,-0.001774,0.013969,0.171839,-0.007692
77,14,49.7780,,-0.001627,0.071431,0.160270,-0.009307
77,15,51.2389,,0.029348,0.168566,0.145803,0.000000
77,16,51.0578,,-0.003534,0.067352,0.119543,-0.003534
77,17,53.7571,,0.052868,0.134898,0.126731,0.000000
77,18,54.6569,,0.016738,0.171948,0.123403,0.000000
77,19,55.5158,,0.015714,0.193204,0.122122,0.000000
77,20,55.0936,,-0.007605,0.108281,0.109061,-0.007605
77,21,48.7570,,-0.115015,0.011885,0.162219,-0.121745
77,22,48.5146,,-0.004972,0.038551,0.158599,-0.126112
77,23,44.5520,,-0.081679,-0.113317,0.159283,-0.197490
77,24,51.7960,,0.162597,0.037004,0.234276,-0.067005
77,25,53.9060,,0.040737,0.081166,0.236761,-0.028997
77,26,57.5461,,0.067527,0.156055,0.243496,0.000000
77,27,61.1998,,0.063492,0.194402,0.248133,0.000000
77,28,63.5424,,0.038278,0.244519,0.247837,0.000000
77,29,63.6944,,0.002392,0.184855,0.245827,0.000000
77,30,65.0029,,0.020543,0.189289,0.245861,0.000000
77,31,62.7172,,-0.035163,0.129718,0.251317,-0.035163
77,32,57.3024,,-0.086337,0.040092,0.269868,-0.118464
77,33,60.4306,,0.054591,0.239423,0.238330,-0.070340
77,34,65.8539,,0.089744,0.357403,0.246124,0.000000
77,35,68.7623,,0.044164,0.543416,0.215135,0.000000
77,36,61.6274,,-0.103762,0.189809,0.212459,-0.103762
77,37,62.2270,,0.009729,0.154360,0.210833,-0.095043
77,38,59.5336,,-0.043283,0.034536,0.209121,-0.134212
77,39,59.8358,,0.005076,-0.022289,0.199072,-0.129817
77,40,57.6430,,-0.036647,-0.092844,0.197310,-0.161707
77,41,56.0894,,-0.026952,-0.119400,0.198035,-0.184300
77,42,55.6629,,-0.007604,-0.143687,0.195433,-0.190503
77,43,54.1310,,-0.027521,-0.136905,0.194566,-0.212781
77,44,54.1377,,0.000124,-0.055229,0.176265,-0.212683
77,45,50.9676,,-0.058556,-0.156593,0.171825,-0.258786
77,46,45.2508,,-0.112165,-0.312861,0.158266,-0.341924
77,47,43.8029,,-0.031997,-0.362980,0.136239,-0.362980
77,48,45.5150,,0.039086,-0.261448,0.133745,-0.338082
77,49,43.3505,,-0.047556,-0.303348,0.130098,-0.369560
77,50,45.5407,,0.050523,-0.235042,0.151002,-0.337708
77,51,48.6635,,0.068572,-0.186715,0.174560,-0.292294
77,52,39.4297,,-0.189748,-0.315967,0.246667,-0.426579
77,53,37.3012,,-0.053982,-0.334968,0.247941,-0.457534
77,54,37.7006,,0.010707,-0.322698,0.250481,-0.451726
77,55,43.1746,,0.145197,-0.202405,0.305404,-0.372118
77,56,46.0336,,0.066219,-0.149694,0.315941,-0.330540
77,57,47.6833,,0.035837,-0.064439,0.314039,-0.306549
77,58,51.3973,,0.077889,0.135831,0.298157,-0.252536
77,59,55.1878,,0.073749,0.259911,0.299023,-0.197412
77,60,52.7089,,-0.044918,0.158055,0.305827,-0.233462
77,61,54.9362,,0.042257,0.267256,0.298554,-0.201071
77,62,56.1738,,0.022528,0.233486,0.297102,-0.183073
78,16,332.4999,,0.029933,0.004657,0.213353,-0.004464
78,17,333.9328,,0.004309,0.010597,0.213322,-0.000175
78,18,332.8026,,-0.003385,0.065634,0.204211,-0.003559
78,19,326.9268,,-0.017656,0.008009,0.202444,-0.021152
78,20,316.4857,,-0.031937,-0.052414,0.202684,-0.052414
78,21,305.7511,,-0.033918,-0.073538,0.204932,-0.084554
78,22,294.4283,,-0.037033,-0.023380,0.188742,-0.118456
78,23,295.3143,,0.003009,-0.060348,0.182946,-0.115803
78,24,317.4907,,0.075094,0.031515,0.197846,-0.049405
78,25,347.6131,,0.094876,0.245751,0.185891,0.000000
78,26,387.5171,,0.114794,0.353306,0.208932,0.000000
78,27,397.0210,,0.024525,0.229787,0.178107,0.000000
78,28,388.6741,,-0.021024,0.168942,0.181806,-0.021024
78,29,395.8607,,0.018490,0.185447,0.181508,-0.002923
78,30,389.1496,,-0.016953,0.169308,0.183543,-0.019826
78,31,374.5325,,-0.037562,0.145614,0.188347,-0.056643
78,32,380.2346,,0.015225,0.201426,0.181951,-0.042281
78,33,351.9427,,-0.074406,0.151075,0.198016,-0.113541
78,34,443.4065,,0.259883,0.505991,0.307885,0.000000
78,35,442.0490,,-0.003062,0.496875,0.308697,-0.003062
78,36,445.9973,,0.008932,0.404757,0.306990,0.000000
78,37,424.7008,,-0.047750,0.221763,0.308240,-0.047750
78,38,434.7852,,0.023745,0.121978,0.290669,-0.025139
78,39,436.1112,,0.003050,0.098460,0.290494,-0.022165
78,40,428.4725,,-0.017515,0.102397,0.290096,-0.039292
78,41,409.6159,,-0.044009,0.034750,0.295028,-0.081572
78,42,427.5813,,0.043859,0.098760,0.296177,-0.041291
78,43,414.5694,,-0.030431,0.106901,0.294989,-0.070465
78,44,416.4084,,0.004436,0.095138,0.295036,-0.066342
78,45,382.3600,,-0.081767,0.086428,0.297430,-0.142684
78,46,425.0689,,0.111698,-0.041355,0.172094,-0.046924
78,47,418.6457,,-0.015111,-0.052941,0.172566,-0.061326
78,48,426.7809,,0.019432,-0.043085,0.173700,-0.043085
78,49,404.3421,,-0.052577,-0.047936,0.175132,-0.093397
78,50,403.2404,,-0.002725,-0.072553,0.172717,-0.095868
78,51,431.4583,,0.069978,-0.010669,0.188431,-0.032598
78,52,441.0006,,0.022116,0.029238,0.188480,-0.011203
78,53,446.1321,,0.011636,0.089146,0.181173,0.000000
78,54,443.0589,,-0.006889,0.036197,0.177399,-0.006889
78,55,517.4937,,0.168002,0.248266,0.236378,0.000000
78,56,542.4938,,0.048310,0.302790,0.237158,0.000000
78,57,558.2119,,0.028974,0.459910,0.207051,0.000000
78,58,524.3450,,-0.060670,0.233552,0.207843,-0.060670
78,59,508.3664,,-0.030473,0.214311,0.211152,-0.089294
78,60,466.6243,,-0.082110,0.093358,0.233585,-0.164072
78,61,447.3365,,-0.041335,0.106332,0.230579,-0.198625
78,62,435.1808,,-0.027174,0.079209,0.233377,-0.220402
78,63,431.6442,,-0.008127,0.000430,0.223753,-0.226738
78,64,465.0449,,0.077380,0.054522,0.235717,-0.166903
78,65,469.5518,,0.009691,0.052494,0.235678,-0.158829
78,66,450.8235,,-0.039885,0.017525,0.239963,-0.192379
78,67,412.6073,,-0.084770,-0.202681,0.175441,-0.260841
78,68,446.5682,,0.082308,-0.176823,0.191881,-0.200003
78,69,489.2814,,0.095648,-0.123484,0.218207,-0.123484
78,70,485.6144,,-0.007495,-0.073865,0.210860,-0.130054
78,71,452.0277,,-0.069163,-0.110824,0.219397,-0.190222
78,72,477.5090,,0.056371,0.023325,0.211887,-0.144574
79,2,254.9347,,-0.049978,,,0.000000
79,3,220.5567,,-0.134850,,,-0.134850
79,4,258.7322,,0.173087,,,0.000000
79,5,279.0013,,0.078340,,,0.000000
79,6,284.6425,,0.020219,,,0.000000
79,7,294.4256,,0.034370,,,0.000000
79,8,332.4921,,0.129291,,,0.000000
79,9,314.0284,,-0.055531,,,-0.055531
79,10,302.9289,,-0.035346,,,-0.088914
79,11,339.4726,,0.120635,,,0.000000
79,12,366.3106,,0.079058,,,0.000000
79,13,348.3543,,-0.049019,0.298154,0.321249,-0.049019
79,14,376.8370,,0.081764,0.478173,0.314260,0.000000
79,15,369.9984,,-0.018147,0.677568,0.262038,-0.018147
79,16,398.1061,,0.075967,0.538682,0.226463,0.000000
79,17,424.7270,,0.066869,0.522314,0.224542,0.000000
79,18,474.1363,,0.116332,0.665729,0.236708,0.000000
79,19,512.6342,,0.081196,0.741136,0.238923,0.000000
79,20,548.2313,,0.069440,0.648858,0.224136,0.000000
79,21,522.4714,,-0.046987,0.663775,0.220105,-0.046987
79,22,606.2200,,0.160293,1.001200,0.228829,0.000000
79,23,632.5037,,0.043357,0.863199,0.219899,0.000000
79,24,623.6994,,-0.013920,0.702655,0.228303,-0.013920
79,25,538.3795,,-0.136797,0.545496,0.279761,-0.148813
79,26,460.5077,,-0.144641,0.222035,0.329953,-0.271929
79,27,466.7885,,0.013639,0.261597,0.327352,-0.261999
79,28,406.5131,,-0.129128,0.021118,0.354750,-0.357296
79,29,402.9019,,-0.008883,-0.051386,0.348757,-0.363005
79,30,374.6912,,-0.070019,-0.209739,0.330441,-0.407607
79,31,443.4487,,0.183504,-0.134961,0.375734,-0.298900
79,32,420.4347,,-0.051898,-0.233108,0.368440,-0.335286
79,33,377.1429,,-0.102969,-0.278157,0.377585,-0.403731
79,34,416.2672,,0.103739,-0.313340,0.351202,-0.341874
79,35,397.6302,,-0.044772,-0.371340,0.343134,-0.371340
79,36,379.7091,,-0.045070,-0.391199,0.342607,-0.399674
79,38,398.0335,,-0.034700,-0.135664,0.315690,-0.370703
79,39,435.8153,,0.094921,-0.066355,0.331923,-0.310969
79,40,433.9776,,-0.004217,0.067560,0.301700,-0.313875
79,41,410.4343,,-0.054250,0.018694,0.307947,-0.351097
79,42,448.6947,,0.093219,0.197503,0.307820,-0.290607
79,43,501.0957,,0.116785,0.129995,0.274231,-0.207760
79,44,531.4999,,0.060675,0.264165,0.268180,-0.159691
79,45,501.2173,,-0.056976,0.328982,0.247894,-0.207569
79,46,485.5316,,-0.031295,0.166391,0.238460,-0.232368
79,47,561.5625,,0.156593,0.412270,0.266723,-0.112162
79,48,614.2047,,0.093742,0.617563,0.259091,-0.028934
79,49,620.3956,,0.010080,0.504564,0.256587,-0.019146
79,50,652.3901,,0.051571,0.639030,0.244488,0.000000
79,51,639.7042,,-0.019445,0.467831,0.245371,-0.019445
79,52,615.7104,,-0.037508,0.418759,0.253264,-0.056224
79,53,568.1019,,-0.077323,0.384146,0.262704,-0.129199
79,54,647.7035,,0.140119,0.443527,0.278713,-0.007184
79,55,637.9860,,-0.015003,0.273181,0.266874,-0.022079
79,56,622.0040,,-0.025051,0.170280,0.267418,-0.046577
79,57,612.8653,,-0.014692,0.222754,0.258044,-0.060584
79,58,602.3054,,-0.017230,0.240508,0.255405,-0.076771
79,59,634.3851,,0.053262,0.129680,0.212659,-0.027597
79,60,621.3065,,-0.020616,0.011564,0.194617,-0.047645
79,61,594.6254,,-0.042944,-0.041538,0.199481,-0.088542
79,62,607.8240,,0.022196,-0.068312,0.192919,-0.068312
79,63,607.9725,,0.000244,-0.049604,0.192260,-0.068084
79,64,621.3204,,0.021955,0.009112,0.189756,-0.047624
79,65,747.3887,,0.202904,0.315590,0.256884,0.000000
79,66,781.2730,,0.045337,0.206220,0.226396,0.000000
79,67,778.7932,,-0.003174,0.220706,0.224846,-0.003174
79,68,662.5119,,-0.149310,0.065125,0.278940,-0.152010
79,69,678.3148,,0.023853,0.106792,0.278157,-0.131783
79,70,663.0581,,-0.022492,0.100866,0.278796,-0.151311
79,71,630.9644,,-0.048403,-0.005394,0.280489,-0.192390
79,72,659.1652,,0.044695,0.060932,0.282225,-0.156294
80,2,124.6068,,-0.101262,,,0.000000
80,3,119.2892,,-0.042675,,,-0.042675
80,4,141.0750,,0.182630,,,0.000000
80,5,143.7936,,0.019271,,,0.000000
80,6,152.6141,,0.061341,,,0.000000
80,7,176.0755,,0.153730,,,0.000000
80,8,178.3822,,0.013101,,,0.000000
80,9,186.0370,,0.042912,,,0.000000
80,10,198.4893,,0.066935,,,0.000000
80,11,194.2435,,-0.021391,,,-0.021391
80,12,192.0903,,-0.011085,,,-0.032239
80,13,205.8345,,0.071551,0.484600,0.275581,0.000000
80,14,190.1096,,-0.076396,0.525676,0.262874,-0.076396
80,15,194.7915,,0.024627,0.632934,0.248471,-0.053650
80,16,219.9784,,0.129302,0.559301,0.220101,0.000000
80,17,221.8842,,0.008664,0.543074,0.221415,0.000000
80,18,232.4699,,0.047708,0.523253,0.220305,0.000000
80,19,257.9057,,0.109415,0.464745,0.198135,0.000000
80,20,281.0270,,0.089650,0.575419,0.204117,0.000000
80,21,263.9309,,-0.060834,0.418701,0.227604,-0.060834
80,22,270.4725,,0.024785,0.362654,0.224327,-0.037557
80,23,279.0351,,0.031658,0.436522,0.217762,-0.007088
80,24,285.4288,,0.022914,0.485910,0.212953,0.000000
80,25,248.0949,,-0.130799,0.205313,0.265084,-0.130799
80,26,238.2159,,-0.039819,0.253046,0.253067,-0.165410
80,27,254.6404,,0.068948,0.307248,0.257518,-0.107866
80,28,218.1972,,-0.143116,-0.008096,0.280379,-0.235545
80,29,229.2231,,0.050532,0.033077,0.284490,-0.196916
80,30,220.2737,,-0.039042,-0.052462,0.283815,-0.228270
80,31,253.5048,,0.150863,-0.017062,0.303779,-0.111844
80,32,234.7531,,-0.073970,-0.164658,0.296336,-0.177541
80,33,224.6466,,-0.043052,-0.148842,0.293627,-0.212949
80,34,219.0947,,-0.024714,-0.189954,0.291392,-0.232401
80,35,238.0207,,0.086383,-0.146985,0.305568,-0.166093
80,36,231.0649,,-0.029224,-0.190463,0.303964,-0.190463
80,37,230.3816,,-0.002957,-0.071397,0.275928,-0.192857
80,38,215.6984,,-0.063734,-0.094525,0.280385,-0.244299
80,39,219.6284,,0.018220,-0.137495,0.270141,-0.230531
80,40,206.6696,,-0.059003,-0.052831,0.235642,-0.275932
80,41,200.3102,,-0.030771,-0.126134,0.229640,-0.298212
80,42,209.3652,,0.045205,-0.049522,0.233144,-0.266488
80,43,222.7590,,0.063973,-0.121283,0.181336,-0.219563
80,44,231.4402,,0.038971,-0.014113,0.172467,-0.189148
80,45,216.6805,,-0.063773,-0.035460,0.179214,-0.240859
80,46,189.1684,,-0.126971,-0.136591,0.218380,-0.337247
80,47,220.2656,,0.164389,-0.074595,0.265011,-0.228298
80,48,228.1861,,0.035959,-0.012458,0.266204,-0.200549
80,49,236.8835,,0.038115,0.028222,0.268591,-0.170078
80,50,249.9465,,0.055145,0.158777,0.261597,-0.124311
80,51,246.5697,,-0.013510,0.122667,0.263085,-0.136142
80,52,243.7737,,-0.011340,0.179532,0.253120,-0.145938
80,53,253.8362,,0.041278,0.267214,0.248724,-0.110684
80,54,246.9665,,-0.027064,0.179595,0.251938,-0.134753
80,55,274.1762,,0.110176,0.230818,0.265362,-0.039423
80,56,266.4876,,-0.028043,0.151430,0.268609,-0.066361
80,57,275.1064,,0.032342,0.269638,0.254889,-0.036165
80,58,243.3227,,-0.115532,0.286274,0.247725,-0.147519
80,59,237.4096,,-0.024301,0.077832,0.197399,-0.168235
80,60,227.3660,,-0.042305,-0.003595,0.200694,-0.203423
80,61,220.8786,,-0.028533,-0.067565,0.198391,-0.226151
80,62,206.0238,,-0.067253,-0.175729,0.196121,-0.278195
80,63,203.2869,,-0.013284,-0.175540,0.196122,-0.287783
80,64,197.9658,,-0.026175,-0.187911,0.196423,-0.306426
80,65,188.6003,,-0.047309,-0.257000,0.188182,-0.339238
80,66,196.1880,,0.040232,-0.205608,0.198394,-0.312654
80,67,196.1222,,-0.000335,-0.284685,0.144182,-0.312885
80,68,204.7366,,0.043924,-0.231720,0.160493,-0.282704
80,69,197.2164,,-0.036731,-0.283125,0.150113,-0.309051
80,70,214.6248,,0.088271,-0.117940,0.156415,-0.248060
80,71,225.9848,,0.052930,-0.048120,0.167133,-0.208260
80,72,228.1173,,0.009436,0.003306,0.161799,-0.200789
81,2,47.1142,,-0.142613,,,0.000000
81,3,42.6393,,-0.094980,,,-0.094980
81,4,44.6791,,0.047838,,,-0.051686
81,5,44.9469,,0.005994,,,-0.046001
81,6,41.3188,,-0.080720,,,-0.123008
81,7,43.5182,,0.053230,,,-0.076326
81,8,41.5817,,-0.044499,,,-0.117429
81,9,43.7160,,0.051328,,,-0.072128
81,10,46.3202,,0.059571,,,-0.016854
81,11,48.2553,,0.041777,,,0.000000
81,12,50.0333,,0.036846,,,0.000000
81,13,47.9890,,-0.040859,-0.126694,0.240485,-0.040859
81,14,46.1971,,-0.037340,-0.019466,0.195470,-0.076673
81,15,51.1621,,0.107474,0.199880,0.193155,0.000000
81,16,54.4626,,0.064511,0.218973,0.196771,0.000000
81,17,52.6107,,-0.034003,0.170508,0.203410,-0.034003
81,18,50.3092,,-0.043746,0.217586,0.187187,-0.076262
81,19,53.1028,,0.055529,0.220244,0.187675,-0.024967
81,20,54.6492,,0.029121,0.314262,0.174914,0.000000
81,21,52.0458,,-0.047638,0.190545,0.185817,-0.047638
81,22,52.3397,,0.005647,0.129956,0.179728,-0.042260
81,23,51.3151,,-0.019576,0.063410,0.178902,-0.061009
81,24,58.2065,,0.134296,0.163356,0.219067,0.000000
81,25,58.9789,,0.013270,0.229010,0.210685,0.000000
81,26,54.9728,,-0.067924,0.189964,0.221542,-0.067924
81,27,62.1754,,0.131021,0.215265,0.233052,0.000000
81,28,62.9300,,0.012137,0.155474,0.227562,0.000000
81,29,64.8764,,0.030930,0.233143,0.221807,0.000000
81,30,61.7129,,-0.048762,0.226675,0.223417,-0.048762
81,31,66.5419,,0.078249,0.253079,0.228565,0.000000
81,32,66.6977,,0.002341,0.220471,0.229082,0.000000
81,33,59.3666,,-0.109915,0.140662,0.255668,-0.109915
81,34,57.1665,,-0.037060,0.092221,0.260614,-0.142902
81,35,59.0523,,0.032988,0.150779,0.259422,-0.114628
81,36,63.0036,,0.066912,0.082415,0.232806,-0.055386
81,37,59.7127,,-0.052234,0.012441,0.240486,-0.104727
81,38,55.6366,,-0.068262,0.012074,0.240595,-0.165840
81,39,62.0295,,0.114905,-0.002347,0.231627,-0.069991
81,40,65.5687,,0.057057,0.041930,0.238069,-0.016927
81,41,62.1810,,-0.051666,-0.041547,0.242763,-0.067718
81,42,63.2196,,0.016703,0.024415,0.237568,-0.052147
81,43,65.1004,,0.029750,-0.021663,0.225725,-0.023948
81,44,60.9518,,-0.063726,-0.086148,0.234515,-0.086148
81,45,58.8466,,-0.034539,-0.008759,0.208536,-0.117711
81,46,61.1924,,0.039863,0.070425,0.207444,-0.082541
81,47,64.5385,,0.054682,0.092905,0.211468,-0.032372
81,48,64.3980,,-0.002177,0.022133,0.201942,-0.034479
81,49,63.8470,,-0.008556,0.069238,0.193366,-0.042740
81,50,61.7622,,-0.032653,0.110102,0.181137,-0.073997
81,51,66.5832,,0.078057,0.073413,0.160413,-0.001716
81,52,68.2167,,0.024533,0.040385,0.152416,0.000000
81,53,74.3794,,0.090340,0.196175,0.161526,0.000000
81,54,72.6531,,-0.023209,0.149218,0.166206,-0.023209
81,55,78.2260,,0.076706,0.201622,0.177698,0.000000
81,56,80.9234,,0.034482,0.327663,0.154944,0.000000
81,57,85.1658,,0.052425,0.447252,0.142522,0.000000
81,58,85.9685,,0.009425,0.404889,0.143942,0.000000
81,59,84.1741,,-0.020873,0.304246,0.149257,-0.020873
81,60,78.3846,,-0.068780,0.217190,0.174363,-0.088217
81,61,79.9367,,0.019801,0.252004,0.172002,-0.070163
81,62,85.4975,,0.069565,0.384301,0.168184,-0.005479
81,63,88.2971,,0.032745,0.326117,0.159510,0.000000
81,64,88.2395,,-0.000652,0.293519,0.161525,-0.000652
81,65,86.4246,,-0.020568,0.161943,0.148374,-0.021207
81,66,88.9237,,0.028917,0.223950,0.143408,0.000000
81,67,91.4898,,0.028857,0.169558,0.129237,0.000000
81,68,89.3788,,-0.023074,0.104486,0.131966,-0.023074
81,69,92.4983,,0.034902,0.086096,0.126733,0.000000
81,70,91.7858,,-0.007703,0.067667,0.127607,-0.007703
81,71,88.9358,,-0.031051,0.056569,0.130330,-0.038515
81,72,85.8099,,-0.035148,0.094728,0.112628,-0.072309
82,2,164.6786,,-0.116573,,,0.000000
82,3,148.8755,,-0.095963,,,-0.095963
82,4,168.8733,,0.134326,,,0.000000
82,5,184.6853,,0.093632,,,0.000000
82,6,196.6850,,0.064974,,,0.000000
82,7,205.9001,,0.046852,,,0.000000
82,8,220.5827,,0.071309,,,0.000000
82,9,207.7668,,-0.058100,,,-0.058100
82,10,199.4190,,-0.040179,,,-0.095945
82,11,229.9008,,0.152853,,,0.000000
82,12,241.0871,,0.048657,,,0.000000
82,34,267.6964,,0.103381,-0.199115,0.351213,-0.308892
82,35,285.0163,,0.064700,-0.146515,0.359830,-0.264177
82,36,252.7290,,-0.113282,-0.347532,0.322378,-0.347532
82,37,264.2933,,0.045758,-0.200020,0.303727,-0.317677
82,38,252.5360,,-0.044486,-0.146968,0.290235,-0.348031
82,39,271.8031,,0.076294,-0.139632,0.293024,-0.298289
82,40,266.5536,,-0.019314,-0.052676,0.272563,-0.311842
82,41,292.0701,,0.095727,0.041515,0.289376,-0.245967
82,42,294.6096,,0.008695,0.129311,0.277179,-0.239411
82,43,302.0279,,0.025180,0.049594,0.260035,-0.220259
82,44,310.2338,,0.027169,0.140580,0.251696,-0.199074
82,45,294.2703,,-0.051456,0.212912,0.227057,-0.240287
82,46,284.6693,,-0.032626,0.063403,0.211601,-0.265073
82,47,320.5359,,0.125994,0.124623,0.237206,-0.172477
82,48,337.6337,,0.053341,0.335950,0.196202,-0.128336
82,49,350.1129,,0.036961,0.324712,0.195424,-0.096118
82,50,361.9173,,0.033716,0.433131,0.180082,-0.065643
82,51,334.7141,,-0.075164,0.231458,0.201526,-0.135873
82,52,290.5826,,-0.131848,0.090148,0.250377,-0.249806
82,53,273.6572,,-0.058246,-0.063041,0.239742,-0.293502
82,54,294.1312,,0.074816,-0.001623,0.252117,-0.240645
82,55,320.5092,,0.089681,0.061192,0.266346,-0.172545
82,56,332.9465,,0.038805,0.073213,0.267526,-0.140436
82,57,344.1729,,0.033718,0.169582,0.260101,-0.111453
82,58,335.7409,,-0.024499,0.179408,0.258574,-0.133221
82,59,354.2649,,0.055173,0.105227,0.234409,-0.085399
82,60,343.9216,,-0.029197,0.018624,0.232491,-0.112102
82,61,376.3399,,0.094261,0.074910,0.247989,-0.028408
82,62,342.1531,,-0.090840,-0.054609,0.264844,-0.116667
82,63,306.3571,,-0.104620,-0.084720,0.275165,-0.209082
82,64,293.7018,,-0.041309,0.010734,0.242357,-0.241754
82,65,312.5925,,0.064319,0.142276,0.239463,-0.192984
82,66,294.9017,,-0.056594,0.002619,0.238727,-0.238656
82,67,263.5359,,-0.106360,-0.177759,0.241026,-0.319633
82,68,257.7839,,-0.021826,-0.225750,0.234081,-0.334483
82,69,244.5263,,-0.051429,-0.289525,0.228591,-0.368709
82,70,247.9969,,0.014193,-0.261345,0.232129,-0.359750
82,71,247.8978,,-0.000400,-0.300248,0.217972,-0.360006
82,72,266.0439,,0.073200,-0.226440,0.240029,-0.313158
83,2,83.9920,,-0.127946,,,0.000000
83,3,75.2399,,-0.104202,,,-0.104202
83,4,81.9654,,0.089387,,,-0.024129
83,5,82.7630,,0.009731,,,-0.014633
83,6,76.9869,,-0.069791,,,-0.083403
83,7,81.5317,,0.059033,,,-0.029293
83,8,90.8189,,0.113909,,,0.000000
83,9,87.8190,,-0.033032,,,-0.033032
83,10,85.4694,,-0.026755,,,-0.058903
83,11,96.6279,,0.130555,,,0.000000
83,12,99.5514,,0.030255,,,0.000000
83,13,95.0863,,-0.044852,-0.012761,0.292385,-0.044852
83,14,99.9034,,0.050660,0.189437,0.258218,0.000000
83,15,100.8941,,0.009917,0.340963,0.222494,0.000000
83,16,112.3801,,0.113842,0.371066,0.231198,0.000000
83,17,108.6633,,-0.033073,0.312944,0.238849,-0.033073
83,18,106.5517,,-0.019433,0.384022,0.221729,-0.051863
83,19,113.2836,,0.063180,0.389442,0.222374,0.000000
83,20,115.1557,,0.016526,0.267970,0.202534,0.000000
83,21,108.1418,,-0.060908,0.231417,0.212398,-0.060908
83,22,103.9133,,-0.039101,0.215796,0.215643,-0.097627
83,23,92.5042,,-0.109794,-0.042675,0.212872,-0.196703
83,24,89.6866,,-0.030459,-0.099091,0.211522,-0.221170
83,25,90.2928,,0.006759,-0.050411,0.207697,-0.215906
83,26,91.6015,,0.014494,-0.083098,0.200596,-0.204541
83,27,96.8015,,0.056768,-0.040562,0.209827,-0.159385
83,28,91.5954,,-0.053781,-0.184948,0.172754,-0.204594
83,29,87.9003,,-0.040342,-0.191076,0.173700,-0.236682
83,30,78.7724,,-0.103844,-0.260711,0.194593,-0.315948
83,31,81.8270,,0.038778,-0.277679,0.183994,-0.289422
83,32,77.7587,,-0.049718,-0.324751,0.179391,-0.324751
83,33,71.4173,,-0.081552,-0.339594,0.184276,-0.379818
83,34,77.8633,,0.090258,-0.250689,0.221067,-0.323842
83,35,70.4639,,-0.095031,-0.238262,0.215073,-0.388098
83,36,69.2871,,-0.016701,-0.227453,0.214827,-0.398317
83,37,75.2731,,0.086394,-0.166344,0.238859,-0.346336
83,38,74.4726,,-0.010635,-0.186994,0.237035,-0.353287
83,39,72.5118,,-0.026329,-0.250923,0.223804,-0.370315
83,40,82.5047,,0.137811,-0.099249,0.271032,-0.283537
83,41,75.0752,,-0.090049,-0.145905,0.282247,-0.348054
83,42,79.9194,,0.064525,0.014562,0.271214,-0.305987
83,43,80.2378,,0.003984,-0.019421,0.268562,-0.303222
83,44,74.5143,,-0.071332,-0.041724,0.273840,-0.352925
83,45,71.6435,,-0.038527,0.003167,0.263157,-0.377855
83,46,65.0630,,-0.091851,-0.164395,0.260175,-0.434999
83,47,73.0945,,0.123442,0.037332,0.275667,-0.365254
83,48,75.9622,,0.039233,0.096340,0.276339,-0.340351
83,49,81.3964,,0.071538,0.081348,0.272260,-0.293162
83,50,77.5097,,-0.047750,0.040782,0.277703,-0.326913
83,51,81.0338,,0.045467,0.117527,0.277803,-0.296310
83,52,75.2263,,-0.071668,-0.088218,0.252288,-0.346742
83,53,76.2857,,0.014083,0.016124,0.235003,-0.337542
83,54,73.7919,,-0.032690,-0.076671,0.227417,-0.359198
83,55,75.9717,,0.029540,-0.053168,0.229900,-0.340269
83,56,83.7845,,0.102838,0.124409,0.238849,-0.272423
83,57,85.1560,,0.016369,0.188607,0.232410,-0.260513
83,58,85.0841,,-0.000844,0.307720,0.201924,-0.261137
83,59,82.5006,,-0.030364,0.128685,0.176359,-0.283572
83,60,76.1515,,-0.076958,0.002493,0.193713,-0.338707
83,61,87.3300,,0.146793,0.072899,0.233809,-0.241634
83,62,88.4839,,0.013213,0.141586,0.225789,-0.231614
83,63,86.4069,,-0.023473,0.066307,0.225493,-0.249650
83,64,82.1491,,-0.049276,0.092027,0.217931,-0.286624
83,65,80.4239,,-0.021001,0.054247,0.219871,-0.301606
83,66,84.4849,,0.050495,0.144908,0.219565,-0.266340
83,67,88.1868,,0.043817,0.160785,0.221188,-0.234194
83,68,90.6984,,0.028480,0.082520,0.200224,-0.212384
83,69,93.0731,,0.026182,0.092972,0.200905,-0.191762
83,70,89.3088,,-0.040445,0.049652,0.206821,-0.224451
83,71,103.7144,,0.161301,0.257134,0.253893,-0.099355
83,72,94.5866,,-0.088009,0.242083,0.258766,-0.178619
84,2,345.1200,,-0.017144,,,0.000000
84,3,318.2400,,-0.077886,,,-0.077886
84,4,353.6400,,0.111237,,,0.000000
84,5,386.6000,,0.093202,,,0.000000
84,6,435.3100,,0.125996,,,0.000000
84,7,444.3200,,0.020698,,,0.000000
84,8,513.3900,,0.155451,,,0.000000
84,9,490.4300,,-0.044722,,,-0.044722
84,10,447.1000,,-0.088351,,,-0.129122
84,11,478.4700,,0.070163,,,-0.068018
84,12,500.1200,,0.045248,,,-0.025848
84,13,458.7700,,-0.082680,0.306516,0.301686,-0.106391
84,14,459.6700,,0.001962,0.331914,0.299305,-0.104638
84,15,475.3700,,0.034155,0.493748,0.276349,-0.074057
84,16,508.3400,,0.069357,0.437452,0.267070,-0.009836
84,17,504.5800,,-0.007397,0.305174,0.261371,-0.017160
84,18,585.6400,,0.160648,0.345340,0.277763,0.000000
84,19,621.6300,,0.061454,0.399059,0.279598,0.000000
84,20,663.7000,,0.067677,0.292779,0.249196,0.000000
84,21,575.7200,,-0.132560,0.173908,0.288056,-0.132560
84,22,650.3600,,0.129646,0.454617,0.283835,-0.020100
84,23,669.8500,,0.029968,0.399982,0.281207,0.000000
84,24,567.0600,,-0.153452,0.133848,0.335530,-0.153452
84,25,534.3000,,-0.057772,0.164635,0.328478,-0.202359
84,26,467.6800,,-0.124687,0.017424,0.357891,-0.301814
84,27,455.6200,,-0.025787,-0.041548,0.357843,-0.319818
84,28,395.9500,,-0.130964,-0.221093,0.372141,-0.408898
84,29,416.4800,,0.051850,-0.174602,0.378176,-0.378249
84,30,366.0600,,-0.121062,-0.374941,0.342471,-0.453519
84,31,410.1200,,0.120363,-0.340251,0.364693,-0.387743
84,32,373.4400,,-0.089437,-0.437336,0.352959,-0.442502
84,33,275.2000,,-0.263068,-0.521990,0.409147,-0.589162
84,34,318.5000,,0.157340,-0.510271,0.423316,-0.524520
84,35,344.9300,,0.082983,-0.485064,0.437403,-0.485064
84,36,336.5300,,-0.024353,-0.406536,0.421618,-0.497604
84,37,370.3400,,0.100467,-0.306869,0.441669,-0.447130
84,38,323.9500,,-0.125263,-0.307325,0.441815,-0.516384
84,39,385.3700,,0.189597,-0.154184,0.489822,-0.424692
84,40,377.5600,,-0.020266,-0.046444,0.470730,-0.436351
84,41,417.7900,,0.106553,0.003147,0.479770,-0.376292
84,42,488.9900,,0.170421,0.335821,0.481785,-0.270000
84,43,546.1700,,0.116935,0.331734,0.481125,-0.184637
84,44,559.3400,,0.024113,0.497805,0.462514,-0.164976
84,45,509.9000,,-0.088390,0.852836,0.357493,-0.238784
84,46,532.0600,,0.043460,0.670521,0.340538,-0.205701
84,47,611.0100,,0.148386,0.771406,0.353882,-0.087839
84,48,596.6000,,-0.023584,0.772802,0.353699,-0.109351
84,49,617.7800,,0.035501,0.668145,0.350244,-0.077732
84,50,560.2800,,-0.093075,0.729528,0.333962,-0.163572
84,51,504.6000,,-0.099379,0.309393,0.327918,-0.246696
84,52,462.8300,,-0.082778,0.225847,0.343288,-0.309053
84,53,444.7600,,-0.039042,0.064556,0.334710,-0.336029
84,54,555.5400,,0.249078,0.136098,0.381909,-0.170648
84,55,551.6500,,-0.007002,0.010035,0.365929,-0.176455
84,56,574.4100,,0.041258,0.026944,0.367274,-0.142477
84,57,517.7800,,-0.098588,0.015456,0.370293,-0.227019
84,58,478.0800,,-0.076673,-0.101453,0.376536,-0.286286
84,59,515.9300,,0.079171,-0.155610,0.351545,-0.229780
84,60,444.6800,,-0.138100,-0.254642,0.374425,-0.336147
84,61,437.4500,,-0.016259,-0.291899,0.369733,-0.346941
84,62,438.5600,,0.002537,-0.217248,0.362381,-0.345284
84,63,383.5300,,-0.125479,-0.239932,0.369836,-0.427437
84,64,374.9800,,-0.022293,-0.189810,0.363102,-0.440201
84,65,415.0900,,0.106966,-0.066710,0.380451,-0.380322
84,66,386.8800,,-0.067961,-0.303596,0.269544,-0.422436
84,67,357.6900,,-0.075450,-0.351600,0.272712,-0.466013
84,68,356.7000,,-0.002768,-0.379015,0.263094,-0.467491
84,69,352.7500,,-0.011074,-0.318726,0.254897,-0.473388
84,70,340.3100,,-0.035266,-0.288174,0.249751,-0.491960
84,71,320.1300,,-0.059299,-0.379510,0.223444,-0.522086
84,72,349.9900,,0.093275,-0.212941,0.229005,-0.477509
85,2,71.0002,,-0.060740,,,0.000000
85,3,63.2328,,-0.109400,,,-0.109400
85,4,66.1881,,0.046737,,,-0.067776
85,5,66.9465,,0.011458,,,-0.057095
85,6,63.1881,,-0.056140,,,-0.110029
85,7,67.0241,,0.060708,,,-0.056001
85,8,63.5439,,-0.051925,,,-0.105018
85,9,70.8564,,0.115078,,,-0.002025
85,10,73.6967,,0.040085,,,0.000000
85,11,74.1368,,0.005972,,,0.000000
85,12,73.9904,,-0.001975,,,-0.001975
85,13,75.9622,,0.026649,0.004901,0.216705,0.000000
85,14,69.1660,,-0.089468,-0.025834,0.227447,-0.089468
85,15,78.8185,,0.139556,0.246481,0.233212,0.000000
85,16,82.2152,,0.043095,0.242144,0.232795,0.000000
85,17,81.8314,,-0.004668,0.222341,0.234015,-0.004668
85,18,81.3825,,-0.005486,0.287940,0.221436,-0.010128
85,19,86.6503,,0.064729,0.292822,0.222216,0.000000
85,20,86.2793,,-0.004282,0.357789,0.209314,-0.004282
85,21,81.1974,,-0.058901,0.145942,0.202027,-0.062931
85,22,84.8750,,0.045292,0.151679,0.202855,-0.020489
85,23,80.7149,,-0.049014,0.088728,0.212278,-0.068499
85,24,88.1310,,0.091880,0.191113,0.227300,0.000000
85,25,88.2654,,0.001525,0.161964,0.227479,0.000000
85,26,84.3587,,-0.044261,0.219655,0.208647,-0.044261
85,27,94.7482,,0.123159,0.202105,0.198656,0.000000
85,28,93.4754,,-0.013434,0.136959,0.198574,-0.013434
85,29,95.4779,,0.021423,0.166762,0.197867,0.000000
85,30,91.7948,,-0.038575,0.127942,0.204159,-0.038575
85,31,94.1238,,0.025372,0.086249,0.196647,-0.014182
85,32,91.5380,,-0.027472,0.060950,0.199617,-0.041264
85,33,80.3791,,-0.121905,-0.010077,0.229772,-0.158139
85,34,80.5174,,0.001721,-0.051340,0.224719,-0.156690
85,35,86.3501,,0.072440,0.069817,0.230032,-0.095601
85,36,89.9169,,0.041306,0.020264,0.214893,-0.058243
85,37,89.4455,,-0.005243,0.013370,0.215065,-0.063181
85,38,82.2951,,-0.079941,-0.024462,0.226265,-0.138071
85,39,85.0860,,0.033913,-0.101978,0.187512,-0.108841
85,40,87.2116,,0.024982,-0.067010,0.190110,-0.086578
85,41,78.7533,,-0.096986,-0.175167,0.208588,-0.175167
85,42,79.9608,,0.015333,-0.128918,0.208682,-0.162520
85,43,83.4180,,0.043236,-0.113742,0.212684,-0.126311
85,44,79.1232,,-0.051485,-0.135625,0.216379,-0.171292
85,45,79.5310,,0.005154,-0.010551,0.178891,-0.167021
85,46,80.0987,,0.007138,-0.005200,0.179018,-0.161075
85,47,83.1535,,0.038138,-0.037019,0.166925,-0.129081
85,48,88.4545,,0.063750,-0.016263,0.174615,-0.073559
85,49,87.3515,,-0.012470,-0.023410,0.174993,-0.085112
85,50,83.7054,,-0.041741,0.017137,0.159635,-0.123300
85,51,89.1541,,0.065094,0.047812,0.169111,-0.066233
85,52,90.5831,,0.016028,0.038659,0.168192,-0.051266
85,53,95.4782,,0.054040,0.212371,0.133168,0.000000
85,54,93.3247,,-0.022555,0.167130,0.138906,-0.022555
85,55,101.7419,,0.090193,0.219664,0.156609,0.000000
85,56,106.0995,,0.042830,0.340940,0.138579,0.000000
85,57,108.3576,,0.021283,0.362457,0.136928,0.000000
85,58,108.3294,,-0.000260,0.352449,0.138281,-0.000260
85,59,110.0022,,0.015442,0.322882,0.138005,0.000000
85,60,102.2179,,-0.070765,0.155599,0.159882,-0.070765
85,61,106.2500,,0.039446,0.216350,0.159255,-0.034110
85,62,111.4681,,0.049112,0.331673,0.147950,0.000000
85,63,116.7896,,0.047740,0.309975,0.143777,0.000000
85,64,116.8374,,0.000409,0.289838,0.145506,0.000000
85,65,112.7201,,-0.035240,0.180585,0.151490,-0.035240
85,66,114.0158,,0.011495,0.221712,0.146059,-0.024150
85,67,117.5329,,0.030847,0.155206,0.124342,0.000000
85,68,118.3542,,0.006988,0.115502,0.119954,0.000000
85,69,120.6054,,0.019021,0.113031,0.119737,0.000000
85,70,121.1414,,0.004444,0.118268,0.119410,0.000000
85,71,120.7905,,-0.002897,0.098072,0.119890,-0.002897
85,72,115.2245,,-0.046080,0.127242,0.103539,-0.048844
86,2,65.2180,,-0.035893,,,0.000000
86,3,57.3160,,-0.121163,,,-0.121163
86,4,70.3080,,0.226673,,,0.000000
86,5,77.5860,,0.103516,,,0.000000
86,6,81.0120,,0.044157,,,0.000000
86,7,87.8400,,0.084284,,,0.000000
86,8,96.4040,,0.097495,,,0.000000
86,9,97.0000,,0.006182,,,0.000000
86,10,99.5140,,0.025918,,,0.000000
86,11,106.9100,,0.074321,,,0.000000
86,12,110.0860,,0.029707,,,0.000000
86,13,108.6320,,-0.013208,0.605887,0.297642,-0.013208
86,14,106.6920,,-0.017858,0.635927,0.292903,-0.030830
86,15,100.0220,,-0.062516,0.745097,0.260710,-0.091419
86,16,101.2740,,0.012517,0.440433,0.176721,-0.080046
86,17,94.7760,,-0.064163,0.221560,0.182205,-0.139073
86,18,109.9100,,0.159682,0.356712,0.230478,-0.001599
86,19,117.5780,,0.069766,0.338547,0.227021,0.000000
86,20,128.7280,,0.094831,0.335297,0.226125,0.000000
86,21,124.4540,,-0.033202,0.283031,0.233258,-0.033202
86,22,139.5520,,0.121314,0.402335,0.253221,0.000000
86,23,129.5400,,-0.071744,0.211673,0.267635,-0.071744
86,24,129.8220,,0.002177,0.179278,0.267822,-0.069723
86,25,117.1560,,-0.097564,0.078468,0.290356,-0.160485
86,26,115.9840,,-0.010004,0.087092,0.289655,-0.168883
86,27,111.3780,,-0.039712,0.113535,0.284267,-0.201889
86,28,95.6200,,-0.141482,-0.055828,0.323028,-0.314807
86,29,93.4940,,-0.022234,-0.013526,0.316721,-0.330042
86,30,95.1040,,0.017220,-0.134710,0.267953,-0.318505
86,31,89.3320,,-0.060691,-0.240231,0.257557,-0.359865
86,32,86.9240,,-0.026956,-0.324747,0.225014,-0.377121
86,33,75.5220,,-0.131172,-0.393173,0.246703,-0.458825
86,34,84.1480,,0.114218,-0.397013,0.241744,-0.397013
86,35,83.2600,,-0.010553,-0.357264,0.240442,-0.403377
86,36,77.6540,,-0.067331,-0.401842,0.239109,-0.443548
86,37,91.0260,,0.172200,-0.223036,0.309647,-0.347727
86,38,86.4340,,-0.050447,-0.254776,0.311258,-0.380632
86,39,92.9440,,0.075318,-0.165508,0.324517,-0.333983
86,40,91.8840,,-0.011405,-0.039071,0.291886,-0.341578
86,41,108.9560,,0.185799,0.165379,0.344170,-0.219244
86,42,112.3940,,0.031554,0.181801,0.344470,-0.194608
86,43,116.6000,,0.037422,0.305243,0.333706,-0.164469
86,44,117.7660,,0.010000,0.354816,0.329258,-0.156114
86,45,111.7920,,-0.050728,0.480257,0.294378,-0.198922
86,46,116.3700,,0.040951,0.382920,0.282094,-0.166117
86,47,137.1480,,0.178551,0.647225,0.313863,-0.017227
86,48,141.2980,,0.030259,0.819583,0.289664,0.000000
86,49,153.0800,,0.083384,0.681716,0.262511,0.000000
86,50,154.2680,,0.007761,0.784806,0.244868,0.000000
86,51,152.4800,,-0.011590,0.640556,0.251019,-0.011590
86,52,138.6660,,-0.090595,0.509142,0.280912,-0.101135
86,53,131.3860,,-0.052500,0.205864,0.242308,-0.148325
86,54,157.3340,,0.197494,0.399844,0.301998,0.000000
86,55,162.8780,,0.035237,0.396895,0.301961,0.000000
86,56,171.0000,,0.049866,0.452033,0.301493,0.000000
86,57,178.8780,,0.046070,0.600098,0.286698,0.000000
86,58,186.5980,,0.043158,0.603490,0.286690,0.000000
86,59,209.8880,,0.124814,0.530378,0.263054,0.000000
86,60,212.0240,,0.010177,0.500547,0.264512,0.000000
86,61,203.6760,,-0.039373,0.330522,0.269437,-0.039373
86,62,185.9520,,-0.087021,0.205384,0.292402,-0.122968
86,63,159.2280,,-0.143715,0.044255,0.334245,-0.249010
86,64,191.0020,,0.199550,0.377424,0.365534,-0.099150
86,65,202.2180,,0.058722,0.539112,0.354238,-0.046251
86,66,205.6160,,0.016804,0.306875,0.310703,-0.030224
86,67,188.6240,,-0.082639,0.158070,0.328793,-0.110365
86,68,183.4920,,-0.027208,0.073052,0.329260,-0.134570
86,69,184.0560,,0.003074,0.028947,0.326912,-0.131910
86,70,183.8560,,-0.001087,-0.014695,0.324464,-0.132854
86,71,162.4820,,-0.116254,-0.225864,0.314881,-0.233663
86,72,153.1900,,-0.057188,-0.277488,0.315646,-0.277488
87,2,33.3819,,-0.103064,,,0.000000
87,3,28.1780,,-0.155890,,,-0.155890
87,4,31.4074,,0.114607,,,-0.059149
87,5,31.3698,,-0.001197,,,-0.060275
87,6,32.6189,,0.039819,,,-0.022856
87,7,30.2558,,-0.072446,,,-0.093647
87,8,31.4765,,0.040346,,,-0.057079
87,9,29.2294,,-0.071390,,,-0.124394
87,10,29.2464,,0.000582,,,-0.123884
87,11,33.5814,,0.148223,,,0.000000
87,12,36.4314,,0.084868,,,0.000000
87,13,34.1909,,-0.061499,-0.081327,0.321008,-0.061499
87,14,36.4689,,0.066626,0.092475,0.307939,0.000000
87,15,40.9064,,0.121679,0.451714,0.266024,0.000000
87,16,43.1468,,0.054769,0.373778,0.252685,0.000000
87,17,45.3419,,0.050875,0.445399,0.251213,0.000000
87,18,44.6019,,-0.016320,0.367363,0.255910,-0.016320
87,19,44.6890,,0.001953,0.477039,0.233625,-0.014399
87,20,48.4050,,0.083152,0.537814,0.238552,0.000000
87,21,45.4422,,-0.061209,0.554674,0.233595,-0.061209
87,22,51.8939,,0.141976,0.774367,0.250121,0.000000
87,23,48.3044,,-0.069170,0.438426,0.252643,-0.069170
87,24,51.2050,,0.060048,0.405518,0.248281,-0.013276
87,25,52.2453,,0.020316,0.528045,0.227624,0.000000
87,26,47.1331,,-0.097850,0.292418,0.261827,-0.097850
87,27,44.0116,,-0.066227,0.075909,0.252768,-0.157597
87,28,37.2985,,-0.152530,-0.135545,0.293171,-0.286088
87,29,41.6609,,0.116959,-0.081184,0.314505,-0.202590
87,30,37.2812,,-0.105127,-0.164135,0.330657,-0.286419
87,31,38.8454,,0.041957,-0.130762,0.334714,-0.256480
87,32,37.4389,,-0.036208,-0.226549,0.320503,-0.283401
87,33,34.7254,,-0.072478,-0.235834,0.322382,-0.335339
87,34,37.9618,,0.093200,-0.268473,0.298771,-0.273392
87,35,41.7497,,0.099782,-0.135695,0.317043,-0.200890
87,36,41.4041,,-0.008278,-0.191405,0.308243,-0.207505
87,37,45.9975,,0.110941,-0.119585,0.331642,-0.119585
87,38,46.6321,,0.013796,-0.010629,0.316474,-0.107439
87,39,41.6463,,-0.106918,-0.053742,0.328567,-0.202869
87,40,39.0342,,-0.062721,0.046535,0.293622,-0.252866
87,41,37.1729,,-0.047684,-0.107727,0.271752,-0.288493
87,42,41.1676,,0.107463,0.104245,0.270858,-0.212032
87,43,41.9444,,0.018869,0.079777,0.268964,-0.197164
87,44,41.8768,,-0.001612,0.118537,0.264792,-0.198458
87,45,39.8049,,-0.049476,0.146276,0.257687,-0.238115
87,46,39.6649,,-0.003517,0.044863,0.242967,-0.240795
87,47,45.5538,,0.148466,0.091116,0.267164,-0.128078
87,48,49.0703,,0.077194,0.185154,0.274379,-0.060771
87,49,52.2851,,0.065514,0.136693,0.260851,0.000000
87,50,53.2886,,0.019193,0.142744,0.260919,0.000000
87,51,54.7422,,0.027278,0.314454,0.225305,0.000000
87,52,53.6686,,-0.019612,0.374911,0.210661,-0.019612
87,53,57.0463,,0.062936,0.534619,0.195515,0.000000
87,54,57.3142,,0.004696,0.392214,0.182073,0.000000
87,55,62.2714,,0.086492,0.484617,0.190276,0.000000
87,56,65.7791,,0.056329,0.570776,0.186974,0.000000
87,57,69.2889,,0.053357,0.740711,0.159823,0.000000
87,58,72.6637,,0.048706,0.831937,0.149594,0.000000
87,59,79.4276,,0.093085,0.743598,0.117709,0.000000
87,60,74.5380,,-0.061560,0.519004,0.155721,-0.061560
87,61,83.3665,,0.118443,0.594460,0.174403,0.000000
87,62,86.7718,,0.040847,0.628336,0.172816,0.000000
87,63,81.8162,,-0.057111,0.494571,0.199512,-0.057111
87,64,78.4409,,-0.041255,0.461577,0.207070,-0.096010
87,65,86.9756,,0.108804,0.524647,0.218868,0.000000
87,66,89.4295,,0.028214,0.560336,0.216262,0.000000
87,67,99.5788,,0.113489,0.599107,0.224197,0.000000
87,68,104.2047,,0.046455,0.584160,0.223715,0.000000
87,69,107.5203,,0.031818,0.551767,0.223450,0.000000
87,70,106.5039,,-0.009453,0.465709,0.228256,-0.009453
87,71,111.1644,,0.043759,0.399568,0.219566,0.000000
87,72,115.1211,,0.035593,0.544460,0.195440,0.000000
88,2,31.6397,,-0.059484,,,0.000000
88,3,26.9051,,-0.149641,,,-0.149641
88,4,29.6406,,0.101672,,,-0.063183
88,5,31.1923,,0.052350,,,-0.014141
88,6,30.7040,,-0.015655,,,-0.029575
88,7,33.9132,,0.104521,,,0.000000
88,8,35.5059,,0.046964,,,0.000000
88,9,36.6548,,0.032358,,,0.000000
88,10,33.4695,,-0.086900,,,-0.086900
88,11,40.0093,,0.195396,,,0.000000
88,12,41.7295,,0.042995,,,0.000000
88,13,39.4757,,-0.054010,0.173447,0.330674,-0.054010
88,14,42.1763,,0.068412,0.333018,0.322811,0.000000
88,15,43.2884,,0.026368,0.608928,0.258631,0.000000
88,16,44.9204,,0.037701,0.515502,0.250550,0.000000
88,17,46.0826,,0.025872,0.477371,0.250242,0.000000
88,18,45.8254,,-0.005581,0.492491,0.248197,-0.005581
88,19,47.2801,,0.031744,0.394150,0.236740,0.000000
88,20,48.9765,,0.035880,0.379391,0.236138,0.000000
88,21,45.1426,,-0.078280,0.231561,0.259299,-0.078280
88,22,41.5105,,-0.080458,0.240250,0.256468,-0.152440
88,23,40.5186,,-0.023895,0.012731,0.173742,-0.172692
88,24,40.8023,,0.007002,-0.022218,0.168167,-0.166899
88,25,40.5267,,-0.006755,0.026625,0.158191,-0.172527
88,26,38.0959,,-0.059980,-0.096745,0.152420,-0.222159
88,27,38.1447,,0.001281,-0.118823,0.148343,-0.221162
88,28,32.3929,,-0.150789,-0.278882,0.195122,-0.338603
88,29,36.2790,,0.119968,-0.212739,0.239663,-0.259256
88,30,32.1497,,-0.113821,-0.298430,0.257570,-0.343568
88,31,30.7404,,-0.043836,-0.349823,0.249897,-0.372344
88,32,29.8508,,-0.028939,-0.390507,0.238613,-0.390507
88,33,24.1924,,-0.189556,-0.464089,0.281153,-0.506040
88,34,26.1803,,0.082170,-0.369309,0.306258,-0.465452
88,35,30.4908,,0.164647,-0.247487,0.365335,-0.377440
88,36,29.1010,,-0.045581,-0.286781,0.365160,-0.405817
88,37,32.7460,,0.125253,-0.191990,0.394121,-0.331394
88,38,31.1725,,-0.048052,-0.181737,0.392701,-0.363521
88,39,31.7931,,0.019909,-0.166514,0.393757,-0.350850
88,40,34.6948,,0.091268,0.071061,0.372534,-0.291603
88,41,33.2545,,-0.041513,-0.083369,0.355679,-0.321011
88,42,35.1137,,0.055908,0.092193,0.337685,-0.283050
88,43,38.2490,,0.089290,0.244258,0.339988,-0.219033
88,44,39.7944,,0.040404,0.333110,0.335496,-0.187479
88,45,37.7349,,-0.051754,0.559782,0.256773,-0.229530
88,46,35.1392,,-0.068788,0.342199,0.273651,-0.282530
88,47,35.8837,,0.021187,0.176869,0.229269,-0.267328
88,48,37.5627,,0.046790,0.290769,0.220819,-0.233047
88,49,39.8670,,0.061345,0.217461,0.196552,-0.185998
88,50,36.9504,,-0.073158,0.185352,0.207078,-0.245549
88,51,37.3816,,0.011670,0.175777,0.207068,-0.236744
88,52,32.8630,,-0.120878,-0.052798,0.229529,-0.329005
88,53,34.7737,,0.058141,0.045683,0.232643,-0.289993
88,54,34.0179,,-0.021735,-0.031209,0.227312,-0.305425
88,55,35.8508,,0.053880,-0.062701,0.214425,-0.268001
88,56,34.6556,,-0.033338,-0.129135,0.210571,-0.292404
88,57,36.5824,,0.055599,-0.030543,0.214521,-0.253063
88,58,38.2464,,0.045486,0.088424,0.205232,-0.219088
88,59,38.1093,,-0.003585,0.062021,0.205089,-0.221887
88,60,33.1151,,-0.131049,-0.118405,0.241095,-0.323858
88,61,29.7004,,-0.103116,-0.255013,0.245445,-0.393579
88,62,31.9254,,0.074915,-0.135993,0.256105,-0.348149
88,63,32.8330,,0.028429,-0.121681,0.258156,-0.329618
88,64,30.4306,,-0.073170,-0.074016,0.239128,-0.378670
88,65,31.0387,,0.019983,-0.107408,0.231201,-0.366254
88,66,32.0443,,0.032398,-0.058016,0.233838,-0.345721
88,67,29.8356,,-0.068926,-0.167783,0.233614,-0.390818
88,68,30.7796,,0.031640,-0.111842,0.236471,-0.371544
88,69,28.4691,,-0.075066,-0.221781,0.234457,-0.418719
88,70,25.2253,,-0.113941,-0.340452,0.241099,-0.484951
88,71,24.4400,,-0.031131,-0.358686,0.239149,-0.500985
88,72,27.3703,,0.119898,-0.173478,0.258993,-0.441154
89,2,86.6873,,0.138528,,,0.000000
89,3,80.6684,,-0.069432,,,-0.069432
89,4,84.4182,,0.046484,,,-0.026175
89,5,96.1867,,0.139407,,,0.000000
89,6,100.1384,,0.041084,,,0.000000
89,7,103.2440,,0.031013,,,0.000000
89,8,112.1858,,0.086608,,,0.000000
89,9,109.9552,,-0.019883,,,-0.019883
89,10,105.3497,,-0.041885,,,-0.060935
89,11,127.8195,,0.213288,,,0.000000
89,12,129.6559,,0.014367,,,0.000000
89,13,121.2237,,-0.065035,0.592121,0.305889,-0.065035
89,14,115.3491,,-0.048461,0.330635,0.299183,-0.110344
89,15,120.4642,,0.044345,0.493327,0.280078,-0.070893
89,16,127.0407,,0.054593,0.504898,0.280502,-0.020170
89,17,136.0017,,0.070536,0.413935,0.260969,0.000000
89,18,139.2515,,0.023895,0.390590,0.260862,0.000000
89,19,138.4728,,-0.005592,0.341219,0.263306,-0.005592
89,20,131.7424,,-0.048604,0.174324,0.264756,-0.053924
89,21,122.8390,,-0.067582,0.117174,0.275865,-0.117862
89,22,110.5993,,-0.099640,0.049831,0.293643,-0.205758
89,23,104.6189,,-0.054073,-0.181511,0.193587,-0.248705
89,24,111.5128,,0.065895,-0.139933,0.208433,-0.199199
89,25,104.0036,,-0.067339,-0.142052,0.209099,-0.253124
89,26,118.4643,,0.139040,0.027006,0.252101,-0.149278
89,27,123.4063,,0.041717,0.024422,0.251662,-0.113789
89,28,118.3970,,-0.040592,-0.068040,0.248940,-0.149762
89,29,128.1560,,0.082426,-0.057689,0.253049,-0.079680
89,30,129.3579,,0.009378,-0.071049,0.251808,-0.071049
89,31,137.5497,,0.063327,-0.006667,0.260537,-0.012221
89,32,138.4150,,0.006291,0.050648,0.254623,-0.006007
89,33,129.0021,,-0.068005,0.050171,0.254757,-0.073604
89,34,145.7223,,0.129612,0.317569,0.253674,0.000000
89,35,145.6262,,-0.000659,0.391968,0.240653,-0.000659
89,36,134.6076,,-0.075664,0.207104,0.258639,-0.076273
89,37,143.5590,,0.066500,0.380327,0.244543,-0.014845
89,38,136.7036,,-0.047753,0.153965,0.223671,-0.061889
89,39,139.2612,,0.018709,0.128477,0.221722,-0.044338
89,40,138.3573,,-0.006491,0.168588,0.215437,-0.050541
89,41,131.9635,,-0.046212,0.029710,0.209720,-0.094418
89,42,133.5499,,0.012022,0.032407,0.209809,-0.083531
89,43,132.4635,,-0.008135,-0.036977,0.199811,-0.090986
89,44,131.0020,,-0.011033,-0.053556,0.199811,-0.101016
89,45,134.6556,,0.027890,0.043826,0.188518,-0.075943
89,46,138.3189,,0.027205,-0.050804,0.134763,-0.050804
89,47,144.6551,,0.045809,-0.006668,0.143604,-0.007322
89,48,154.8275,,0.070322,0.150215,0.133260,0.000000
89,49,155.6966,,0.005613,0.084549,0.119495,0.000000
89,50,157.6955,,0.012838,0.153558,0.103289,0.000000
89,51,158.2462,,0.003492,0.136327,0.103392,0.000000
89,52,159.1673,,0.005821,0.150409,0.101827,0.000000
89,53,169.6285,,0.065725,0.285421,0.092997,0.000000
89,54,171.4642,,0.010822,0.283897,0.093138,0.000000
89,55,177.4009,,0.034624,0.339246,0.088039,0.000000
89,56,193.4009,,0.090191,0.476322,0.100276,0.000000
89,57,201.4910,,0.041831,0.496345,0.100415,0.000000
89,58,217.8946,,0.081411,0.575308,0.110253,0.000000
89,59,241.1135,,0.106560,0.666817,0.129397,0.000000
89,60,216.2991,,-0.102916,0.397033,0.191951,-0.102916
89,61,228.2934,,0.055452,0.466271,0.191608,-0.053171
89,62,264.2762,,0.157616,0.675864,0.225934,0.000000
89,63,262.2296,,-0.007744,0.657099,0.228499,-0.007744
89,64,242.8016,,-0.074088,0.525449,0.255771,-0.081258
89,65,238.1313,,-0.019235,0.403839,0.259907,-0.098930
89,66,235.1222,,-0.012636,0.371261,0.262955,-0.110316
89,67,235.2702,,0.000629,0.326205,0.264392,-0.109757
89,68,248.6714,,0.056961,0.285781,0.257651,-0.059047
89,69,237.0600,,-0.046694,0.176527,0.265913,-0.102984
89,70,208.0143,,-0.122525,-0.045346,0.288648,-0.212891
89,71,206.9843,,-0.004952,-0.141550,0.263917,-0.216789
89,72,202.0684,,-0.023750,-0.065793,0.244688,-0.235390
90,2,138.3000,,-0.084633,,,0.000000
90,3,114.5875,,-0.171457,,,-0.171457
90,4,113.1239,,-0.012773,,,-0.182040
90,5,128.2119,,0.133376,,,-0.072944
90,6,130.5084,,0.017912,,,-0.056338
90,7,128.1333,,-0.018199,,,-0.073512
90,8,131.3793,,0.025333,,,-0.050041
90,9,121.7733,,-0.073117,,,-0.119499
90,10,115.5276,,-0.051290,,,-0.164660
90,11,132.3845,,0.145912,,,-0.042774
90,12,131.9147,,-0.003549,,,-0.046171
90,13,130.0178,,-0.014380,-0.139452,0.303329,-0.059887
90,14,145.9524,,0.122557,0.055330,0.317338,0.000000
90,15,162.1039,,0.110663,0.414671,0.263840,0.000000
90,16,169.8448,,0.047753,0.501403,0.259575,0.000000
90,17,170.6581,,0.004788,0.331061,0.238435,0.000000
90,18,169.1753,,-0.008689,0.296276,0.240915,-0.008689
90,19,176.1577,,0.041273,0.374797,0.236862,0.000000
90,20,181.1489,,0.028334,0.378821,0.236831,0.000000
90,21,177.2783,,-0.021367,0.455804,0.217292,-0.021367
90,22,183.3555,,0.034281,0.587113,0.196743,0.000000
90,23,171.9198,,-0.062369,0.298639,0.185057,-0.062369
90,24,189.6604,,0.103191,0.437750,0.198475,0.000000
90,25,192.9629,,0.017413,0.484127,0.192806,0.000000
90,26,214.5007,,0.111616,0.469662,0.187616,0.000000
90,27,220.6581,,0.028706,0.361214,0.167903,0.000000
90,28,216.4038,,-0.019280,0.274127,0.172224,-0.019280
90,29,206.8551,,-0.044124,0.212104,0.183945,-0.062553
90,30,203.4888,,-0.016274,0.202829,0.185271,-0.077809
90,31,209.6786,,0.030418,0.190290,0.184020,-0.049758
90,32,211.7692,,0.009970,0.169034,0.183580,-0.040284
90,33,196.2655,,-0.073210,0.107104,0.201070,-0.110545
90,34,231.0748,,0.177358,0.260255,0.261670,0.000000
90,35,234.7756,,0.016016,0.365611,0.245346,0.000000
90,36,230.7943,,-0.016958,0.216882,0.234619,-0.016958
90,37,216.7946,,-0.060659,0.123504,0.247632,-0.076588
90,38,213.1372,,-0.016870,-0.006356,0.223372,-0.092166
90,39,213.4178,,0.001317,-0.032812,0.221370,-0.090971
90,40,204.1875,,-0.043250,-0.056451,0.224798,-0.130286
90,41,192.0512,,-0.059437,-0.071567,0.228346,-0.181979
90,42,202.3695,,0.053727,-0.005500,0.234974,-0.138030
90,43,210.2988,,0.039182,0.002958,0.236309,-0.104256
90,44,214.4927,,0.019943,0.012862,0.236873,-0.086392
90,45,209.1266,,-0.025018,0.065530,0.224518,-0.109249
90,46,228.3764,,0.092049,-0.011676,0.161240,-0.027256
90,47,235.1483,,0.029652,0.001588,0.163281,0.000000
90,48,247.2404,,0.051423,0.071259,0.169223,0.000000
90,49,252.3057,,0.020487,0.163801,0.152548,0.000000
90,50,261.5515,,0.036645,0.227150,0.150257,0.000000
90,51,270.3959,,0.033815,0.266978,0.149820,0.000000
90,52,274.7990,,0.016284,0.345816,0.132947,0.000000
90,53,288.3478,,0.049304,0.501409,0.096403,0.000000
90,54,279.0848,,-0.032124,0.379084,0.114530,-0.032124
90,55,287.3282,,0.029537,0.366284,0.113873,-0.003536
90,56,289.3960,,0.007197,0.349210,0.115417,0.000000
90,57,292.1415,,0.009487,0.396959,0.103384,0.000000
90,58,281.9039,,-0.035043,0.234382,0.096226,-0.035043
90,59,275.8802,,-0.021368,0.173217,0.102819,-0.055662
90,60,255.9476,,-0.072251,0.035217,0.125363,-0.123892
90,61,249.6239,,-0.024707,-0.010629,0.126820,-0.145538
90,62,246.6722,,-0.011825,-0.056889,0.120536,-0.155642
90,63,266.1833,,0.079097,-0.015580,0.142638,-0.088855
90,64,265.7342,,-0.001687,-0.032987,0.141454,-0.090392
90,65,273.4638,,0.029088,-0.051618,0.134735,-0.063934
90,66,286.3961,,0.047291,0.026198,0.139779,-0.019666
90,67,305.9860,,0.068401,0.064936,0.152667,0.000000
90,68,320.3470,,0.046934,0.106951,0.158044,0.000000
90,69,336.5632,,0.050621,0.152056,0.163319,0.000000
90,70,340.4124,,0.011437,0.207548,0.154834,0.000000
90,71,338.6671,,-0.005127,0.227588,0.151283,-0.005127
90,72,333.7401,,-0.014548,0.303940,0.121822,-0.019600
91,2,35.4897,,-0.127398,,,0.000000
91,3,26.3269,,-0.258182,,,-0.258182
91,4,28.2250,,0.072097,,,-0.204699
91,5,27.4981,,-0.025754,,,-0.225181
91,6,28.4724,,0.035432,,,-0.197728
91,7,28.8236,,0.012335,,,-0.187832
91,8,28.4793,,-0.011945,,,-0.197533
91,9,28.0490,,-0.015109,,,-0.209658
91,10,30.8332,,0.099262,,,-0.131207
91,11,34.2054,,0.109369,,,-0.036188
91,12,36.8811,,0.078224,,,0.000000
91,35,38.5169,,0.069257,-0.148205,0.261460,-0.219176
91,36,37.0065,,-0.039214,-0.193700,0.261290,-0.249795
91,37,42.7323,,0.154724,-0.108571,0.307838,-0.133720
91,38,40.9561,,-0.041566,-0.120690,0.309169,-0.169728
91,39,30.9337,,-0.244711,-0.293508,0.388658,-0.372905
91,40,29.8100,,-0.036326,-0.260845,0.384214,-0.395685
91,41,26.0011,,-0.127773,-0.410079,0.377502,-0.472900
91,42,28.7317,,0.105019,-0.248261,0.386629,-0.417544
91,43,35.0260,,0.219072,-0.115253,0.452061,-0.289945
91,44,32.2455,,-0.079384,-0.157094,0.457810,-0.346312
91,45,29.1825,,-0.094990,-0.137078,0.452761,-0.408406
91,46,28.5625,,-0.021246,-0.207085,0.446515,-0.420975
91,47,34.1531,,0.195732,-0.113297,0.487480,-0.307641
91,48,38.7762,,0.135364,0.047820,0.503504,-0.213920
91,49,37.6369,,-0.029381,-0.119240,0.480362,-0.237016
91,50,38.0175,,0.010112,-0.071751,0.478457,-0.229301
91,51,40.5000,,0.065299,0.309251,0.397156,-0.178975
91,52,37.2315,,-0.080704,0.248959,0.407401,-0.245235
91,53,37.1582,,-0.001969,0.429100,0.374078,-0.246721
91,54,36.3793,,-0.020962,0.266172,0.369631,-0.262511
91,55,41.6403,,0.144615,0.188838,0.332569,-0.155859
91,56,43.8206,,0.052360,0.358966,0.315929,-0.111660
91,57,42.4289,,-0.031759,0.453913,0.294333,-0.139873
91,58,45.3209,,0.068161,0.586725,0.289301,-0.081246
91,59,49.9928,,0.103085,0.463783,0.247490,0.000000
91,60,44.8706,,-0.102459,0.157167,0.255898,-0.102459
91,61,45.2931,,0.009416,0.203421,0.251511,-0.094008
91,62,44.4589,,-0.018418,0.169431,0.254084,-0.110694
91,63,40.0225,,-0.099787,-0.011792,0.271836,-0.199435
91,64,38.6982,,-0.033089,0.039392,0.259983,-0.225925
91,65,41.8159,,0.080564,0.125345,0.270203,-0.163563
91,66,43.4083,,0.038081,0.193212,0.268639,-0.131710
91,67,43.6066,,0.004568,0.047219,0.230128,-0.127744
91,68,47.3601,,0.086076,0.080770,0.239820,-0.052664
91,69,46.8752,,-0.010239,0.104791,0.236806,-0.062364
91,70,45.7605,,-0.023780,0.009697,0.230136,-0.084661
91,71,48.0839,,0.050773,-0.038186,0.210374,-0.038186
91,72,52.3090,,0.087869,0.165771,0.196387,0.000000
92,2,125.8278,,-0.023990,,,0.000000
92,3,108.0816,,-0.141036,,,-0.141036
92,4,113.5608,,0.050695,,,-0.097491
92,5,116.9559,,0.029897,,,-0.070509
92,6,125.6094,,0.073989,,,-0.001736
92,7,151.5769,,0.206732,,,0.000000
92,8,197.8781,,0.305463,,,0.000000
92,9,226.3933,,0.144105,,,0.000000
92,10,234.2171,,0.034558,,,0.000000
92,11,258.6887,,0.104483,,,0.000000
92,12,234.3525,,-0.094075,,,-0.094075
92,13,212.9113,,-0.091491,0.651491,0.449988,-0.176959
92,14,230.2453,,0.081414,0.829843,0.443392,-0.109952
92,15,256.9700,,0.116071,1.377556,0.388125,-0.006643
92,16,263.3263,,0.024736,1.318815,0.391131,0.000000
92,17,285.5491,,0.084393,1.441513,0.387602,0.000000
92,18,270.6007,,-0.052350,1.154305,0.410550,-0.052350
92,19,254.5579,,-0.059286,0.679399,0.401397,-0.108532
92,20,241.5913,,-0.050938,0.220911,0.298939,-0.153942
92,21,199.3999,,-0.174640,-0.119232,0.323649,-0.301698
92,22,214.7726,,0.077095,-0.083018,0.332208,-0.247862
92,23,210.0674,,-0.021908,-0.187953,0.311014,-0.264340
92,24,235.8459,,0.122715,0.006372,0.324924,-0.174063
92,25,224.8799,,-0.046496,0.056214,0.313308,-0.212466
92,26,203.3030,,-0.095949,-0.117016,0.318379,-0.288029
92,27,211.6447,,0.041031,-0.176384,0.294869,-0.258816
92,28,182.3990,,-0.138183,-0.307328,0.316555,-0.361235
92,29,206.1143,,0.130019,-0.278184,0.336600,-0.278184
92,30,208.0692,,0.009485,-0.231084,0.336279,-0.271337
92,31,215.0085,,0.033351,-0.155365,0.336407,-0.247036
92,32,194.4568,,-0.095586,-0.195101,0.345248,-0.319008
92,33,136.9527,,-0.295717,-0.313176,0.420105,-0.520389
92,34,148.6575,,0.085466,-0.307838,0.422366,-0.479399
92,35,169.0065,,0.136885,-0.195466,0.451514,-0.408136
92,36,160.6406,,-0.049500,-0.318875,0.428807,-0.437434
92,63,237.1836,,-0.072728,-0.141355,0.281295,-0.190590
92,64,205.7570,,-0.132499,-0.179718,0.296730,-0.297836
92,65,213.3581,,0.036942,-0.123224,0.300117,-0.271897
92,66,222.3678,,0.042228,-0.226024,0.228886,-0.241150
92,67,220.0424,,-0.010457,-0.244357,0.226397,-0.249086
92,68,227.5055,,0.033917,-0.209629,0.232956,-0.223617
92,69,232.1724,,0.020513,-0.119472,0.223575,-0.207691
92,70,251.5060,,0.083273,-0.051387,0.241714,-0.141713
92,71,273.1667,,0.086124,-0.067794,0.233053,-0.067794
92,72,286.2265,,0.047809,0.050867,0.225983,-0.023226
93,2,190.2962,,-0.021316,,,0.000000
93,3,182.7028,,-0.039903,,,-0.039903
93,4,199.6935,,0.092996,,,0.000000
93,5,217.5220,,0.089279,,,0.000000
93,6,217.8338,,0.001433,,,0.000000
93,7,221.1567,,0.015254,,,0.000000
93,8,210.8006,,-0.046827,,,-0.046827
93,9,204.5228,,-0.029781,,,-0.075213
93,10,195.2445,,-0.045366,,,-0.117167
93,11,196.5623,,0.006749,,,-0.111209
93,12,190.8321,,-0.029152,,,-0.137119
93,13,194.3795,,0.018589,-0.000318,0.166025,-0.121079
93,14,184.7785,,-0.049393,-0.028998,0.172393,-0.164492
93,15,204.3823,,0.106094,0.118658,0.196855,-0.075849
93,16,217.8134,,0.065716,0.090737,0.186024,-0.015118
93,17,219.5357,,0.007907,0.009256,0.163993,-0.007330
93,18,232.1514,,0.057465,0.065726,0.173183,0.000000
93,19,244.1946,,0.051876,0.104169,0.178991,0.000000
93,20,252.2855,,0.033133,0.196795,0.169135,0.000000
93,21,229.1785,,-0.091591,0.120551,0.196524,-0.091591
93,22,244.6135,,0.067349,0.252856,0.193556,-0.030411
93,23,227.7057,,-0.069120,0.158440,0.213258,-0.097429
93,24,253.7485,,0.114370,0.329694,0.229221,0.000000
93,25,219.2640,,-0.135900,0.128020,0.280924,-0.135900
93,26,197.7909,,-0.097933,0.070421,0.296478,-0.220524
93,27,219.0198,,0.107330,0.071617,0.296921,-0.136863
93,28,210.1273,,-0.040601,-0.035289,0.293870,-0.171907
93,29,224.4941,,0.068372,0.022585,0.301681,-0.115289
93,30,224.0208,,-0.002108,-0.035023,0.296298,-0.117154
93,31,238.7930,,0.065941,-0.022120,0.299281,-0.058938
93,32,223.9979,,-0.061958,-0.112125,0.303430,-0.117244
93,33,189.3027,,-0.154891,-0.173995,0.328411,-0.253975
93,34,182.6811,,-0.034979,-0.253185,0.317331,-0.280070
93,35,196.5003,,0.075647,-0.137043,0.325854,-0.225610
93,36,188.1607,,-0.042441,-0.258476,0.298133,-0.258476
93,37,199.8685,,0.062222,-0.088458,0.280220,-0.212337
93,38,177.1609,,-0.113613,-0.104303,0.286289,-0.301825
93,39,182.8244,,0.031968,-0.165261,0.262715,-0.279506
93,40,182.8691,,0.000244,-0.129724,0.261068,-0.279330
93,41,166.2474,,-0.090894,-0.259459,0.258275,-0.344835
93,42,174.8103,,0.051507,-0.219671,0.268171,-0.311089
93,43,172.9451,,-0.010670,-0.275754,0.252627,-0.318440
93,44,164.7754,,-0.047239,-0.264390,0.250635,-0.350636
93,45,149.4447,,-0.093040,-0.210553,0.220936,-0.411053
93,46,161.9309,,0.083551,-0.113588,0.241598,-0.361846
93,47,191.6460,,0.183505,-0.024705,0.299372,-0.244741
93,48,198.1633,,0.034007,0.053159,0.296950,-0.219057
93,49,181.0166,,-0.086528,-0.094322,0.304282,-0.286631
93,50,183.9865,,0.016407,0.038527,0.280385,-0.274926
93,51,182.8115,,-0.006386,-0.000070,0.279140,-0.279557
93,52,158.7284,,-0.131737,-0.132010,0.309992,-0.374466
93,53,182.7267,,0.151191,0.099126,0.333142,-0.279891
93,54,181.4571,,-0.006948,0.038024,0.330708,-0.284894
93,55,207.4551,,0.143274,0.199545,0.356472,-0.182438
93,56,210.9002,,0.016606,0.279927,0.348972,-0.168861
93,57,218.9009,,0.037936,0.464764,0.324209,-0.137331
93,58,200.9980,,-0.081785,0.241260,0.339678,-0.207885
93,59,198.1560,,-0.014139,0.033971,0.291545,-0.219084
93,60,173.8937,,-0.122440,-0.122471,0.316088,-0.314700
93,61,176.9116,,0.017355,-0.022675,0.304447,-0.302806
93,62,196.6832,,0.111760,0.069012,0.323819,-0.224888
93,63,208.1425,,0.058263,0.138566,0.326786,-0.179728
93,64,215.6131,,0.035892,0.358381,0.285030,-0.150286
93,65,207.0100,,-0.039901,0.132896,0.258413,-0.184191
93,66,213.1533,,0.029676,0.174678,0.257925,-0.159981
93,67,202.5546,,-0.049723,-0.023621,0.224048,-0.201749
93,68,198.1417,,-0.021786,-0.060493,0.224226,-0.219140
93,69,186.9346,,-0.056561,-0.146029,0.225205,-0.263306
93,70,175.5017,,-0.061160,-0.126847,0.219003,-0.308362
93,71,177.7472,,0.012795,-0.102992,0.220021,-0.299513
93,72,172.1580,,-0.031445,-0.009981,0.183850,-0.321540
94,2,45.1262,,-0.079818,,,0.000000
94,3,42.8015,,-0.051516,,,-0.051516
94,4,44.2270,,0.033305,,,-0.019927
94,5,44.8117,,0.013220,,,-0.006970
94,6,43.9605,,-0.018995,,,-0.025833
94,7,47.9822,,0.091484,,,0.000000
94,8,50.5158,,0.052803,,,0.000000
94,9,49.6770,,-0.016605,,,-0.016605
94,10,46.1881,,-0.070232,,,-0.085671
94,11,49.9530,,0.081512,,,-0.011142
94,12,50.8399,,0.017755,,,0.000000
94,13,48.4665,,-0.046684,-0.011707,0.198643,-0.046684
94,14,46.4733,,-0.041125,0.029850,0.184863,-0.085889
94,15,51.1678,,0.101015,0.195466,0.197610,0.000000
94,16,53.4408,,0.044422,0.208328,0.198953,0.000000
94,17,55.8312,,0.044730,0.245905,0.200721,0.000000
94,18,54.8733,,-0.017157,0.248240,0.200340,-0.017157
94,19,55.8724,,0.018207,0.164439,0.184668,0.000000
94,20,54.8214,,-0.018811,0.085231,0.182144,-0.018811
94,21,51.3857,,-0.062671,0.034395,0.194371,-0.080303
94,22,53.9685,,0.050263,0.168449,0.180883,-0.034076
94,23,52.3692,,-0.029634,0.048369,0.169618,-0.062701
94,24,58.9175,,0.125041,0.158882,0.207991,0.000000
94,25,59.8730,,0.016218,0.235347,0.197214,0.000000
94,26,58.4885,,-0.023124,0.258539,0.191957,-0.023124
94,27,56.0768,,-0.041234,0.095938,0.179327,-0.063405
94,28,57.9167,,0.032810,0.083753,0.177178,-0.032675
94,29,57.0904,,-0.014267,0.022553,0.173580,-0.046476
94,30,55.7700,,-0.023128,0.016340,0.174436,-0.068529
94,31,57.8496,,0.037289,0.035387,0.177334,-0.033795
94,32,55.8803,,-0.034042,0.019315,0.180109,-0.066687
94,33,49.5298,,-0.113645,-0.036118,0.205714,-0.172753
94,34,55.9072,,0.128759,0.035922,0.239452,-0.066238
94,35,61.4816,,0.099708,0.174002,0.253512,0.000000
94,36,60.6086,,-0.014199,0.028703,0.224698,-0.014199
94,37,59.8531,,-0.012465,-0.000333,0.224863,-0.026487
94,38,59.6153,,-0.003973,0.019265,0.223352,-0.030355
94,39,63.7677,,0.069653,0.137149,0.226643,0.000000
94,40,70.5561,,0.106455,0.218234,0.244991,0.000000
94,41,67.5120,,-0.043144,0.182546,0.250879,-0.043144
94,42,67.0798,,-0.006402,0.202794,0.248549,-0.049270
94,43,68.5345,,0.021686,0.184701,0.247704,-0.028652
94,44,65.8812,,-0.038715,0.178970,0.248787,-0.066258
94,45,64.1616,,-0.026102,0.295414,0.211586,-0.090631
94,46,61.5863,,-0.040138,0.101580,0.185699,-0.127131
94,47,66.0976,,0.073252,0.075079,0.173116,-0.063191
94,48,67.3720,,0.019281,0.111591,0.171843,-0.045129
94,49,70.4282,,0.045363,0.176684,0.173338,-0.001813
94,50,68.3697,,-0.029228,0.146848,0.178091,-0.030988
94,51,65.4971,,-0.042016,0.027120,0.174073,-0.071702
94,52,67.7233,,0.033989,-0.040150,0.138753,-0.040150
94,53,64.5132,,-0.047400,-0.044419,0.140165,-0.085647
94,54,61.6043,,-0.045090,-0.081627,0.146380,-0.126875
94,55,64.7570,,0.051177,-0.055118,0.155225,-0.082191
94,56,68.0351,,0.050622,0.032694,0.158968,-0.035730
94,57,69.7973,,0.025901,0.087837,0.156845,-0.010754
94,58,65.2937,,-0.064524,0.060200,0.166598,-0.074584
94,59,61.9280,,-0.051547,-0.063082,0.158122,-0.122287
94,60,56.9508,,-0.080371,-0.154681,0.172546,-0.192829
94,61,55.7316,,-0.021408,-0.208675,0.160508,-0.210109
94,62,61.7286,,0.107605,-0.097135,0.203054,-0.125113
94,63,65.2076,,0.056360,-0.004420,0.208270,-0.075805
94,64,65.9343,,0.011144,-0.026416,0.205591,-0.065505
94,65,65.3149,,-0.009394,0.012427,0.199584,-0.074284
94,66,65.2665,,-0.000741,0.059448,0.192852,-0.074970
94,67,63.0423,,-0.034079,-0.026479,0.190002,-0.106494
94,68,59.8751,,-0.050239,-0.119938,0.186929,-0.151383
94,69,60.8789,,0.016765,-0.127776,0.185269,-0.137156
94,70,56.4471,,-0.072797,-0.135489,0.188087,-0.199968
94,71,56.5552,,0.001915,-0.086759,0.182957,-0.198436
94,72,52.8811,,-0.064965,-0.071460,0.176691,-0.250510
95,2,55.6315,,-0.104984,,,0.000000
95,3,41.6244,,-0.251784,,,-0.251784
95,4,49.8182,,0.196851,,,-0.104497
95,5,53.3036,,0.069962,,,-0.041846
95,6,54.7130,,0.026441,,,-0.016511
95,7,54.6954,,-0.000322,,,-0.016828
95,8,61.2754,,0.120303,,,0.000000
95,9,58.2411,,-0.049519,,,-0.049519
95,10,57.5483,,-0.011895,,,-0.060825
95,11,68.2337,,0.185677,,,0.000000
95,12,71.8715,,0.053314,,,0.000000
95,13,70.9593,,-0.012692,0.141614,0.429660,-0.012692
95,14,76.8167,,0.082546,0.380813,0.411428,0.000000
95,15,81.1617,,0.056563,0.949859,0.268400,0.000000
95,16,81.4046,,0.002993,0.634034,0.227242,0.000000
95,17,86.0825,,0.057465,0.614949,0.226001,0.000000
95,18,87.0482,,0.011218,0.590998,0.227693,0.000000
95,19,91.2541,,0.048317,0.668407,0.223142,0.000000
95,20,95.4238,,0.045693,0.557294,0.207747,0.000000
95,21,85.6177,,-0.102764,0.470056,0.237263,-0.102764
95,22,88.1717,,0.029830,0.532133,0.231932,-0.075999
95,23,79.8371,,-0.094527,0.170053,0.205265,-0.163342
95,24,84.9485,,0.064023,0.181949,0.207720,-0.109777
95,25,84.0165,,-0.010971,0.184009,0.207470,-0.119544
95,26,84.9028,,0.010549,0.105264,0.194302,-0.110256
95,27,90.0614,,0.060759,0.109654,0.195444,-0.056196
95,28,82.8326,,-0.080265,0.017542,0.215504,-0.131950
95,29,81.4364,,-0.016856,-0.053973,0.207795,-0.146582
95,30,73.5149,,-0.097272,-0.155469,0.227164,-0.229596
95,31,83.2473,,0.132387,-0.087742,0.264058,-0.127604
95,32,75.5483,,-0.092483,-0.208286,0.271204,-0.208286
95,33,68.0742,,-0.098931,-0.204904,0.269897,-0.286611
95,34,80.5138,,0.182736,-0.086850,0.334011,-0.156249
95,35,89.0394,,0.105890,0.115266,0.334491,-0.066905
95,36,89.8208,,0.008776,0.057358,0.329882,-0.058716
95,37,84.3601,,-0.060795,0.004092,0.336812,-0.115941
95,38,77.3379,,-0.083241,-0.089099,0.347864,-0.189531
95,39,81.9705,,0.059901,-0.089836,0.347693,-0.140983
95,40,78.3207,,-0.044526,-0.054469,0.340837,-0.179232
95,41,73.0717,,-0.067019,-0.102712,0.347118,-0.234239
95,42,85.5672,,0.171003,0.163946,0.371737,-0.103291
95,43,86.4760,,0.010621,0.038786,0.350107,-0.093767
95,44,93.0078,,0.075533,0.231105,0.337777,-0.025317
95,45,91.9151,,-0.011748,0.350221,0.314254,-0.036767
95,46,84.6814,,-0.078700,0.051763,0.281729,-0.112574
95,47,84.6148,,-0.000786,-0.049691,0.260322,-0.113271
95,48,93.1921,,0.101369,0.037535,0.280120,-0.023385
95,49,87.8302,,-0.057536,0.041135,0.279290,-0.079575
95,50,102.3074,,0.164832,0.322864,0.301847,0.000000
95,51,109.1374,,0.066760,0.331425,0.302742,0.000000
95,52,103.7104,,-0.049726,0.324179,0.304133,-0.049726
95,53,107.9250,,0.040638,0.476976,0.286341,-0.011109
95,54,106.4874,,-0.013320,0.244491,0.248358,-0.024281
95,55,113.2057,,0.063090,0.309102,0.251566,0.000000
95,56,101.8764,,-0.100077,0.095356,0.273451,-0.100077
95,57,106.2587,,0.043016,0.156055,0.274096,-0.061366
95,58,105.1899,,-0.010058,0.242187,0.256540,-0.070807
95,59,128.8278,,0.224716,0.522523,0.325731,0.000000
95,60,120.8993,,-0.061543,0.297315,0.332628,-0.061543
95,61,126.7721,,0.048576,0.443380,0.320288,-0.015957
95,62,118.6360,,-0.064179,0.159605,0.300049,-0.079111
95,63,107.4114,,-0.094614,-0.015814,0.313175,-0.166240
95,64,102.9735,,-0.041317,-0.007105,0.311764,-0.200689
95,65,116.9534,,0.135762,0.083655,0.337750,-0.092173
95,66,131.1959,,0.121779,0.232032,0.353845,0.000000
95,67,143.1809,,0.091352,0.264785,0.358515,0.000000
95,68,129.8872,,-0.092845,0.274949,0.355837,-0.092845
95,69,129.5895,,-0.002292,0.219566,0.356226,-0.094924
95,70,137.8778,,0.063958,0.310751,0.356812,-0.037037
95,71,131.7628,,-0.044351,0.022782,0.289662,-0.079746
95,72,131.6797,,-0.000631,0.089168,0.280655,-0.080326
96,2,99.6122,,-0.059372,,,0.000000
96,3,91.9406,,-0.077015,,,-0.077015
96,4,102.3193,,0.112885,,,0.000000
96,5,105.3635,,0.029752,,,0.000000
96,6,106.1025,,0.007014,,,0.000000
96,7,102.3479,,-0.035387,,,-0.035387
96,8,110.8842,,0.083405,,,0.000000
96,9,109.9442,,-0.008477,,,-0.008477
96,10,109.7932,,-0.001373,,,-0.009838
96,11,118.5583,,0.079833,,,0.000000
96,12,121.0100,,0.020679,,,0.000000
96,13,121.6123,,0.004977,0.148373,0.198695,0.000000
96,14,121.1969,,-0.003416,0.216687,0.183755,-0.003416
96,15,134.4948,,0.109721,0.462844,0.173294,0.000000
96,16,137.6080,,0.023147,0.344887,0.150006,0.000000
96,17,141.7263,,0.029928,0.345117,0.150011,0.000000
96,18,139.6683,,-0.014521,0.316352,0.154440,-0.014521
96,19,139.1831,,-0.003474,0.359902,0.143986,-0.017945
96,20,136.9330,,-0.016166,0.234919,0.135381,-0.033820
96,21,124.2896,,-0.092333,0.130478,0.174006,-0.123031
96,22,126.5994,,0.018584,0.153070,0.173550,-0.106733
96,23,120.4778,,-0.048354,0.016189,0.166979,-0.149926
96,24,126.8797,,0.053138,0.048505,0.173868,-0.104755
96,25,118.5868,,-0.065360,-0.024878,0.187608,-0.163268
96,26,106.1795,,-0.104626,-0.123908,0.214539,-0.250812
96,27,107.3717,,0.011228,-0.201666,0.173706,-0.242400
96,28,104.0110,,-0.031300,-0.244149,0.168290,-0.266113
96,29,107.6674,,0.035154,-0.240314,0.170118,-0.240314
96,30,94.2732,,-0.124403,-0.325020,0.198345,-0.334821
96,31,104.3482,,0.106870,-0.250280,0.240959,-0.263734
96,32,90.5871,,-0.131877,-0.338456,0.264788,-0.360830
96,33,81.3237,,-0.102260,-0.345692,0.267465,-0.426192
96,34,92.5765,,0.138370,-0.268745,0.314784,-0.346794
96,35,92.7090,,0.001431,-0.230489,0.314165,-0.345859
96,36,89.2899,,-0.036880,-0.296264,0.304746,-0.369984
96,37,85.6861,,-0.040361,-0.277441,0.302176,-0.395412
96,38,80.2209,,-0.063782,-0.244480,0.292787,-0.433974
96,39,79.2989,,-0.011493,-0.261456,0.291035,-0.440479
96,40,80.1363,,0.010560,-0.229541,0.292537,-0.434571
96,41,70.3965,,-0.121540,-0.346168,0.303121,-0.503293
96,42,76.6594,,0.088966,-0.186839,0.306687,-0.459103
96,43,85.3984,,0.113998,-0.181603,0.309806,-0.397442
96,44,81.6991,,-0.043318,-0.098116,0.284315,-0.423543
96,45,72.7764,,-0.109214,-0.105102,0.286969,-0.486500
96,46,70.7008,,-0.028520,-0.236298,0.239993,-0.501145
96,47,77.0130,,0.089280,-0.169304,0.263485,-0.456608
96,48,86.3182,,0.120826,-0.033282,0.293211,-0.390952
96,49,74.4980,,-0.136938,-0.130571,0.322334,-0.474354
96,50,72.7372,,-0.023636,-0.093289,0.317159,-0.486778
96,51,85.1431,,0.170558,0.073698,0.361740,-0.399244
96,52,92.6532,,0.088206,0.156195,0.369898,-0.346253
96,53,96.1382,,0.037613,0.365666,0.337508,-0.321664
96,54,98.7876,,0.027558,0.288655,0.331466,-0.302970
96,55,123.3033,,0.248166,0.443858,0.392131,-0.129991
96,56,130.2055,,0.055977,0.593717,0.382476,-0.081291
96,57,132.8610,,0.020395,0.825603,0.345659,-0.062554
96,58,124.8621,,-0.060205,0.766060,0.355405,-0.118993
96,59,129.7800,,0.039387,0.685168,0.353368,-0.084292
96,60,126.1320,,-0.028109,0.461244,0.351721,-0.110032
96,61,148.7124,,0.179022,0.996193,0.322367,0.000000
96,62,151.5655,,0.019185,1.083741,0.312519,0.000000
96,63,144.2026,,-0.048579,0.693650,0.309722,-0.048579
96,64,136.3965,,-0.054133,0.472118,0.322132,-0.100082
96,65,145.6657,,0.067958,0.515170,0.323687,-0.038926
96,66,150.2174,,0.031248,0.520611,0.323567,-0.008894
96,67,147.2375,,-0.019837,0.194109,0.233083,-0.028555
96,68,153.4637,,0.042287,0.178629,0.230969,0.000000
96,69,153.8258,,0.002360,0.157797,0.231274,0.000000
96,70,165.0470,,0.072947,0.321836,0.222704,0.000000
96,71,170.5486,,0.033334,0.314138,0.222369,0.000000
96,72,159.3848,,-0.065458,0.263637,0.234851,-0.065458
97,2,69.0980,,-0.125871,,,0.000000
97,3,72.0422,,0.042609,,,0.000000
97,4,72.9985,,0.013274,,,0.000000
97,5,76.8928,,0.053348,,,0.000000
97,6,86.6374,,0.126730,,,0.000000
97,7,111.2462,,0.284044,,,0.000000
97,8,127.5014,,0.146119,,,0.000000
97,9,130.6742,,0.024884,,,0.000000
97,10,123.2084,,-0.057133,,,-0.057133
97,11,134.1561,,0.088855,,,0.000000
97,12,132.8675,,-0.009605,,,-0.009605
97,13,122.2949,,-0.079573,0.547099,0.384468,-0.088414
97,14,124.5278,,0.018258,0.802190,0.340152,-0.071770
97,15,134.9712,,0.083864,0.873501,0.341103,0.000000
97,16,161.8638,,0.199247,1.217357,0.364539,0.000000
97,17,170.3913,,0.052683,1.215957,0.364579,0.000000
97,18,165.9182,,-0.026252,0.915085,0.372093,-0.026252
97,19,152.6667,,-0.079868,0.372329,0.305538,-0.104023
97,20,156.0733,,0.022314,0.224089,0.278116,-0.084030
97,21,146.0468,,-0.064242,0.117639,0.290352,-0.142874
97,22,171.2060,,0.172268,0.389563,0.319590,0.000000
97,23,159.0955,,-0.070736,0.185898,0.328077,-0.070736
97,24,172.7530,,0.085845,0.300189,0.333100,0.000000
97,25,162.9765,,-0.056592,0.332652,0.325857,-0.056592
97,26,169.5936,,0.040602,0.361895,0.325889,-0.018288
97,27,174.1057,,0.026605,0.289948,0.320537,0.000000
97,28,146.1137,,-0.160776,-0.097304,0.309211,-0.160776
97,29,147.9565,,0.012612,-0.131666,0.303624,-0.150192
97,30,149.4636,,0.010186,-0.099172,0.303445,-0.141536
97,31,159.5758,,0.067657,0.045258,0.299654,-0.083454
97,32,159.2647,,-0.001950,0.020449,0.299296,-0.085242
97,33,133.2597,,-0.163282,-0.087555,0.338195,-0.234605
97,34,138.3991,,0.038567,-0.191622,0.284757,-0.205086
97,35,156.5146,,0.130893,-0.016222,0.311289,-0.101038
97,36,144.7479,,-0.075180,-0.162111,0.305875,-0.168622
97,37,154.2317,,0.065519,-0.053658,0.310313,-0.114151
97,38,151.9503,,-0.014792,-0.104035,0.307196,-0.127254
97,39,162.9484,,0.072380,-0.064085,0.315680,-0.064085
97,40,151.0375,,-0.073096,0.033697,0.277262,-0.132496
97,41,140.2773,,-0.071242,-0.051903,0.287504,-0.194299
97,42,152.0137,,0.083666,0.017061,0.299804,-0.126889
97,43,158.6964,,0.043961,-0.005512,0.295298,-0.088506
97,44,143.6604,,-0.094747,-0.097978,0.311135,-0.174868
97,45,133.3841,,-0.071532,0.000933,0.271097,-0.233891
97,46,120.8732,,-0.093796,-0.126634,0.284084,-0.305749
97,47,129.7387,,0.073345,-0.171077,0.257983,-0.254829
97,48,136.1237,,0.049214,-0.059581,0.255230,-0.218156
97,49,122.8515,,-0.097501,-0.203462,0.259791,-0.294387
97,50,128.3578,,0.044821,-0.155265,0.266881,-0.262761
97,51,130.1212,,0.013738,-0.201458,0.252922,-0.252632
97,52,129.1144,,-0.007737,-0.145150,0.245180,-0.258415
97,53,121.6291,,-0.057974,-0.132938,0.241940,-0.301407
97,54,121.1418,,-0.004006,-0.203086,0.219981,-0.304206
97,55,115.4056,,-0.047351,-0.272790,0.211221,-0.337153
97,56,113.7945,,-0.013960,-0.207892,0.196855,-0.346406
97,57,122.2270,,0.074103,-0.083645,0.207039,-0.297973
97,58,120.1830,,-0.016723,-0.005709,0.184318,-0.309713
97,59,121.6712,,0.012383,-0.062181,0.167465,-0.301165
97,60,114.4383,,-0.059446,-0.159305,0.164854,-0.342708
97,61,103.6660,,-0.094132,-0.156166,0.163001,-0.404580
97,62,108.0221,,0.042021,-0.158428,0.161937,-0.379560
97,63,101.2468,,-0.062721,-0.221902,0.166031,-0.418474
97,64,87.7245,,-0.133558,-0.320566,0.200332,-0.496142
97,65,89.7865,,0.023505,-0.261800,0.204496,-0.484299
97,66,94.4449,,0.051883,-0.220376,0.217481,-0.457543
97,67,80.6160,,-0.146423,-0.301454,0.251622,-0.536971
97,68,81.8136,,0.014856,-0.281040,0.254870,-0.530092
97,69,79.6312,,-0.026675,-0.348497,0.231149,-0.542627
97,70,91.9195,,0.154315,-0.235170,0.297872,-0.472047
97,71,91.3189,,-0.006534,-0.249461,0.296318,-0.475497
97,72,96.2041,,0.053496,-0.159336,0.301495,-0.447438
98,2,58.3048,,-0.078612,,,0.000000
98,3,57.2607,,-0.017908,,,-0.017908
98,4,60.6346,,0.058922,,,0.000000
98,5,62.7914,,0.035570,,,0.000000
98,6,63.5988,,0.012858,,,0.000000
98,7,67.0192,,0.053781,,,0.000000
98,8,69.2137,,0.032744,,,0.000000
98,9,67.3711,,-0.026622,,,-0.026622
98,10,68.8906,,0.022554,,,-0.004668
98,11,75.1976,,0.091551,,,0.000000
98,12,75.0834,,-0.001519,,,-0.001519
98,13,68.4891,,-0.087826,0.082328,0.186613,-0.089212
98,14,66.3991,,-0.030516,0.138825,0.167491,-0.117005
98,15,69.6042,,0.048270,0.215565,0.167688,-0.074383
98,16,71.2554,,0.023723,0.175159,0.161789,-0.052425
98,17,74.3914,,0.044011,0.184738,0.163199,-0.010721
98,18,72.2338,,-0.029003,0.135773,0.169130,-0.039413
98,19,70.5911,,-0.022741,0.053297,0.165666,-0.061258
98,20,69.5877,,-0.014214,0.005405,0.163851,-0.074601
98,21,67.4719,,-0.030405,0.001497,0.164601,-0.102738
98,22,68.0165,,0.008072,-0.012687,0.163178,-0.095495
98,23,67.3775,,-0.009395,-0.103993,0.129006,-0.103993
98,24,76.6461,,0.137562,0.020814,0.195174,0.000000
98,25,74.0505,,-0.033865,0.081202,0.174059,-0.033865
98,26,69.4863,,-0.061636,0.046496,0.183996,-0.093414
98,27,68.4749,,-0.014555,-0.016223,0.178535,-0.106609
98,28,69.5766,,0.016089,-0.023559,0.177579,-0.092235
98,29,71.5832,,0.028840,-0.037748,0.174012,-0.066055
98,30,72.7913,,0.016877,0.007719,0.172315,-0.050293
98,31,71.5196,,-0.017470,0.013154,0.171578,-0.066885
98,32,71.4715,,-0.000673,0.027071,0.170700,-0.067513
98,33,64.1973,,-0.101778,-0.048533,0.198694,-0.162419
98,34,67.4780,,0.051103,-0.007918,0.205763,-0.119616
98,35,71.2713,,0.056215,0.057790,0.212523,-0.070126
98,36,72.4763,,0.016907,-0.054404,0.158725,-0.054404
98,37,68.5577,,-0.054067,-0.074177,0.164113,-0.105530
98,38,67.8503,,-0.010318,-0.023545,0.152525,-0.114759
98,39,69.5628,,0.025239,0.015886,0.153872,-0.092416
98,40,73.8671,,0.061876,0.061664,0.164790,-0.036259
98,41,69.2900,,-0.061964,-0.032037,0.175751,-0.095976
98,42,71.7680,,0.035763,-0.014059,0.178893,-0.063645
98,43,71.0413,,-0.010126,-0.006690,0.178257,-0.073127
98,44,68.8749,,-0.030495,-0.036332,0.180978,-0.101392
98,45,66.6625,,-0.032122,0.038399,0.149704,-0.130257
98,46,70.4217,,0.056392,0.043624,0.151600,-0.081210
98,47,74.3309,,0.055511,0.042929,0.151340,-0.030207
98,48,75.2179,,0.011933,0.037827,0.150972,-0.018635
98,49,79.4549,,0.056330,0.158949,0.144918,0.000000
98,50,82.1319,,0.033692,0.210486,0.143815,0.000000
98,51,85.4828,,0.040799,0.228858,0.145638,0.000000
98,52,87.2580,,0.020767,0.181284,0.137756,0.000000
98,53,88.7570,,0.017179,0.280950,0.109550,0.000000
98,54,92.6526,,0.043891,0.291002,0.111012,0.000000
98,55,94.7054,,0.022156,0.333105,0.105378,0.000000
98,56,102.2036,,0.079174,0.483904,0.099661,0.000000
98,57,99.6221,,-0.025258,0.494427,0.094826,-0.025258
98,58,89.9296,,-0.097293,0.277016,0.158841,-0.120094
98,59,93.1953,,0.036314,0.253791,0.155491,-0.088141
98,60,87.6786,,-0.059195,0.165663,0.174598,-0.142118
98,61,83.6183,,-0.046309,0.052400,0.177624,-0.181846
98,62,88.4279,,0.057519,0.076659,0.183259,-0.134786
98,63,90.8818,,0.027750,0.063160,0.181123,-0.110777
98,64,89.4172,,-0.016115,0.024746,0.181684,-0.125107
98,65,90.6488,,0.013774,0.021316,0.181432,-0.113056
98,66,88.6591,,-0.021950,-0.043101,0.177154,-0.132524
98,67,81.7829,,-0.077558,-0.136449,0.189664,-0.199804
98,68,82.4892,,0.008636,-0.192893,0.164641,-0.192893
98,69,78.4369,,-0.049125,-0.212656,0.167706,-0.232543
98,70,75.6012,,-0.036153,-0.159329,0.146184,-0.260288
98,71,79.4072,,0.050343,-0.147949,0.151962,-0.223049
98,72,78.0540,,-0.017041,-0.109771,0.143396,-0.236289
99,2,29.0040,,-0.086554,,,0.000000
99,3,19.7608,,-0.318687,,,-0.318687
99,4,21.4553,,0.085751,,,-0.260264
99,5,24.9109,,0.161060,,,-0.141122
99,6,24.3526,,-0.022412,,,-0.160371
99,7,23.9579,,-0.016208,,,-0.173980
99,8,28.5204,,0.190438,,,-0.016674
99,9,28.4819,,-0.001350,,,-0.018002
99,10,33.2370,,0.166952,,,0.000000
99,11,42.1983,,0.269618,,,0.000000
99,12,40.0807,,-0.050182,,,-0.050182
99,13,48.7822,,0.217100,0.536337,0.572119,0.000000
99,14,49.4078,,0.012824,0.703482,0.554679,0.000000
99,15,55.3083,,0.119424,1.798888,0.373671,0.000000
99,16,55.0773,,-0.004177,1.567068,0.386546,-0.004177
99,17,57.0890,,0.036525,1.291725,0.380503,0.000000
99,18,56.9543,,-0.002359,1.338734,0.375307,-0.002359
99,19,54.7115,,-0.039379,1.283651,0.382316,-0.041645
99,20,47.1747,,-0.137755,0.654069,0.414894,-0.173663
99,21,50.7362,,0.075496,0.781349,0.411839,-0.111278
99,22,52.3918,,0.032632,0.576310,0.393629,-0.082277
99,23,55.7029,,0.063199,0.320028,0.309851,-0.024278
99,24,56.4345,,0.013134,0.408023,0.298935,-0.011463
99,25,50.7554,,-0.100632,0.040449,0.249303,-0.110942
99,26,44.9705,,-0.113976,-0.089809,0.276173,-0.212273
99,27,42.1021,,-0.063784,-0.238774,0.245300,-0.262517
99,28,36.4904,,-0.133288,-0.337469,0.268997,-0.360815
99,29,37.2315,,0.020309,-0.347834,0.265026,-0.347834
99,30,30.5707,,-0.178902,-0.463241,0.299853,-0.464508
99,31,34.9022,,0.141688,-0.362068,0.354504,-0.388635
99,32,36.7791,,0.053776,-0.220364,0.343642,-0.355758
99,33,30.9588,,-0.158250,-0.389808,0.355155,-0.457709
99,34,37.8665,,0.223126,-0.277243,0.436662,-0.336710
99,35,39.1303,,0.033375,-0.297518,0.431491,-0.314573
99,36,32.4542,,-0.170612,-0.424923,0.453741,-0.431515
99,37,38.0184,,0.171448,-0.250948,0.492231,-0.334049
99,38,37.4576,,-0.014751,-0.167063,0.480230,-0.343873
99,39,35.4657,,-0.053177,-0.157626,0.478961,-0.378764
99,40,32.0207,,-0.097136,-0.122489,0.469709,-0.439108
99,41,31.4101,,-0.019069,-0.156356,0.469280,-0.449804
99,42,37.3704,,0.189757,0.222426,0.465644,-0.345400
99,43,37.2898,,-0.002157,0.068409,0.448217,-0.346812
99,44,32.5666,,-0.126662,-0.114535,0.466277,-0.429546
99,45,32.1284,,-0.013456,0.037779,0.434766,-0.437222
99,46,27.4802,,-0.144676,-0.274288,0.391557,-0.518643
99,47,30.7934,,0.120567,-0.213055,0.413746,-0.460607
99,48,35.1031,,0.139955,0.081619,0.401324,-0.385116
99,49,37.9176,,0.080178,-0.002653,0.371147,-0.335816
99,50,40.0480,,0.056185,0.069154,0.373809,-0.298499
99,51,44.4499,,0.109916,0.253319,0.378875,-0.221392
99,52,43.6462,,-0.018081,0.363060,0.358921,-0.235470
99,53,44.0971,,0.010331,0.403913,0.355632,-0.227572
99,54,45.5379,,0.032673,0.218554,0.312397,-0.202334
99,55,43.5549,,-0.043546,0.168010,0.318342,-0.237070
99,56,48.9207,,0.123196,0.502173,0.292373,-0.143080
99,57,44.0660,,-0.099236,0.371559,0.320043,-0.228117
99,58,50.0084,,0.134852,0.819797,0.271391,-0.124027
99,59,54.7669,,0.095154,0.778527,0.265712,-0.040675
99,60,52.4812,,-0.041735,0.495059,0.262045,-0.080712
99,61,48.8374,,-0.069431,0.287987,0.277208,-0.144539
99,62,48.5116,,-0.006671,0.211336,0.276419,-0.150246
99,63,46.4380,,-0.042744,0.044727,0.263467,-0.186568
99,64,44.7844,,-0.035609,0.026077,0.265804,-0.215533
99,65,49.1104,,0.096596,0.113687,0.281318,-0.139757
99,66,48.7144,,-0.008063,0.069755,0.280995,-0.146693
99,67,52.9710,,0.087379,0.216189,0.284981,-0.072132
99,68,58.1847,,0.098426,0.189369,0.276084,0.000000
99,69,60.5482,,0.040621,0.374036,0.245334,0.000000
99,70,68.7895,,0.136111,0.375560,0.245929,0.000000
99,71,73.2002,,0.064119,0.336579,0.238697,0.000000
99,72,80.9663,,0.106094,0.542769,0.238316,0.000000
100,2,87.0272,,-0.075628,,,0.000000
100,3,39.3846,,-0.547445,,,-0.547445
100,4,47.9349,,0.217098,,,-0.449196
100,5,41.4235,,-0.135838,,,-0.524016
100,6,49.0907,,0.185093,,,-0.435915
100,7,44.7617,,-0.088184,,,-0.485658
100,8,49.6934,,0.110177,,,-0.428990
100,9,47.3717,,-0.046720,,,-0.455667
100,10,46.0021,,-0.028912,,,-0.471405
100,11,61.6018,,0.339108,,,-0.292154
100,12,63.6236,,0.032820,,,-0.268923
100,13,70.4244,,0.106891,-0.251977,0.778319,-0.190777
100,14,85.5733,,0.215109,-0.016706,0.799197,-0.016706
100,15,86.2175,,0.007528,1.189118,0.497587,-0.009304
100,16,92.2573,,0.070053,0.924637,0.473292,0.000000
100,17,98.4666,,0.067304,1.377069,0.420396,0.000000
100,18,99.9916,,0.015487,1.036872,0.408565,0.000000
100,19,96.9569,,-0.030350,1.166065,0.388232,-0.030350
100,20,104.1515,,0.074204,1.095878,0.385987,0.000000
100,21,100.6810,,-0.033322,1.125335,0.381832,-0.033322
100,22,114.8278,,0.140511,1.496137,0.371568,0.000000
100,23,119.7317,,0.042707,0.943636,0.246570,0.000000
100,24,125.1606,,0.045342,0.967201,0.245430,0.000000
100,25,116.5347,,-0.068919,0.654746,0.270565,-0.068919
100,26,108.9029,,-0.065490,0.272624,0.219285,-0.129895
100,27,104.1529,,-0.043617,0.208022,0.228750,-0.167847
100,28,94.6059,,-0.091663,0.025455,0.245053,-0.244124
100,29,91.9200,,-0.028390,-0.066487,0.236779,-0.265584
100,30,76.1016,,-0.172089,-0.238921,0.288838,-0.391969
100,31,88.4406,,0.162139,-0.087836,0.340324,-0.293383
100,32,83.0189,,-0.061303,-0.202903,0.333606,-0.336701
100,33,73.0628,,-0.119926,-0.274314,0.349784,-0.416248
100,34,90.2438,,0.235154,-0.214094,0.405964,-0.278976
100,35,98.9055,,0.095981,-0.173941,0.417393,-0.209771
100,36,97.2825,,-0.016410,-0.222739,0.413104,-0.222739
100,37,108.0078,,0.110249,-0.073171,0.426029,-0.137047
100,38,102.6520,,-0.049587,-0.057398,0.423636,-0.179838
100,39,94.1432,,-0.082890,-0.096105,0.429993,-0.247821
100,40,96.7029,,0.027189,0.022165,0.419113,-0.227370
100,41,89.7309,,-0.072097,-0.023816,0.425522,-0.283075
100,42,98.5462,,0.098242,0.294929,0.387136,-0.212642
100,43,108.1034,,0.096982,0.222327,0.367343,-0.136283
100,44,98.4643,,-0.089166,0.186045,0.375192,-0.213297
100,45,93.7271,,-0.048111,0.282828,0.352256,-0.251146
100,46,96.9320,,0.034194,0.074111,0.269309,-0.225540
100,47,110.1633,,0.136501,0.113823,0.286154,-0.119825
100,48,125.8202,,0.142124,0.293348,0.311703,0.000000
100,49,124.0547,,-0.014032,0.148571,0.299284,-0.014032
100,50,132.5840,,0.068754,0.291585,0.294810,0.000000
100,51,140.0572,,0.056366,0.487703,0.271263,0.000000
100,52,127.4041,,-0.090342,0.317480,0.299603,-0.090342
100,53,137.1772,,0.076709,0.528761,0.282588,-0.020563
100,54,137.6215,,0.003239,0.396516,0.276777,-0.017391
100,55,140.9413,,0.024123,0.303763,0.267285,0.000000
100,56,153.7183,,0.090655,0.561158,0.242845,0.000000
100,57,155.2522,,0.009979,0.656429,0.226227,0.000000
100,58,157.3044,,0.013218,0.622833,0.228269,0.000000
100,59,170.7728,,0.085620,0.550179,0.210541,0.000000
100,60,160.1785,,-0.062037,0.273076,0.200037,-0.062037
100,61,163.5818,,0.021247,0.318628,0.196207,-0.042108
100,62,175.0888,,0.070344,0.320589,0.196601,0.000000
100,63,156.2618,,-0.107528,0.115701,0.232962,-0.107528
100,64,149.9161,,-0.040609,0.176699,0.213820,-0.143770
100,65,155.3363,,0.036155,0.132379,0.204792,-0.112813
100,66,153.1358,,-0.014166,0.112734,0.206342,-0.125381
100,67,158.0699,,0.032220,0.121531,0.207079,-0.097201
100,68,174.3508,,0.102998,0.134224,0.212537,-0.004215
100,69,181.1159,,0.038802,0.166592,0.214144,0.000000
100,70,171.6434,,-0.052301,0.091156,0.224412,-0.052301
100,71,181.9561,,0.060082,0.065487,0.216232,0.000000
100,72,180.7744,,-0.006494,0.128582,0.203625,-0.006494
101,2,81.9040,,-0.071859,,,0.000000
101,3,76.0297,,-0.071722,,,-0.071722
101,4,80.1096,,0.053662,,,-0.021909
101,5,90.5851,,0.130765,,,0.000000
101,6,90.3228,,-0.002896,,,-0.002896
101,7,89.9175,,-0.004487,,,-0.007370
101,8,103.0721,,0.146296,,,0.000000
101,9,115.9026,,0.124481,,,0.000000
101,10,110.8617,,-0.043493,,,-0.043493
101,11,124.3594,,0.121753,,,0.000000
101,12,130.6096,,0.050259,,,0.000000
101,13,123.5827,,-0.053801,0.400446,0.290545,-0.053801
101,14,124.6836,,0.008908,0.522313,0.269652,-0.045372
101,15,123.1851,,-0.012018,0.620223,0.248884,-0.056845
101,16,122.9348,,-0.002032,0.534582,0.252556,-0.058761
101,17,126.4944,,0.028955,0.396414,0.231704,-0.031508
101,18,143.4967,,0.134411,0.588708,0.250274,0.000000
101,19,155.5901,,0.084277,0.730364,0.248174,0.000000
101,20,153.0172,,-0.016536,0.484565,0.231383,-0.016536
101,21,135.1181,,-0.116974,0.165791,0.254805,-0.131576
101,22,155.6422,,0.151897,0.403932,0.279348,0.000000
101,23,157.4564,,0.011656,0.266140,0.261723,0.000000
101,24,155.0654,,-0.015185,0.187244,0.262309,-0.015185
101,25,138.0081,,-0.110001,0.116727,0.283975,-0.123516
101,26,127.2709,,-0.077801,0.020751,0.297990,-0.191707
101,27,125.4161,,-0.014574,0.018111,0.298160,-0.203487
101,28,116.4913,,-0.071162,-0.052415,0.307758,-0.260169
101,29,111.0264,,-0.046913,-0.122283,0.309073,-0.294876
101,30,95.4724,,-0.140093,-0.334672,0.293326,-0.393659
101,31,107.6211,,0.127248,-0.308305,0.314025,-0.316503
101,32,99.6890,,-0.073704,-0.348512,0.317226,-0.366880
101,33,77.8408,,-0.219164,-0.423907,0.360800,-0.505637
101,34,87.0429,,0.118217,-0.440751,0.342379,-0.447195
101,35,103.0183,,0.183535,-0.345736,0.408804,-0.345736
101,36,109.8931,,0.066734,-0.291313,0.419733,-0.302074
101,37,119.9525,,0.091538,-0.130832,0.421742,-0.238187
101,38,111.9073,,-0.067070,-0.120718,0.419844,-0.289282
101,39,115.5342,,0.032410,-0.078794,0.421154,-0.266248
101,40,119.7182,,0.036214,0.027699,0.414967,-0.239676
101,57,84.9867,,0.060969,-0.062309,0.305779,-0.460253
101,58,74.4826,,-0.123597,-0.237935,0.314772,-0.526964
101,59,76.0663,,0.021263,-0.274665,0.302406,-0.516906
101,60,73.0727,,-0.039355,-0.292301,0.302727,-0.535918
101,61,74.6396,,0.021443,-0.229595,0.303049,-0.525967
101,62,77.0952,,0.032899,-0.222626,0.304566,-0.510372
101,63,61.6140,,-0.200806,-0.312951,0.349081,-0.608692
101,64,55.0192,,-0.107034,-0.377275,0.358004,-0.650575
101,65,59.1066,,0.074290,-0.350650,0.369086,-0.624617
101,66,69.3008,,0.172471,-0.039860,0.365292,-0.559874
101,67,73.3457,,0.058367,0.019122,0.369529,-0.534185
101,68,75.9774,,0.035881,-0.051503,0.353072,-0.517471
101,69,68.4749,,-0.098746,-0.194287,0.359333,-0.565119
101,70,63.7571,,-0.068898,-0.144000,0.344793,-0.595081
101,71,63.7965,,0.000618,-0.161304,0.343485,-0.594831
101,72,62.8884,,-0.014234,-0.139372,0.342051,-0.600598
102,2,270.7425,,-0.079165,,,0.000000
102,3,235.5494,,-0.129987,,,-0.129987
102,4,267.0212,,0.133610,,,-0.013745
102,5,279.7436,,0.047646,,,0.000000
102,6,283.4573,,0.013275,,,0.000000
102,7,301.4715,,0.063552,,,0.000000
102,8,322.5132,,0.069797,,,0.000000
102,9,309.1994,,-0.041281,,,-0.041281
102,10,302.6968,,-0.021030,,,-0.061443
102,11,335.6233,,0.108777,,,0.000000
102,12,346.5803,,0.032647,,,0.000000
102,13,344.5108,,-0.005971,0.171734,0.265024,-0.005971
102,14,354.0901,,0.027806,0.307851,0.243870,0.000000
102,15,368.9570,,0.041986,0.566371,0.175870,0.000000
102,16,389.7511,,0.056359,0.459629,0.144883,0.000000
102,17,392.3103,,0.006566,0.402394,0.146109,0.000000
102,18,399.8008,,0.019093,0.410446,0.145524,0.000000
102,19,410.9008,,0.027764,0.362986,0.140809,0.000000
102,20,423.1291,,0.029760,0.311976,0.132969,0.000000
102,21,402.1208,,-0.049650,0.300523,0.137602,-0.049650
102,22,431.7136,,0.073592,0.426225,0.137224,0.000000
102,23,428.2449,,-0.008035,0.275969,0.112176,-0.008035
102,24,446.4816,,0.042585,0.288249,0.113732,0.000000
102,25,424.4195,,-0.049413,0.231949,0.132123,-0.049413
102,26,411.8920,,-0.029517,0.163240,0.139789,-0.077471
102,27,426.0515,,0.034377,0.154746,0.138292,-0.045758
102,28,389.8648,,-0.084935,0.000292,0.160180,-0.126806
102,29,390.7448,,0.002257,-0.003990,0.160075,-0.124835
102,30,356.9818,,-0.086407,-0.107101,0.180306,-0.200456
102,31,391.5394,,0.096805,-0.047119,0.206603,-0.123056
102,32,375.5638,,-0.040802,-0.112413,0.206677,-0.158837
102,33,339.4500,,-0.096159,-0.155851,0.221536,-0.239722
102,34,368.5467,,0.085717,-0.146317,0.226921,-0.174554
102,35,389.0349,,0.055592,-0.091560,0.236582,-0.128665
102,36,364.9397,,-0.061936,-0.182632,0.236338,-0.182632
102,37,389.6709,,0.067768,-0.081874,0.246313,-0.127241
102,38,379.8736,,-0.025142,-0.077735,0.245872,-0.149184
102,39,392.4606,,0.033135,-0.078842,0.245661,-0.120992
102,40,400.2519,,0.019852,0.026643,0.230092,-0.103542
102,41,402.0996,,0.004616,0.029059,0.230082,-0.099404
102,42,426.5710,,0.060859,0.194937,0.213170,-0.044595
102,43,442.1704,,0.036569,0.129312,0.196319,-0.009657
102,44,434.9843,,-0.016252,0.158216,0.190613,-0.025752
102,45,412.8947,,-0.050783,0.216363,0.165874,-0.075227
102,46,405.3561,,-0.018258,0.099876,0.151160,-0.092111
102,47,442.3828,,0.091344,0.137128,0.166658,-0.009181
102,48,460.7120,,0.041433,0.262433,0.147739,0.000000
102,49,469.9473,,0.020046,0.206010,0.138475,0.000000
102,50,494.4723,,0.052187,0.301675,0.134676,0.000000
102,51,509.0609,,0.029503,0.297099,0.134423,0.000000
102,52,490.0536,,-0.037338,0.224362,0.147249,-0.037338
102,53,514.8404,,0.050580,0.280380,0.149900,0.000000
102,54,531.2900,,0.031951,0.245490,0.144337,0.000000
102,55,539.4582,,0.015374,0.220023,0.143114,0.000000
102,56,552.0629,,0.023365,0.269155,0.138330,0.000000
102,57,561.9352,,0.017883,0.360966,0.114579,0.000000
102,58,558.6290,,-0.005884,0.378119,0.109876,-0.005884
102,59,591.9420,,0.059633,0.338076,0.093079,0.000000
102,60,575.7620,,-0.027334,0.249721,0.104457,-0.027334
102,61,593.2147,,0.030312,0.262299,0.105054,0.000000
102,62,585.6839,,-0.012695,0.184460,0.103404,-0.012695
102,63,551.3914,,-0.058551,0.083153,0.124841,-0.070503
102,64,548.2550,,-0.005688,0.118764,0.116216,-0.075790
102,65,582.7101,,0.062845,0.131825,0.121429,-0.017708
102,66,610.8475,,0.048287,0.149742,0.125542,0.000000
102,67,626.7637,,0.026056,0.161838,0.126280,0.000000
102,68,639.6246,,0.020520,0.158608,0.126062,0.000000
102,69,660.5768,,0.032757,0.175538,0.127566,0.000000
102,70,678.1984,,0.026676,0.214040,0.126124,0.000000
102,71,679.5208,,0.001950,0.147952,0.117714,0.000000
102,72,678.0591,,-0.002151,0.177673,0.111015,-0.002151
